id,question_1,question_2,actual_label,topic,cleaned_question_1,cleaned_question_2
1,How do I count rows in an SQL table?,How does ARP work?,0,DBMS vs Computer Networks,how do i count rows in an sql table,how does arp work
2,What is the best way to detect a cycle in a linked list?,What is a method for finding a loop in a linked list using a simple approach?,1,DSA,what is the best way to detect a cycle in a linked list,what is a method for finding a loop in a linked list using a simple approach
3,What is the difference between BFS and DFS using a simple approach?,How are breadth-first search and depth-first search different step by step?,1,DSA,what is the difference between bfs and dfs using a simple approach,how are breadth first search and depth first search different step by step
4,How can I convert a string to an integer in Java?,How can I implement binary search?,0,Java vs DSA,how can i convert a string to an integer in java,how can i implement binary search
5,How can I reverse a linked list?,What is the difference between == and equals in Java?,0,DSA vs Java,how can i reverse a linked list,what is the difference between and equals in java
6,How can I add an event listener in JavaScript?,How can I update records in SQL?,0,Web Development vs DBMS,how can i add an event listener in javascript,how can i update records in sql
7,How can I find the maximum value in an integer array using a simple approach?,How do I get the largest element from an int array in Java in a program?,1,Java,how can i find the maximum value in an integer array using a simple approach,how do i get the largest element from an int array in java in a program
8,What is the time complexity of merge sort step by step?,How much time complexity does merge sort have efficiently?,1,DSA,what is the time complexity of merge sort step by step,how much time complexity does merge sort have efficiently
9,What is a simple way to what is the difference between tcp and udp?,How do TCP and UDP differ in networking?,1,Computer Networks,what is a simple way to what is the difference between tcp and udp,how do tcp and udp differ in networking
10,How do I find the middle node of a linked list?,What is a way to locate the middle element in a linked list?,1,DSA,how do i find the middle node of a linked list,what is a way to locate the middle element in a linked list
11,How can I sort a list in Python?,What is a foreign key?,0,Python vs DBMS,how can i sort a list in python,what is a foreign key
12,What is a firewall?,What is the role of a firewall in a network?,1,Computer Networks,what is a firewall,what is the role of a firewall in a network
13,What is the difference between process and thread?,How can I implement a queue using two stacks?,0,Operating Systems vs DSA,what is the difference between process and thread,how can i implement a queue using two stacks
14,What is DNS?,What is the time complexity of binary search?,0,Computer Networks vs DSA,what is dns,what is the time complexity of binary search
15,What is normalization in DBMS?,How can I read a CSV file in Python?,0,DBMS vs Python,what is normalization in dbms,how can i read a csv file in python
16,What is a simple way to implement a stack using an array?,How do I create a stack using an array data structure efficiently?,1,DSA,what is a simple way to implement a stack using an array,how do i create a stack using an array data structure efficiently
17,What method can I use to convert a string to an integer in java?,How do I convert a String value into an int in Java in a program?,1,Java,what method can i use to convert a string to an integer in java,how do i convert a string value into an int in java in a program
18,What is the difference between == and equals in Java in a program?,How does == differ from equals() when comparing objects in Java efficiently?,1,Java,what is the difference between and equals in java in a program,how does differ from equals when comparing objects in java efficiently
19,Can you explain how to count occurrences of an item in a python list?,What is the way to count how many times a value appears in a Python list step by step?,1,Python,can you explain how to count occurrences of an item in a python list,what is the way to count how many times a value appears in a python list step by step
20,How can I implement a queue using two stacks efficiently?,What is the approach for building a queue from two stacks?,1,DSA,how can i implement a queue using two stacks efficiently,what is the approach for building a queue from two stacks
21,How can I what is a mac address?,Can you explain what a MAC address represents in a program?,1,Computer Networks,how can i what is a mac address,can you explain what a mac address represents in a program
22,What is a MAC address efficiently?,Can you explain what a MAC address represents efficiently?,1,Computer Networks,what is a mac address efficiently,can you explain what a mac address represents efficiently
23,What is virtual memory in a program?,Can you explain the concept of virtual memory in an operating system using a simple approach?,1,Operating Systems,what is virtual memory in a program,can you explain the concept of virtual memory in an operating system using a simple approach
24,How do I create a virtual environment in Python?,What is the procedure for creating a Python virtual environment?,1,Python,how do i create a virtual environment in python,what is the procedure for creating a python virtual environment
25,How do I handle exceptions in Python?,What is the correct way to handle errors with exceptions in Python?,1,Python,how do i handle exceptions in python,what is the correct way to handle errors with exceptions in python
26,How do I find the largest number in a Python list?,What is the DOM in JavaScript?,0,Python vs Web Development,how do i find the largest number in a python list,what is the dom in javascript
27,How can I what is a list comprehension in python?,Can you explain list comprehensions in Python in a program?,1,Python,how can i what is a list comprehension in python,can you explain list comprehensions in python in a program
28,What is the difference between HTML and CSS step by step?,How are HTML and CSS different in web development?,1,Web Development,what is the difference between html and css step by step,how are html and css different in web development
29,What is an IP address?,How does the fork system call work?,0,Computer Networks vs Operating Systems,what is an ip address,how does the fork system call work
30,What is the best way to add an event listener in javascript?,What is the method for attaching an event listener using JavaScript in a program?,1,Web Development,what is the best way to add an event listener in javascript,what is the method for attaching an event listener using javascript in a program
31,How do I iterate through a HashMap in Java?,How do I check if a key exists in a Python dictionary?,0,Java vs Python,how do i iterate through a hashmap in java,how do i check if a key exists in a python dictionary
32,How can I change text color using CSS?,What CSS property is used to change the color of text?,1,Web Development,how can i change text color using css,what css property is used to change the color of text
33,What is context switching?,How do I find the largest number in a Python list?,0,Operating Systems vs Python,what is context switching,how do i find the largest number in a python list
34,How can I implement a min heap step by step?,What is the approach for implementing a minimum heap step by step?,1,DSA,how can i implement a min heap step by step,what is the approach for implementing a minimum heap step by step
35,How can I find the maximum value in an integer array?,What is the DOM in JavaScript?,0,Java vs Web Development,how can i find the maximum value in an integer array,what is the dom in javascript
36,How can I find the length of an array in Java efficiently?,How do I get the number of elements in a Java array in a program?,1,Java,how can i find the length of an array in java efficiently,how do i get the number of elements in a java array in a program
37,How do I check if a key exists in a Python dictionary?,How can I test whether a dictionary contains a specific key in Python?,1,Python,how do i check if a key exists in a python dictionary,how can i test whether a dictionary contains a specific key in python
38,What method can I use to what is dns?,What is the purpose of the Domain Name System using a simple approach?,1,Computer Networks,what method can i use to what is dns,what is the purpose of the domain name system using a simple approach
39,How can I reverse a list in Python?,What is the easiest way to reverse a list using Python in a program?,1,Python,how can i reverse a list in python,what is the easiest way to reverse a list using python in a program
40,How do I create a virtual environment in Python?,What is an index in a database?,0,Python vs DBMS,how do i create a virtual environment in python,what is an index in a database
41,How can I load an external CSS file?,What is the difference between BFS and DFS?,0,Web Development vs DSA,how can i load an external css file,what is the difference between bfs and dfs
42,How can I implement binary search?,What is the method for implementing binary search in a program?,1,DSA,how can i implement binary search,what is the method for implementing binary search in a program
43,What is the difference between DELETE and TRUNCATE?,How can I check if a string contains a substring in Python?,0,DBMS vs Python,what is the difference between delete and truncate,how can i check if a string contains a substring in python
44,Can you explain how to implement a min heap?,What is the approach for implementing a minimum heap in a program?,1,DSA,can you explain how to implement a min heap,what is the approach for implementing a minimum heap in a program
45,How do I find the middle node of a linked list using a simple approach?,What is a way to locate the middle element in a linked list efficiently?,1,DSA,how do i find the middle node of a linked list using a simple approach,what is a way to locate the middle element in a linked list efficiently
46,How can I check whether a string contains a word in Java efficiently?,How do I test if a Java String contains a particular word efficiently?,1,Java,how can i check whether a string contains a word in java efficiently,how do i test if a java string contains a particular word efficiently
47,What is a simple way to detect a cycle in a linked list?,What is a method for finding a loop in a linked list?,1,DSA,what is a simple way to detect a cycle in a linked list,what is a method for finding a loop in a linked list
48,How can I change a font size with css?,What CSS property controls the size of text using a simple approach?,1,Web Development,how can i change a font size with css,what css property controls the size of text using a simple approach
49,How can I change an element's background color with CSS?,How does DHCP work?,0,Web Development vs Computer Networks,how can i change an element s background color with css,how does dhcp work
50,How do I create a virtual environment in Python?,What are ACID properties?,0,Python vs DBMS,how do i create a virtual environment in python,what are acid properties
51,How can I remove duplicate elements from an ArrayList efficiently?,How do I eliminate duplicate values from an ArrayList in Java efficiently?,1,Java,how can i remove duplicate elements from an arraylist efficiently,how do i eliminate duplicate values from an arraylist in java efficiently
52,What is context switching?,How can I sort a list in Python?,0,Operating Systems vs Python,what is context switching,how can i sort a list in python
53,What method can I use to create a button in html?,What HTML code is used to create a button step by step?,1,Web Development,what method can i use to create a button in html,what html code is used to create a button step by step
54,How can I add an event listener in JavaScript using a simple approach?,What is the method for attaching an event listener using JavaScript?,1,Web Development,how can i add an event listener in javascript using a simple approach,what is the method for attaching an event listener using javascript
55,How can I convert a string to lowercase in Python in a program?,How do I change a Python string to lowercase step by step?,1,Python,how can i convert a string to lowercase in python in a program,how do i change a python string to lowercase step by step
56,What is the best way to what is a system call?,Can you explain what a system call is in an operating system?,1,Operating Systems,what is the best way to what is a system call,can you explain what a system call is in an operating system
57,How do I create a virtual environment in Python?,How do I sort an array in Java?,0,Python vs Java,how do i create a virtual environment in python,how do i sort an array in java
58,What is DNS using a simple approach?,What is the purpose of the Domain Name System efficiently?,1,Computer Networks,what is dns using a simple approach,what is the purpose of the domain name system efficiently
59,How can I convert a string to an integer in Java?,How do I convert a String value into an int in Java?,1,Java,how can i convert a string to an integer in java,how do i convert a string value into an int in java
60,What is the difference between process and thread?,How does a process differ from a thread in an operating system using a simple approach?,1,Operating Systems,what is the difference between process and thread,how does a process differ from a thread in an operating system using a simple approach
61,How do I find the length of a list in Python?,What is deadlock in operating systems?,0,Python vs Operating Systems,how do i find the length of a list in python,what is deadlock in operating systems
62,What is a router?,How do I check if a key exists in a Python dictionary?,0,Computer Networks vs Python,what is a router,how do i check if a key exists in a python dictionary
63,How do I create a thread in Java?,What is a race condition?,0,Java vs Operating Systems,how do i create a thread in java,what is a race condition
64,How can I validate an html form using javascript?,What is a way to validate form inputs with JavaScript efficiently?,1,Web Development,how can i validate an html form using javascript,what is a way to validate form inputs with javascript efficiently
65,What is an IP address?,How do I find duplicate rows using SQL?,0,Computer Networks vs DBMS,what is an ip address,how do i find duplicate rows using sql
66,What is a network topology?,What is CPU scheduling?,0,Computer Networks vs Operating Systems,what is a network topology,what is cpu scheduling
67,How do I what is packet switching?,Can you explain packet switching in computer networks step by step?,1,Computer Networks,how do i what is packet switching,can you explain packet switching in computer networks step by step
68,What is the DOM in JavaScript?,How do I count rows in an SQL table?,0,Web Development vs DBMS,what is the dom in javascript,how do i count rows in an sql table
69,How do I add JavaScript to an HTML page?,How can I merge two dictionaries in Python?,0,Web Development vs Python,how do i add javascript to an html page,how can i merge two dictionaries in python
70,What is a simple way to what is a subnet mask?,What is the purpose of a subnet mask in networking?,1,Computer Networks,what is a simple way to what is a subnet mask,what is the purpose of a subnet mask in networking
71,What method can I use to change a font size with css?,What CSS property controls the size of text step by step?,1,Web Development,what method can i use to change a font size with css,what css property controls the size of text step by step
72,How do I what is the time complexity of binary search?,How much time does binary search take in terms of complexity step by step?,1,DSA,how do i what is the time complexity of binary search,how much time does binary search take in terms of complexity step by step
73,How can I detect duplicate elements in an array in a program?,What is a method for finding repeated values in an array using a simple approach?,1,DSA,how can i detect duplicate elements in an array in a program,what is a method for finding repeated values in an array using a simple approach
74,How do I iterate through a HashMap in Java in a program?,What is the correct way to loop over a HashMap in Java using a simple approach?,1,Java,how do i iterate through a hashmap in java in a program,what is the correct way to loop over a hashmap in java using a simple approach
75,What method can I use to what is a composite key?,Can you explain the meaning of a composite key in DBMS?,1,DBMS,what method can i use to what is a composite key,can you explain the meaning of a composite key in dbms
76,What is the difference between TCP and UDP?,How can I update records in SQL?,0,Computer Networks vs DBMS,what is the difference between tcp and udp,how can i update records in sql
77,How can I reverse a linked list?,How can I add an event listener in JavaScript?,0,DSA vs Web Development,how can i reverse a linked list,how can i add an event listener in javascript
78,What is the difference between IPv4 and IPv6?,How do I create a dropdown menu in HTML?,0,Computer Networks vs Web Development,what is the difference between ipv4 and ipv6,how do i create a dropdown menu in html
79,How do I make a website responsive?,What is a race condition?,0,Web Development vs Operating Systems,how do i make a website responsive,what is a race condition
80,What is a firewall?,What is a system call?,0,Computer Networks vs Operating Systems,what is a firewall,what is a system call
81,How can I what is the difference between delete and truncate?,How are SQL DELETE and TRUNCATE different efficiently?,1,DBMS,how can i what is the difference between delete and truncate,how are sql delete and truncate different efficiently
82,How can I reverse a linked list?,What is the procedure to reverse a linked list?,1,DSA,how can i reverse a linked list,what is the procedure to reverse a linked list
83,How do I remove duplicates from a Python list in a program?,What is a simple way to eliminate duplicate values from a list in Python in a program?,1,Python,how do i remove duplicates from a python list in a program,what is a simple way to eliminate duplicate values from a list in python in a program
84,What method can I use to add an event listener in javascript?,What is the method for attaching an event listener using JavaScript using a simple approach?,1,Web Development,what method can i use to add an event listener in javascript,what is the method for attaching an event listener using javascript using a simple approach
85,How do I sort an array in Java in a program?,What is the easiest way to sort an array using Java using a simple approach?,1,Java,how do i sort an array in java in a program,what is the easiest way to sort an array using java using a simple approach
86,How do I make a website responsive?,How can I reverse a list in Python?,0,Web Development vs Python,how do i make a website responsive,how can i reverse a list in python
87,How can I what is deadlock in operating systems?,Can you explain the concept of deadlock in OS in a program?,1,Operating Systems,how can i what is deadlock in operating systems,can you explain the concept of deadlock in os in a program
88,What is the difference between WHERE and HAVING?,What is a subnet mask?,0,DBMS vs Computer Networks,what is the difference between where and having,what is a subnet mask
89,How does ARP work in a program?,Can you explain the working of the Address Resolution Protocol?,1,Computer Networks,how does arp work in a program,can you explain the working of the address resolution protocol
90,How can I validate an HTML form using JavaScript?,How do I remove an item from a Python list?,0,Web Development vs Python,how can i validate an html form using javascript,how do i remove an item from a python list
91,How do I detect a cycle in a linked list?,How do I find the length of a list in Python?,0,DSA vs Python,how do i detect a cycle in a linked list,how do i find the length of a list in python
92,How can I remove a table from a database?,How do I detect a cycle in a linked list?,0,DBMS vs DSA,how can i remove a table from a database,how do i detect a cycle in a linked list
93,How can I find the height of a binary tree?,How can I update records in SQL?,0,DSA vs DBMS,how can i find the height of a binary tree,how can i update records in sql
94,How do I count rows in an SQL table?,What SQL query can I use to count records in a table?,1,DBMS,how do i count rows in an sql table,what sql query can i use to count records in a table
95,Can you explain how to select an element by id in javascript?,What is the JavaScript method for selecting an element using its ID using a simple approach?,1,Web Development,can you explain how to select an element by id in javascript,what is the javascript method for selecting an element using its id using a simple approach
96,How can I update records in SQL?,How does round robin scheduling work?,0,DBMS vs Operating Systems,how can i update records in sql,how does round robin scheduling work
97,How do I count rows in an SQL table?,How can I implement a queue using two stacks?,0,DBMS vs DSA,how do i count rows in an sql table,how can i implement a queue using two stacks
98,How do I split a string in Java?,How do I make a website responsive?,0,Java vs Web Development,how do i split a string in java,how do i make a website responsive
99,What is the DOM in JavaScript?,Can you explain the Document Object Model in JavaScript?,1,Web Development,what is the dom in javascript,can you explain the document object model in javascript
100,What method can I use to what is virtual memory?,Can you explain the concept of virtual memory in an operating system efficiently?,1,Operating Systems,what method can i use to what is virtual memory,can you explain the concept of virtual memory in an operating system efficiently
101,How do I how does round robin scheduling work?,What is the working principle of round robin CPU scheduling in a program?,1,Operating Systems,how do i how does round robin scheduling work,what is the working principle of round robin cpu scheduling in a program
102,What is a simple way to find the length of an array in java?,How do I get the number of elements in a Java array step by step?,1,Java,what is a simple way to find the length of an array in java,how do i get the number of elements in a java array step by step
103,How do I sort an array in Java?,How do I find the length of a list in Python?,0,Java vs Python,how do i sort an array in java,how do i find the length of a list in python
104,What is a simple way to what is normalization in dbms?,What does database normalization mean?,1,DBMS,what is a simple way to what is normalization in dbms,what does database normalization mean
105,How can I implement binary search efficiently?,What is the method for implementing binary search step by step?,1,DSA,how can i implement binary search efficiently,what is the method for implementing binary search step by step
106,What is the difference between == and equals in Java?,What is demand paging?,0,Java vs Operating Systems,what is the difference between and equals in java,what is demand paging
107,What is a simple way to what is paging in operating systems?,Can you explain how paging works in OS memory management in a program?,1,Operating Systems,what is a simple way to what is paging in operating systems,can you explain how paging works in os memory management in a program
108,How do I remove duplicates from a Python list?,What is virtual memory?,0,Python vs Operating Systems,how do i remove duplicates from a python list,what is virtual memory
109,What is the best way to center a div using css?,What is the best way to horizontally and vertically center a div in CSS in a program?,1,Web Development,what is the best way to center a div using css,what is the best way to horizontally and vertically center a div in css in a program
110,What is the difference between BFS and DFS efficiently?,How are breadth-first search and depth-first search different in a program?,1,DSA,what is the difference between bfs and dfs efficiently,how are breadth first search and depth first search different in a program
111,What is deadlock in operating systems efficiently?,Can you explain the concept of deadlock in OS step by step?,1,Operating Systems,what is deadlock in operating systems efficiently,can you explain the concept of deadlock in os step by step
112,How can I validate an HTML form using JavaScript?,What is a list comprehension in Python?,0,Web Development vs Python,how can i validate an html form using javascript,what is a list comprehension in python
113,Can you explain how to create a button in html?,What HTML code is used to create a button?,1,Web Development,can you explain how to create a button in html,what html code is used to create a button
114,How do I detect a cycle in a linked list?,What is a method for finding a loop in a linked list?,1,DSA,how do i detect a cycle in a linked list,what is a method for finding a loop in a linked list
115,What method can I use to add an event listener in javascript?,What is the method for attaching an event listener using JavaScript using a simple approach?,1,Web Development,what method can i use to add an event listener in javascript,what is the method for attaching an event listener using javascript using a simple approach
116,How can I detect duplicate elements in an array?,How can I check whether a string contains a word in Java?,0,DSA vs Java,how can i detect duplicate elements in an array,how can i check whether a string contains a word in java
117,What is the difference between == and equals in Java step by step?,How does == differ from equals() when comparing objects in Java step by step?,1,Java,what is the difference between and equals in java step by step,how does differ from equals when comparing objects in java step by step
118,What is the best way to implement binary search?,What is the method for implementing binary search using a simple approach?,1,DSA,what is the best way to implement binary search,what is the method for implementing binary search using a simple approach
119,How do I add JavaScript to an HTML page step by step?,What is the correct way to include JavaScript in an HTML document efficiently?,1,Web Development,how do i add javascript to an html page step by step,what is the correct way to include javascript in an html document efficiently
120,What is deadlock in operating systems?,What is DNS?,0,Operating Systems vs Computer Networks,what is deadlock in operating systems,what is dns
121,What is a semaphore in OS?,What is a primary key in DBMS?,0,Operating Systems vs DBMS,what is a semaphore in os,what is a primary key in dbms
122,What is a race condition?,How do I check if a key exists in a Python dictionary?,0,Operating Systems vs Python,what is a race condition,how do i check if a key exists in a python dictionary
123,How can I sort a list in Python?,How do I perform an inorder traversal of a binary tree?,0,Python vs DSA,how can i sort a list in python,how do i perform an inorder traversal of a binary tree
124,Can you explain how to reverse a list in python?,What is the easiest way to reverse a list using Python?,1,Python,can you explain how to reverse a list in python,what is the easiest way to reverse a list using python
125,What is latency in networking?,What is the difference between WHERE and HAVING?,0,Computer Networks vs DBMS,what is latency in networking,what is the difference between where and having
126,What is an IP address?,Can you explain what an IP address is in computer networking efficiently?,1,Computer Networks,what is an ip address,can you explain what an ip address is in computer networking efficiently
127,What is packet switching?,How do I perform an inorder traversal of a binary tree?,0,Computer Networks vs DSA,what is packet switching,how do i perform an inorder traversal of a binary tree
128,How can I read a CSV file in Python?,What is a router?,0,Python vs Computer Networks,how can i read a csv file in python,what is a router
129,What is the difference between WHERE and HAVING?,How can I reverse a linked list?,0,DBMS vs DSA,what is the difference between where and having,how can i reverse a linked list
130,How can I change an element's background color with css?,What CSS property changes the background color of an element using a simple approach?,1,Web Development,how can i change an element s background color with css,what css property changes the background color of an element using a simple approach
131,How can I find the maximum value in an integer array efficiently?,How do I get the largest element from an int array in Java step by step?,1,Java,how can i find the maximum value in an integer array efficiently,how do i get the largest element from an int array in java step by step
132,How can I join two tables in SQL?,How can I add an event listener in JavaScript?,0,DBMS vs Web Development,how can i join two tables in sql,how can i add an event listener in javascript
133,How can I add an event listener in JavaScript?,What is an IP address?,0,Web Development vs Computer Networks,how can i add an event listener in javascript,what is an ip address
134,What is demand paging?,What is a subnet mask?,0,Operating Systems vs Computer Networks,what is demand paging,what is a subnet mask
135,What is the best way to what is a process in an operating system?,Can you explain what a process means in an operating system step by step?,1,Operating Systems,what is the best way to what is a process in an operating system,can you explain what a process means in an operating system step by step
136,What is a simple way to what is the time complexity of merge sort?,How much time complexity does merge sort have in a program?,1,DSA,what is a simple way to what is the time complexity of merge sort,how much time complexity does merge sort have in a program
137,How do I add JavaScript to an HTML page?,What is a composite key?,0,Web Development vs DBMS,how do i add javascript to an html page,what is a composite key
138,How can I find the height of a binary tree?,How can I count occurrences of an item in a Python list?,0,DSA vs Python,how can i find the height of a binary tree,how can i count occurrences of an item in a python list
139,How do I find the middle node of a linked list efficiently?,What is a way to locate the middle element in a linked list in a program?,1,DSA,how do i find the middle node of a linked list efficiently,what is a way to locate the middle element in a linked list in a program
140,How does the fork system call work?,How do I handle exceptions in Python?,0,Operating Systems vs Python,how does the fork system call work,how do i handle exceptions in python
141,What is an IP address?,How do I iterate through a HashMap in Java?,0,Computer Networks vs Java,what is an ip address,how do i iterate through a hashmap in java
142,What is method overloading in Java?,How can I implement a queue using two stacks?,0,Java vs DSA,what is method overloading in java,how can i implement a queue using two stacks
143,How do I remove an item from a Python list?,How can I create a button in HTML?,0,Python vs Web Development,how do i remove an item from a python list,how can i create a button in html
144,What is a composite key step by step?,Can you explain the meaning of a composite key in DBMS step by step?,1,DBMS,what is a composite key step by step,can you explain the meaning of a composite key in dbms step by step
145,How do I add javascript to an html page?,What is the correct way to include JavaScript in an HTML document efficiently?,1,Web Development,how do i add javascript to an html page,what is the correct way to include javascript in an html document efficiently
146,How do I find the middle node of a linked list?,What is a way to locate the middle element in a linked list in a program?,1,DSA,how do i find the middle node of a linked list,what is a way to locate the middle element in a linked list in a program
147,How do I create a thread in Java?,What are the ways to create a thread using Java?,1,Java,how do i create a thread in java,what are the ways to create a thread using java
148,What is the difference between WHERE and HAVING?,How does the SQL WHERE clause differ from HAVING?,1,DBMS,what is the difference between where and having,how does the sql where clause differ from having
149,Can you explain how to remove duplicates from a python list?,What is a simple way to eliminate duplicate values from a list in Python in a program?,1,Python,can you explain how to remove duplicates from a python list,what is a simple way to eliminate duplicate values from a list in python in a program
150,How can I check if a string contains a substring in Python?,What is the difference between HTML and CSS?,0,Python vs Web Development,how can i check if a string contains a substring in python,what is the difference between html and css
151,How can I reverse a string in Java in a program?,What is the best way to reverse a String using Java using a simple approach?,1,Java,how can i reverse a string in java in a program,what is the best way to reverse a string using java using a simple approach
152,What is a list comprehension in Python?,How can I find the maximum value in an integer array?,0,Python vs Java,what is a list comprehension in python,how can i find the maximum value in an integer array
153,How does round robin scheduling work?,What is a firewall?,0,Operating Systems vs Computer Networks,how does round robin scheduling work,what is a firewall
154,How can I find the length of a list in python?,How can I get the number of items in a Python list using a simple approach?,1,Python,how can i find the length of a list in python,how can i get the number of items in a python list using a simple approach
155,What is a race condition step by step?,Can you explain race conditions in operating systems step by step?,1,Operating Systems,what is a race condition step by step,can you explain race conditions in operating systems step by step
156,How do I find duplicate rows using SQL?,How can I reverse a linked list?,0,DBMS vs DSA,how do i find duplicate rows using sql,how can i reverse a linked list
157,What are ACID properties?,How can I add an event listener in JavaScript?,0,DBMS vs Web Development,what are acid properties,how can i add an event listener in javascript
158,What is a process in an operating system?,How can I create a button in HTML?,0,Operating Systems vs Web Development,what is a process in an operating system,how can i create a button in html
159,How can I perform an inorder traversal of a binary tree?,What is the procedure for inorder traversal in a binary tree?,1,DSA,how can i perform an inorder traversal of a binary tree,what is the procedure for inorder traversal in a binary tree
160,How can I load an external CSS file?,How do I sort an array in Java?,0,Web Development vs Java,how can i load an external css file,how do i sort an array in java
161,What is the difference between BFS and DFS?,How can I merge two dictionaries in Python?,0,DSA vs Python,what is the difference between bfs and dfs,how can i merge two dictionaries in python
162,What are ACID properties?,What do the ACID properties of database transactions mean?,1,DBMS,what are acid properties,what do the acid properties of database transactions mean
163,How does DHCP work?,What is deadlock in operating systems?,0,Computer Networks vs Operating Systems,how does dhcp work,what is deadlock in operating systems
164,What is the difference between DELETE and TRUNCATE?,How are SQL DELETE and TRUNCATE different?,1,DBMS,what is the difference between delete and truncate,how are sql delete and truncate different
165,What method can I use to find the middle node of a linked list?,What is a way to locate the middle element in a linked list efficiently?,1,DSA,what method can i use to find the middle node of a linked list,what is a way to locate the middle element in a linked list efficiently
166,What is a race condition?,How does DHCP work?,0,Operating Systems vs Computer Networks,what is a race condition,how does dhcp work
167,How do I detect a cycle in a linked list?,How can I add an event listener in JavaScript?,0,DSA vs Web Development,how do i detect a cycle in a linked list,how can i add an event listener in javascript
168,How does ARP work?,How do I make a website responsive?,0,Computer Networks vs Web Development,how does arp work,how do i make a website responsive
169,How can I implement binary search?,What is a transaction in DBMS?,0,DSA vs DBMS,how can i implement binary search,what is a transaction in dbms
170,How do I iterate through a HashMap in Java?,How can I join two tables in SQL?,0,Java vs DBMS,how do i iterate through a hashmap in java,how can i join two tables in sql
171,How can I find the shortest path in a graph?,What is a process in an operating system?,0,DSA vs Operating Systems,how can i find the shortest path in a graph,what is a process in an operating system
172,How do I find the length of a list in Python?,How can I remove duplicate elements from an ArrayList?,0,Python vs Java,how do i find the length of a list in python,how can i remove duplicate elements from an arraylist
173,What is an IP address?,How can I count occurrences of an item in a Python list?,0,Computer Networks vs Python,what is an ip address,how can i count occurrences of an item in a python list
174,What is a composite key?,Can you explain the meaning of a composite key in DBMS?,1,DBMS,what is a composite key,can you explain the meaning of a composite key in dbms
175,What is a critical section?,How do I iterate through a HashMap in Java?,0,Operating Systems vs Java,what is a critical section,how do i iterate through a hashmap in java
176,How do I read a file line by line in Java?,How can I validate an HTML form using JavaScript?,0,Java vs Web Development,how do i read a file line by line in java,how can i validate an html form using javascript
177,How can I find the length of an array in Java?,How do I find the length of a list in Python?,0,Java vs Python,how can i find the length of an array in java,how do i find the length of a list in python
178,What is demand paging?,How does demand paging work in virtual memory?,1,Operating Systems,what is demand paging,how does demand paging work in virtual memory
179,How do I select an element by ID in JavaScript?,How does round robin scheduling work?,0,Web Development vs Operating Systems,how do i select an element by id in javascript,how does round robin scheduling work
180,How can I find the length of an array in Java?,What is a composite key?,0,Java vs DBMS,how can i find the length of an array in java,what is a composite key
181,What is a critical section?,How can I find the shortest path in a graph?,0,Operating Systems vs DSA,what is a critical section,how can i find the shortest path in a graph
182,What is the difference between TCP and UDP step by step?,How do TCP and UDP differ in networking?,1,Computer Networks,what is the difference between tcp and udp step by step,how do tcp and udp differ in networking
183,How can I change text color using CSS?,What is a firewall?,0,Web Development vs Computer Networks,how can i change text color using css,what is a firewall
184,What is context switching?,What happens during a context switch in an operating system?,1,Operating Systems,what is context switching,what happens during a context switch in an operating system
185,How do I count rows in an SQL table?,How can I remove duplicate elements from an ArrayList?,0,DBMS vs Java,how do i count rows in an sql table,how can i remove duplicate elements from an arraylist
186,What is a transaction in DBMS?,What is paging in operating systems?,0,DBMS vs Operating Systems,what is a transaction in dbms,what is paging in operating systems
187,What is a process in an operating system?,Can you explain what a process means in an operating system?,1,Operating Systems,what is a process in an operating system,can you explain what a process means in an operating system
188,What method can I use to what is the time complexity of merge sort?,How much time complexity does merge sort have in a program?,1,DSA,what method can i use to what is the time complexity of merge sort,how much time complexity does merge sort have in a program
189,How can I convert a string to lowercase in Python?,How do I add JavaScript to an HTML page?,0,Python vs Web Development,how can i convert a string to lowercase in python,how do i add javascript to an html page
190,How do I find the largest number in a Python list?,How do I select an element by ID in JavaScript?,0,Python vs Web Development,how do i find the largest number in a python list,how do i select an element by id in javascript
191,How do I select an element by ID in JavaScript?,How can I find the maximum value in an integer array?,0,Web Development vs Java,how do i select an element by id in javascript,how can i find the maximum value in an integer array
192,How does round robin scheduling work?,What is packet switching?,0,Operating Systems vs Computer Networks,how does round robin scheduling work,what is packet switching
193,How can I find the shortest path in a graph?,What is an index in a database?,0,DSA vs DBMS,how can i find the shortest path in a graph,what is an index in a database
194,How can I count occurrences of an item in a Python list?,How does the fork system call work?,0,Python vs Operating Systems,how can i count occurrences of an item in a python list,how does the fork system call work
195,What is a race condition?,What is an IP address?,0,Operating Systems vs Computer Networks,what is a race condition,what is an ip address
196,How can I load an external css file?,What is the correct way to link an external stylesheet to HTML?,1,Web Development,how can i load an external css file,what is the correct way to link an external stylesheet to html
197,How do I make a website responsive?,What is dynamic programming in algorithms?,0,Web Development vs DSA,how do i make a website responsive,what is dynamic programming in algorithms
198,Can you explain how to change text color using css?,What CSS property is used to change the color of text?,1,Web Development,can you explain how to change text color using css,what css property is used to change the color of text
199,What method can I use to how does arp work?,Can you explain the working of the Address Resolution Protocol?,1,Computer Networks,what method can i use to how does arp work,can you explain the working of the address resolution protocol
200,How does ARP work?,How can I count occurrences of an item in a Python list?,0,Computer Networks vs Python,how does arp work,how can i count occurrences of an item in a python list
201,What is a firewall?,How can I merge two dictionaries in Python?,0,Computer Networks vs Python,what is a firewall,how can i merge two dictionaries in python
202,What is a system call using a simple approach?,Can you explain what a system call is in an operating system?,1,Operating Systems,what is a system call using a simple approach,can you explain what a system call is in an operating system
203,What is the difference between HTML and CSS?,How do I perform an inorder traversal of a binary tree?,0,Web Development vs DSA,what is the difference between html and css,how do i perform an inorder traversal of a binary tree
204,How do I remove duplicates from a Python list?,What is deadlock in operating systems?,0,Python vs Operating Systems,how do i remove duplicates from a python list,what is deadlock in operating systems
205,How do I create a virtual environment in Python?,What is a router?,0,Python vs Computer Networks,how do i create a virtual environment in python,what is a router
206,What is latency in networking?,What is normalization in DBMS?,0,Computer Networks vs DBMS,what is latency in networking,what is normalization in dbms
207,How do I what is a composite key?,Can you explain the meaning of a composite key in DBMS efficiently?,1,DBMS,how do i what is a composite key,can you explain the meaning of a composite key in dbms efficiently
208,How does the fork system call work?,How do I handle exceptions in Python?,0,Operating Systems vs Python,how does the fork system call work,how do i handle exceptions in python
209,What method can I use to check whether a string contains a word in java?,How do I test if a Java String contains a particular word efficiently?,1,Java,what method can i use to check whether a string contains a word in java,how do i test if a java string contains a particular word efficiently
210,How can I handle exceptions in Java?,How does HTTP work?,0,Java vs Computer Networks,how can i handle exceptions in java,how does http work
211,What is the difference between == and equals in Java efficiently?,How does == differ from equals() when comparing objects in Java?,1,Java,what is the difference between and equals in java efficiently,how does differ from equals when comparing objects in java
212,What is a critical section?,What does the critical section mean in process synchronization?,1,Operating Systems,what is a critical section,what does the critical section mean in process synchronization
213,How can I what is dns?,What is the purpose of the Domain Name System step by step?,1,Computer Networks,how can i what is dns,what is the purpose of the domain name system step by step
214,What is the best way to find the maximum value in an integer array?,How do I get the largest element from an int array in Java efficiently?,1,Java,what is the best way to find the maximum value in an integer array,how do i get the largest element from an int array in java efficiently
215,How can I detect duplicate elements in an array efficiently?,What is a method for finding repeated values in an array efficiently?,1,DSA,how can i detect duplicate elements in an array efficiently,what is a method for finding repeated values in an array efficiently
216,How can I find duplicate rows using sql?,What SQL query can be used to identify duplicate records?,1,DBMS,how can i find duplicate rows using sql,what sql query can be used to identify duplicate records
217,What is the best way to how does arp work?,Can you explain the working of the Address Resolution Protocol step by step?,1,Computer Networks,what is the best way to how does arp work,can you explain the working of the address resolution protocol step by step
218,Can you explain how to what is the difference between html and css?,How are HTML and CSS different in web development step by step?,1,Web Development,can you explain how to what is the difference between html and css,how are html and css different in web development step by step
219,What method can I use to count occurrences of an item in a python list?,What is the way to count how many times a value appears in a Python list in a program?,1,Python,what method can i use to count occurrences of an item in a python list,what is the way to count how many times a value appears in a python list in a program
220,How can I add an event listener in JavaScript?,How do I split a string in Java?,0,Web Development vs Java,how can i add an event listener in javascript,how do i split a string in java
221,How do I create a thread in Java?,How can I add an event listener in JavaScript?,0,Java vs Web Development,how do i create a thread in java,how can i add an event listener in javascript
222,What is an IP address?,How do I check if a key exists in a Python dictionary?,0,Computer Networks vs Python,what is an ip address,how do i check if a key exists in a python dictionary
223,What is a simple way to how does round robin scheduling work?,What is the working principle of round robin CPU scheduling step by step?,1,Operating Systems,what is a simple way to how does round robin scheduling work,what is the working principle of round robin cpu scheduling step by step
224,How can I create a dropdown menu in html?,What HTML element can be used to create a dropdown list step by step?,1,Web Development,how can i create a dropdown menu in html,what html element can be used to create a dropdown list step by step
225,How do I create a thread in Java?,What is a router?,0,Java vs Computer Networks,how do i create a thread in java,what is a router
226,What is an IP address?,How can I merge two dictionaries in Python?,0,Computer Networks vs Python,what is an ip address,how can i merge two dictionaries in python
227,What is a firewall in a program?,What is the role of a firewall in a network using a simple approach?,1,Computer Networks,what is a firewall in a program,what is the role of a firewall in a network using a simple approach
228,What is virtual memory?,What is a network topology?,0,Operating Systems vs Computer Networks,what is virtual memory,what is a network topology
229,How do I detect a cycle in a linked list?,How do I center a div using CSS?,0,DSA vs Web Development,how do i detect a cycle in a linked list,how do i center a div using css
230,How can I change an element's background color with CSS?,How can I handle exceptions in Java?,0,Web Development vs Java,how can i change an element s background color with css,how can i handle exceptions in java
231,What is a firewall?,What is a system call?,0,Computer Networks vs Operating Systems,what is a firewall,what is a system call
232,What is the best way to what is the difference between == and equals in java?,How does == differ from equals() when comparing objects in Java using a simple approach?,1,Java,what is the best way to what is the difference between and equals in java,how does differ from equals when comparing objects in java using a simple approach
233,How do I make a website responsive step by step?,What techniques can I use to make a web page responsive?,1,Web Development,how do i make a website responsive step by step,what techniques can i use to make a web page responsive
234,How do I read a file line by line in Java?,What is the method for reading a file one line at a time in Java?,1,Java,how do i read a file line by line in java,what is the method for reading a file one line at a time in java
235,How can I check whether a string contains a word in Java?,What is DNS?,0,Java vs Computer Networks,how can i check whether a string contains a word in java,what is dns
236,How can I handle exceptions in Java?,What is the difference between BFS and DFS?,0,Java vs DSA,how can i handle exceptions in java,what is the difference between bfs and dfs
237,What is the best way to make a website responsive?,What techniques can I use to make a web page responsive?,1,Web Development,what is the best way to make a website responsive,what techniques can i use to make a web page responsive
238,What is a subnet mask?,How do I create a virtual environment in Python?,0,Computer Networks vs Python,what is a subnet mask,how do i create a virtual environment in python
239,How can I detect duplicate elements in an array?,How do I create a virtual environment in Python?,0,DSA vs Python,how can i detect duplicate elements in an array,how do i create a virtual environment in python
240,What is an index in a database?,How can I reverse a string in Java?,0,DBMS vs Java,what is an index in a database,how can i reverse a string in java
241,How do I what is a system call?,Can you explain what a system call is in an operating system?,1,Operating Systems,how do i what is a system call,can you explain what a system call is in an operating system
242,What is method overloading in Java?,Can you explain method overloading with Java methods using a simple approach?,1,Java,what is method overloading in java,can you explain method overloading with java methods using a simple approach
243,How can I add an event listener in JavaScript?,What is the method for attaching an event listener using JavaScript?,1,Web Development,how can i add an event listener in javascript,what is the method for attaching an event listener using javascript
244,How do I add JavaScript to an HTML page step by step?,What is the correct way to include JavaScript in an HTML document using a simple approach?,1,Web Development,how do i add javascript to an html page step by step,what is the correct way to include javascript in an html document using a simple approach
245,How do I hide an element using CSS?,What CSS can I use to make an element invisible?,1,Web Development,how do i hide an element using css,what css can i use to make an element invisible
246,How do I what is a network topology?,What does network topology mean step by step?,1,Computer Networks,how do i what is a network topology,what does network topology mean step by step
247,How can I implement a stack using an array?,How do I remove an item from a Python list?,0,DSA vs Python,how can i implement a stack using an array,how do i remove an item from a python list
248,What is a simple way to create a button in html?,What HTML code is used to create a button in a program?,1,Web Development,what is a simple way to create a button in html,what html code is used to create a button in a program
249,How can I check if a string contains a substring in Python using a simple approach?,How do I test whether a Python string contains another string?,1,Python,how can i check if a string contains a substring in python using a simple approach,how do i test whether a python string contains another string
250,What is a subnet mask?,How do I find the largest number in a Python list?,0,Computer Networks vs Python,what is a subnet mask,how do i find the largest number in a python list
251,What is a foreign key?,How can I convert a string to an integer in Java?,0,DBMS vs Java,what is a foreign key,how can i convert a string to an integer in java
252,What is a subnet mask?,What is the purpose of a subnet mask in networking?,1,Computer Networks,what is a subnet mask,what is the purpose of a subnet mask in networking
253,What is the difference between BFS and DFS?,What is a primary key in DBMS?,0,DSA vs DBMS,what is the difference between bfs and dfs,what is a primary key in dbms
254,What is a race condition?,How do I select an element by ID in JavaScript?,0,Operating Systems vs Web Development,what is a race condition,how do i select an element by id in javascript
255,How do I detect a cycle in a linked list using a simple approach?,What is a method for finding a loop in a linked list using a simple approach?,1,DSA,how do i detect a cycle in a linked list using a simple approach,what is a method for finding a loop in a linked list using a simple approach
256,How do I find the length of a list in Python?,What is the difference between process and thread?,0,Python vs Operating Systems,how do i find the length of a list in python,what is the difference between process and thread
257,What is a thread in OS?,What is the difference between IPv4 and IPv6?,0,Operating Systems vs Computer Networks,what is a thread in os,what is the difference between ipv4 and ipv6
258,What is a simple way to convert an arraylist to an array?,What is the way to convert an ArrayList into an array in Java?,1,Java,what is a simple way to convert an arraylist to an array,what is the way to convert an arraylist into an array in java
259,Can you explain how to what is the difference between bfs and dfs?,How are breadth-first search and depth-first search different efficiently?,1,DSA,can you explain how to what is the difference between bfs and dfs,how are breadth first search and depth first search different efficiently
260,What is the difference between TCP and UDP using a simple approach?,How do TCP and UDP differ in networking efficiently?,1,Computer Networks,what is the difference between tcp and udp using a simple approach,how do tcp and udp differ in networking efficiently
261,How can I convert a string to lowercase in Python?,How do I change a Python string to lowercase?,1,Python,how can i convert a string to lowercase in python,how do i change a python string to lowercase
262,What is virtual memory?,Can you explain the concept of virtual memory in an operating system?,1,Operating Systems,what is virtual memory,can you explain the concept of virtual memory in an operating system
263,How can I create a button in HTML?,What HTML code is used to create a button?,1,Web Development,how can i create a button in html,what html code is used to create a button
264,What are ACID properties?,How can I read a CSV file in Python?,0,DBMS vs Python,what are acid properties,how can i read a csv file in python
265,How do I handle exceptions in Python?,How can I remove a table from a database?,0,Python vs DBMS,how do i handle exceptions in python,how can i remove a table from a database
266,How do I change a font size with CSS?,What is packet switching?,0,Web Development vs Computer Networks,how do i change a font size with css,what is packet switching
267,How can I change text color using CSS?,How do I perform an inorder traversal of a binary tree?,0,Web Development vs DSA,how can i change text color using css,how do i perform an inorder traversal of a binary tree
268,What is an IP address?,How can I find the maximum value in an integer array?,0,Computer Networks vs Java,what is an ip address,how can i find the maximum value in an integer array
269,What is a simple way to what is a router?,What is the function of a router in a computer network in a program?,1,Computer Networks,what is a simple way to what is a router,what is the function of a router in a computer network in a program
270,Can you explain how to what is the difference between delete and truncate?,How are SQL DELETE and TRUNCATE different using a simple approach?,1,DBMS,can you explain how to what is the difference between delete and truncate,how are sql delete and truncate different using a simple approach
271,How do I perform an inorder traversal of a binary tree efficiently?,What is the procedure for inorder traversal in a binary tree?,1,DSA,how do i perform an inorder traversal of a binary tree efficiently,what is the procedure for inorder traversal in a binary tree
272,What is demand paging?,How do I check if a key exists in a Python dictionary?,0,Operating Systems vs Python,what is demand paging,how do i check if a key exists in a python dictionary
273,How do I make a website responsive step by step?,What techniques can I use to make a web page responsive efficiently?,1,Web Development,how do i make a website responsive step by step,what techniques can i use to make a web page responsive efficiently
274,How can I count occurrences of an item in a Python list?,What is a router?,0,Python vs Computer Networks,how can i count occurrences of an item in a python list,what is a router
275,How do I find the largest number in a Python list?,What is a MAC address?,0,Python vs Computer Networks,how do i find the largest number in a python list,what is a mac address
276,What is a subnet mask?,How do I convert an ArrayList to an array?,0,Computer Networks vs Java,what is a subnet mask,how do i convert an arraylist to an array
277,How can I count occurrences of an item in a Python list?,How can I join two tables in SQL?,0,Python vs DBMS,how can i count occurrences of an item in a python list,how can i join two tables in sql
278,How do I sort query results in SQL?,What is the difference between IPv4 and IPv6?,0,DBMS vs Computer Networks,how do i sort query results in sql,what is the difference between ipv4 and ipv6
279,How can I implement a min heap efficiently?,What is the approach for implementing a minimum heap efficiently?,1,DSA,how can i implement a min heap efficiently,what is the approach for implementing a minimum heap efficiently
280,How can I reverse a linked list?,How can I add an event listener in JavaScript?,0,DSA vs Web Development,how can i reverse a linked list,how can i add an event listener in javascript
281,How do I perform an inorder traversal of a binary tree?,How can I sort a list in Python?,0,DSA vs Python,how do i perform an inorder traversal of a binary tree,how can i sort a list in python
282,What is demand paging?,How do I hide an element using CSS?,0,Operating Systems vs Web Development,what is demand paging,how do i hide an element using css
283,What is the difference between DELETE and TRUNCATE?,What is a subnet mask?,0,DBMS vs Computer Networks,what is the difference between delete and truncate,what is a subnet mask
284,What is a critical section in a program?,What does the critical section mean in process synchronization step by step?,1,Operating Systems,what is a critical section in a program,what does the critical section mean in process synchronization step by step
285,How can I how does round robin scheduling work?,What is the working principle of round robin CPU scheduling in a program?,1,Operating Systems,how can i how does round robin scheduling work,what is the working principle of round robin cpu scheduling in a program
286,What is the difference between == and equals in Java?,What is the time complexity of merge sort?,0,Java vs DSA,what is the difference between and equals in java,what is the time complexity of merge sort
287,How do I make a website responsive?,How can I check if a string contains a substring in Python?,0,Web Development vs Python,how do i make a website responsive,how can i check if a string contains a substring in python
288,What is a foreign key?,How can I merge two dictionaries in Python?,0,DBMS vs Python,what is a foreign key,how can i merge two dictionaries in python
289,How do I handle exceptions in Python?,What is paging in operating systems?,0,Python vs Operating Systems,how do i handle exceptions in python,what is paging in operating systems
290,What is a primary key in DBMS?,What is method overloading in Java?,0,DBMS vs Java,what is a primary key in dbms,what is method overloading in java
291,What is DNS?,What is the purpose of the Domain Name System?,1,Computer Networks,what is dns,what is the purpose of the domain name system
292,How do I find the middle node of a linked list?,How do I create a dropdown menu in HTML?,0,DSA vs Web Development,how do i find the middle node of a linked list,how do i create a dropdown menu in html
293,Can you explain how to what is cpu scheduling?,Can you explain CPU scheduling in an operating system step by step?,1,Operating Systems,can you explain how to what is cpu scheduling,can you explain cpu scheduling in an operating system step by step
294,How does round robin scheduling work in a program?,What is the working principle of round robin CPU scheduling using a simple approach?,1,Operating Systems,how does round robin scheduling work in a program,what is the working principle of round robin cpu scheduling using a simple approach
295,How do I sort query results in SQL?,What is the difference between HTML and CSS?,0,DBMS vs Web Development,how do i sort query results in sql,what is the difference between html and css
296,How can I check if a string contains a substring in Python?,How do I change a font size with CSS?,0,Python vs Web Development,how can i check if a string contains a substring in python,how do i change a font size with css
297,How can I find the length of an array in Java?,What is the difference between WHERE and HAVING?,0,Java vs DBMS,how can i find the length of an array in java,what is the difference between where and having
298,What method can I use to what is a semaphore in os?,What is the purpose of a semaphore in operating systems using a simple approach?,1,Operating Systems,what method can i use to what is a semaphore in os,what is the purpose of a semaphore in operating systems using a simple approach
299,How can I convert a string to an integer in Java step by step?,How do I convert a String value into an int in Java?,1,Java,how can i convert a string to an integer in java step by step,how do i convert a string value into an int in java
300,What is the difference between WHERE and HAVING?,What is a thread in OS?,0,DBMS vs Operating Systems,what is the difference between where and having,what is a thread in os
301,How can I find the shortest path in a graph?,What algorithms can be used to determine the shortest path in a graph using a simple approach?,1,DSA,how can i find the shortest path in a graph,what algorithms can be used to determine the shortest path in a graph using a simple approach
302,How do I find the largest number in a Python list?,What is context switching?,0,Python vs Operating Systems,how do i find the largest number in a python list,what is context switching
303,How do I perform an inorder traversal of a binary tree?,What is the procedure for inorder traversal in a binary tree in a program?,1,DSA,how do i perform an inorder traversal of a binary tree,what is the procedure for inorder traversal in a binary tree in a program
304,How can I reverse a linked list?,What is the procedure to reverse a linked list step by step?,1,DSA,how can i reverse a linked list,what is the procedure to reverse a linked list step by step
305,How do I find duplicate rows using SQL efficiently?,What SQL query can be used to identify duplicate records?,1,DBMS,how do i find duplicate rows using sql efficiently,what sql query can be used to identify duplicate records
306,How can I detect duplicate elements in an array?,How do I select an element by ID in JavaScript?,0,DSA vs Web Development,how can i detect duplicate elements in an array,how do i select an element by id in javascript
307,What method can I use to reverse a list in python?,What is the easiest way to reverse a list using Python efficiently?,1,Python,what method can i use to reverse a list in python,what is the easiest way to reverse a list using python efficiently
308,What is the difference between HTML and CSS?,How can I implement a stack using an array?,0,Web Development vs DSA,what is the difference between html and css,how can i implement a stack using an array
309,What is normalization in DBMS?,What does database normalization mean?,1,DBMS,what is normalization in dbms,what does database normalization mean
310,Can you explain how to create a button in html?,What HTML code is used to create a button using a simple approach?,1,Web Development,can you explain how to create a button in html,what html code is used to create a button using a simple approach
311,What is a MAC address?,How can I implement a stack using an array?,0,Computer Networks vs DSA,what is a mac address,how can i implement a stack using an array
312,How do I split a string in Java using a simple approach?,What method can I use to split a String into parts in Java?,1,Java,how do i split a string in java using a simple approach,what method can i use to split a string into parts in java
313,What method can I use to implement a min heap?,What is the approach for implementing a minimum heap using a simple approach?,1,DSA,what method can i use to implement a min heap,what is the approach for implementing a minimum heap using a simple approach
314,How can I check whether a string contains a word in java?,How do I test if a Java String contains a particular word using a simple approach?,1,Java,how can i check whether a string contains a word in java,how do i test if a java string contains a particular word using a simple approach
315,How can I read a CSV file in Python?,How can I find the maximum value in an integer array?,0,Python vs Java,how can i read a csv file in python,how can i find the maximum value in an integer array
316,How do I create a virtual environment in Python?,How do I find duplicate rows using SQL?,0,Python vs DBMS,how do i create a virtual environment in python,how do i find duplicate rows using sql
317,What is a semaphore in OS?,How do I find duplicate rows using SQL?,0,Operating Systems vs DBMS,what is a semaphore in os,how do i find duplicate rows using sql
318,How do I split a string in Java efficiently?,What method can I use to split a String into parts in Java?,1,Java,how do i split a string in java efficiently,what method can i use to split a string into parts in java
319,What is context switching using a simple approach?,What happens during a context switch in an operating system using a simple approach?,1,Operating Systems,what is context switching using a simple approach,what happens during a context switch in an operating system using a simple approach
320,What is a router step by step?,What is the function of a router in a computer network efficiently?,1,Computer Networks,what is a router step by step,what is the function of a router in a computer network efficiently
321,How can I find the maximum value in an integer array?,How do I get the largest element from an int array in Java?,1,Java,how can i find the maximum value in an integer array,how do i get the largest element from an int array in java
322,How do I find the middle node of a linked list efficiently?,What is a way to locate the middle element in a linked list efficiently?,1,DSA,how do i find the middle node of a linked list efficiently,what is a way to locate the middle element in a linked list efficiently
323,How can I convert a string to lowercase in Python?,How do I perform an inorder traversal of a binary tree?,0,Python vs DSA,how can i convert a string to lowercase in python,how do i perform an inorder traversal of a binary tree
324,What is the best way to how does round robin scheduling work?,What is the working principle of round robin CPU scheduling efficiently?,1,Operating Systems,what is the best way to how does round robin scheduling work,what is the working principle of round robin cpu scheduling efficiently
325,What method can I use to what is the difference between process and thread?,How does a process differ from a thread in an operating system?,1,Operating Systems,what method can i use to what is the difference between process and thread,how does a process differ from a thread in an operating system
326,What is demand paging step by step?,How does demand paging work in virtual memory step by step?,1,Operating Systems,what is demand paging step by step,how does demand paging work in virtual memory step by step
327,What is a transaction in DBMS efficiently?,Can you explain the concept of a database transaction efficiently?,1,DBMS,what is a transaction in dbms efficiently,can you explain the concept of a database transaction efficiently
328,How does DHCP work?,How can I convert a string to an integer in Java?,0,Computer Networks vs Java,how does dhcp work,how can i convert a string to an integer in java
329,How do I center a div using CSS?,How do I sort an array in Java?,0,Web Development vs Java,how do i center a div using css,how do i sort an array in java
330,What is deadlock in operating systems?,How do I find the length of a list in Python?,0,Operating Systems vs Python,what is deadlock in operating systems,how do i find the length of a list in python
331,How do I remove an item from a Python list?,What is virtual memory?,0,Python vs Operating Systems,how do i remove an item from a python list,what is virtual memory
332,How can I find the shortest path in a graph?,What is an index in a database?,0,DSA vs DBMS,how can i find the shortest path in a graph,what is an index in a database
333,What is a race condition?,How do I count rows in an SQL table?,0,Operating Systems vs DBMS,what is a race condition,how do i count rows in an sql table
334,How does the fork system call work?,How can I check if a string contains a substring in Python?,0,Operating Systems vs Python,how does the fork system call work,how can i check if a string contains a substring in python
335,How do I handle exceptions in Python?,What is the difference between WHERE and HAVING?,0,Python vs DBMS,how do i handle exceptions in python,what is the difference between where and having
336,How do I check if a key exists in a Python dictionary?,How can I test whether a dictionary contains a specific key in Python in a program?,1,Python,how do i check if a key exists in a python dictionary,how can i test whether a dictionary contains a specific key in python in a program
337,How do I sort an array in java?,What is the easiest way to sort an array using Java in a program?,1,Java,how do i sort an array in java,what is the easiest way to sort an array using java in a program
338,How do I find the largest number in a Python list?,How can I get the maximum value from a list in Python?,1,Python,how do i find the largest number in a python list,how can i get the maximum value from a list in python
339,How can I join two tables in SQL?,What is the correct way to combine two tables using an SQL join?,1,DBMS,how can i join two tables in sql,what is the correct way to combine two tables using an sql join
340,What is the best way to what is a thread in os?,What does a thread represent in an operating system in a program?,1,Operating Systems,what is the best way to what is a thread in os,what does a thread represent in an operating system in a program
341,How can I convert a string to lowercase in Python?,What is packet switching?,0,Python vs Computer Networks,how can i convert a string to lowercase in python,what is packet switching
342,What is a simple way to create a virtual environment in python?,What is the procedure for creating a Python virtual environment in a program?,1,Python,what is a simple way to create a virtual environment in python,what is the procedure for creating a python virtual environment in a program
343,What method can I use to what is the time complexity of merge sort?,How much time complexity does merge sort have using a simple approach?,1,DSA,what method can i use to what is the time complexity of merge sort,how much time complexity does merge sort have using a simple approach
344,What is the difference between IPv4 and IPv6?,How can I change an element's background color with CSS?,0,Computer Networks vs Web Development,what is the difference between ipv4 and ipv6,how can i change an element s background color with css
345,How does ARP work?,How do I find the length of a list in Python?,0,Computer Networks vs Python,how does arp work,how do i find the length of a list in python
346,How can I load an external CSS file?,How do I check if a key exists in a Python dictionary?,0,Web Development vs Python,how can i load an external css file,how do i check if a key exists in a python dictionary
347,How do I what is virtual memory?,Can you explain the concept of virtual memory in an operating system step by step?,1,Operating Systems,how do i what is virtual memory,can you explain the concept of virtual memory in an operating system step by step
348,How can I create a button in HTML?,What is a foreign key?,0,Web Development vs DBMS,how can i create a button in html,what is a foreign key
349,What is a MAC address?,How do I find the middle node of a linked list?,0,Computer Networks vs DSA,what is a mac address,how do i find the middle node of a linked list
350,How can I join two tables in SQL using a simple approach?,What is the correct way to combine two tables using an SQL join?,1,DBMS,how can i join two tables in sql using a simple approach,what is the correct way to combine two tables using an sql join
351,How can I load an external CSS file?,What is a semaphore in OS?,0,Web Development vs Operating Systems,how can i load an external css file,what is a semaphore in os
352,How do I sort an array in Java?,What is a MAC address?,0,Java vs Computer Networks,how do i sort an array in java,what is a mac address
353,How do I change a font size with CSS step by step?,What CSS property controls the size of text?,1,Web Development,how do i change a font size with css step by step,what css property controls the size of text
354,How can I find the height of a binary tree?,What is a semaphore in OS?,0,DSA vs Operating Systems,how can i find the height of a binary tree,what is a semaphore in os
355,Can you explain how to what is a subnet mask?,What is the purpose of a subnet mask in networking?,1,Computer Networks,can you explain how to what is a subnet mask,what is the purpose of a subnet mask in networking
356,How can I sort a list in Python?,How can I validate an HTML form using JavaScript?,0,Python vs Web Development,how can i sort a list in python,how can i validate an html form using javascript
357,What are ACID properties?,How do I hide an element using CSS?,0,DBMS vs Web Development,what are acid properties,how do i hide an element using css
358,What is a race condition?,How can I find the height of a binary tree?,0,Operating Systems vs DSA,what is a race condition,how can i find the height of a binary tree
359,How can I reverse a list in Python?,What is the easiest way to reverse a list using Python?,1,Python,how can i reverse a list in python,what is the easiest way to reverse a list using python
360,What is a simple way to what is the difference between tcp and udp?,How do TCP and UDP differ in networking?,1,Computer Networks,what is a simple way to what is the difference between tcp and udp,how do tcp and udp differ in networking
361,What method can I use to what is the time complexity of binary search?,How much time does binary search take in terms of complexity efficiently?,1,DSA,what method can i use to what is the time complexity of binary search,how much time does binary search take in terms of complexity efficiently
362,What is a simple way to what is a process in an operating system?,Can you explain what a process means in an operating system efficiently?,1,Operating Systems,what is a simple way to what is a process in an operating system,can you explain what a process means in an operating system efficiently
363,How can I what is dynamic programming in algorithms?,Can you explain the concept of dynamic programming in DSA?,1,DSA,how can i what is dynamic programming in algorithms,can you explain the concept of dynamic programming in dsa
364,What is a critical section?,What is the difference between HTML and CSS?,0,Operating Systems vs Web Development,what is a critical section,what is the difference between html and css
365,What is a router?,What is the function of a router in a computer network?,1,Computer Networks,what is a router,what is the function of a router in a computer network
366,How do I change a font size with CSS?,What is a subnet mask?,0,Web Development vs Computer Networks,how do i change a font size with css,what is a subnet mask
367,How does DHCP work?,Can you explain how DHCP assigns network configuration?,1,Computer Networks,how does dhcp work,can you explain how dhcp assigns network configuration
368,What is the best way to detect duplicate elements in an array?,What is a method for finding repeated values in an array using a simple approach?,1,DSA,what is the best way to detect duplicate elements in an array,what is a method for finding repeated values in an array using a simple approach
369,How does ARP work?,Can you explain the working of the Address Resolution Protocol?,1,Computer Networks,how does arp work,can you explain the working of the address resolution protocol
370,What is the best way to how does round robin scheduling work?,What is the working principle of round robin CPU scheduling efficiently?,1,Operating Systems,what is the best way to how does round robin scheduling work,what is the working principle of round robin cpu scheduling efficiently
371,What is a network topology?,How can I create a button in HTML?,0,Computer Networks vs Web Development,what is a network topology,how can i create a button in html
372,How can I find the height of a binary tree?,How does round robin scheduling work?,0,DSA vs Operating Systems,how can i find the height of a binary tree,how does round robin scheduling work
373,How can I convert a string to an integer in Java?,What is a semaphore in OS?,0,Java vs Operating Systems,how can i convert a string to an integer in java,what is a semaphore in os
374,What is a router step by step?,What is the function of a router in a computer network step by step?,1,Computer Networks,what is a router step by step,what is the function of a router in a computer network step by step
375,How can I check whether a string contains a word in Java?,How do I test if a Java String contains a particular word?,1,Java,how can i check whether a string contains a word in java,how do i test if a java string contains a particular word
376,What is normalization in DBMS efficiently?,What does database normalization mean efficiently?,1,DBMS,what is normalization in dbms efficiently,what does database normalization mean efficiently
377,How do I make a website responsive?,How can I reverse a list in Python?,0,Web Development vs Python,how do i make a website responsive,how can i reverse a list in python
378,What is the time complexity of binary search?,What is paging in operating systems?,0,DSA vs Operating Systems,what is the time complexity of binary search,what is paging in operating systems
379,What is a thread in OS in a program?,What does a thread represent in an operating system step by step?,1,Operating Systems,what is a thread in os in a program,what does a thread represent in an operating system step by step
380,What is a router?,What is the function of a router in a computer network?,1,Computer Networks,what is a router,what is the function of a router in a computer network
381,How do I find duplicate rows using SQL?,What is a network topology?,0,DBMS vs Computer Networks,how do i find duplicate rows using sql,what is a network topology
382,How do I read a file line by line in Java efficiently?,What is the method for reading a file one line at a time in Java using a simple approach?,1,Java,how do i read a file line by line in java efficiently,what is the method for reading a file one line at a time in java using a simple approach
383,What method can I use to change text color using css?,What CSS property is used to change the color of text?,1,Web Development,what method can i use to change text color using css,what css property is used to change the color of text
384,How can I check whether a string contains a word in Java efficiently?,How do I test if a Java String contains a particular word using a simple approach?,1,Java,how can i check whether a string contains a word in java efficiently,how do i test if a java string contains a particular word using a simple approach
385,How do I remove duplicates from a Python list?,What is the difference between DELETE and TRUNCATE?,0,Python vs DBMS,how do i remove duplicates from a python list,what is the difference between delete and truncate
386,How can I read a CSV file in Python?,How can I handle exceptions in Java?,0,Python vs Java,how can i read a csv file in python,how can i handle exceptions in java
387,What is a MAC address?,How can I find the height of a binary tree?,0,Computer Networks vs DSA,what is a mac address,how can i find the height of a binary tree
388,How do I detect a cycle in a linked list efficiently?,What is a method for finding a loop in a linked list?,1,DSA,how do i detect a cycle in a linked list efficiently,what is a method for finding a loop in a linked list
389,What is packet switching efficiently?,Can you explain packet switching in computer networks?,1,Computer Networks,what is packet switching efficiently,can you explain packet switching in computer networks
390,How do I read a file line by line in Java?,What is demand paging?,0,Java vs Operating Systems,how do i read a file line by line in java,what is demand paging
391,How can I load an external CSS file efficiently?,What is the correct way to link an external stylesheet to HTML?,1,Web Development,how can i load an external css file efficiently,what is the correct way to link an external stylesheet to html
392,What is the best way to what is a subnet mask?,What is the purpose of a subnet mask in networking using a simple approach?,1,Computer Networks,what is the best way to what is a subnet mask,what is the purpose of a subnet mask in networking using a simple approach
393,How does HTTP work step by step?,Can you explain the working of the HTTP protocol using a simple approach?,1,Computer Networks,how does http work step by step,can you explain the working of the http protocol using a simple approach
394,What is the OSI model step by step?,Can you explain the seven-layer OSI model in a program?,1,Computer Networks,what is the osi model step by step,can you explain the seven layer osi model in a program
395,How do I count rows in an SQL table efficiently?,What SQL query can I use to count records in a table efficiently?,1,DBMS,how do i count rows in an sql table efficiently,what sql query can i use to count records in a table efficiently
396,What is method overloading in Java?,How can I remove a table from a database?,0,Java vs DBMS,what is method overloading in java,how can i remove a table from a database
397,How do I change a font size with CSS efficiently?,What CSS property controls the size of text in a program?,1,Web Development,how do i change a font size with css efficiently,what css property controls the size of text in a program
398,What is a composite key?,How can I implement binary search?,0,DBMS vs DSA,what is a composite key,how can i implement binary search
399,What is a simple way to what is deadlock in operating systems?,Can you explain the concept of deadlock in OS?,1,Operating Systems,what is a simple way to what is deadlock in operating systems,can you explain the concept of deadlock in os
400,How can I validate an HTML form using JavaScript?,What is the difference between TCP and UDP?,0,Web Development vs Computer Networks,how can i validate an html form using javascript,what is the difference between tcp and udp
401,How do I find duplicate rows using SQL?,What is paging in operating systems?,0,DBMS vs Operating Systems,how do i find duplicate rows using sql,what is paging in operating systems
402,How does DHCP work?,How do I remove duplicates from a Python list?,0,Computer Networks vs Python,how does dhcp work,how do i remove duplicates from a python list
403,What is the difference between TCP and UDP?,What is the difference between WHERE and HAVING?,0,Computer Networks vs DBMS,what is the difference between tcp and udp,what is the difference between where and having
404,How can I implement a stack using an array?,How do I create a stack using an array data structure?,1,DSA,how can i implement a stack using an array,how do i create a stack using an array data structure
405,What is paging in operating systems?,What are ACID properties?,0,Operating Systems vs DBMS,what is paging in operating systems,what are acid properties
406,Can you explain how to implement a min heap?,What is the approach for implementing a minimum heap step by step?,1,DSA,can you explain how to implement a min heap,what is the approach for implementing a minimum heap step by step
407,How do I convert an ArrayList to an array?,What is the way to convert an ArrayList into an array in Java?,1,Java,how do i convert an arraylist to an array,what is the way to convert an arraylist into an array in java
408,How do I sort an array in Java?,How does ARP work?,0,Java vs Computer Networks,how do i sort an array in java,how does arp work
409,What is the difference between == and equals in Java?,How does == differ from equals() when comparing objects in Java?,1,Java,what is the difference between and equals in java,how does differ from equals when comparing objects in java
410,How does the fork system call work?,How do I convert an ArrayList to an array?,0,Operating Systems vs Java,how does the fork system call work,how do i convert an arraylist to an array
411,What is dynamic programming in algorithms efficiently?,Can you explain the concept of dynamic programming in DSA in a program?,1,DSA,what is dynamic programming in algorithms efficiently,can you explain the concept of dynamic programming in dsa in a program
412,How do I find duplicate rows using SQL?,How do I remove duplicates from a Python list?,0,DBMS vs Python,how do i find duplicate rows using sql,how do i remove duplicates from a python list
413,How can I reverse a string in Java step by step?,What is the best way to reverse a String using Java in a program?,1,Java,how can i reverse a string in java step by step,what is the best way to reverse a string using java in a program
414,How can I remove a table from a database?,How can I handle exceptions in Java?,0,DBMS vs Java,how can i remove a table from a database,how can i handle exceptions in java
415,What is dynamic programming in algorithms?,What is latency in networking?,0,DSA vs Computer Networks,what is dynamic programming in algorithms,what is latency in networking
416,How do I sort query results in SQL?,What is method overloading in Java?,0,DBMS vs Java,how do i sort query results in sql,what is method overloading in java
417,What is the difference between TCP and UDP?,How can I check whether a string contains a word in Java?,0,Computer Networks vs Java,what is the difference between tcp and udp,how can i check whether a string contains a word in java
418,How can I implement a queue using two stacks?,What is a thread in OS?,0,DSA vs Operating Systems,how can i implement a queue using two stacks,what is a thread in os
419,How can I remove duplicate elements from an ArrayList?,How do I select an element by ID in JavaScript?,0,Java vs Web Development,how can i remove duplicate elements from an arraylist,how do i select an element by id in javascript
420,How do I count rows in an SQL table?,How can I change an element's background color with CSS?,0,DBMS vs Web Development,how do i count rows in an sql table,how can i change an element s background color with css
421,What is the difference between WHERE and HAVING using a simple approach?,How does the SQL WHERE clause differ from HAVING in a program?,1,DBMS,what is the difference between where and having using a simple approach,how does the sql where clause differ from having in a program
422,How can I find the shortest path in a graph?,What algorithms can be used to determine the shortest path in a graph?,1,DSA,how can i find the shortest path in a graph,what algorithms can be used to determine the shortest path in a graph
423,What is the difference between TCP and UDP?,What is deadlock in operating systems?,0,Computer Networks vs Operating Systems,what is the difference between tcp and udp,what is deadlock in operating systems
424,How do I perform an inorder traversal of a binary tree?,What is the difference between WHERE and HAVING?,0,DSA vs DBMS,how do i perform an inorder traversal of a binary tree,what is the difference between where and having
425,How can I reverse a linked list?,What is the difference between WHERE and HAVING?,0,DSA vs DBMS,how can i reverse a linked list,what is the difference between where and having
426,What is the difference between DELETE and TRUNCATE?,How can I change an element's background color with CSS?,0,DBMS vs Web Development,what is the difference between delete and truncate,how can i change an element s background color with css
427,What is a system call?,How do I add JavaScript to an HTML page?,0,Operating Systems vs Web Development,what is a system call,how do i add javascript to an html page
428,What is the difference between DELETE and TRUNCATE?,What is context switching?,0,DBMS vs Operating Systems,what is the difference between delete and truncate,what is context switching
429,What is packet switching?,How do I sort query results in SQL?,0,Computer Networks vs DBMS,what is packet switching,how do i sort query results in sql
430,How can I detect duplicate elements in an array efficiently?,What is a method for finding repeated values in an array?,1,DSA,how can i detect duplicate elements in an array efficiently,what is a method for finding repeated values in an array
431,What is the difference between WHERE and HAVING using a simple approach?,How does the SQL WHERE clause differ from HAVING efficiently?,1,DBMS,what is the difference between where and having using a simple approach,how does the sql where clause differ from having efficiently
432,What is packet switching?,How do I create a thread in Java?,0,Computer Networks vs Java,what is packet switching,how do i create a thread in java
433,What is DNS?,How can I add an event listener in JavaScript?,0,Computer Networks vs Web Development,what is dns,how can i add an event listener in javascript
434,How can I reverse a string in Java?,How does ARP work?,0,Java vs Computer Networks,how can i reverse a string in java,how does arp work
435,What is a primary key in DBMS?,What is dynamic programming in algorithms?,0,DBMS vs DSA,what is a primary key in dbms,what is dynamic programming in algorithms
436,How do I remove duplicates from a Python list?,What is a simple way to eliminate duplicate values from a list in Python?,1,Python,how do i remove duplicates from a python list,what is a simple way to eliminate duplicate values from a list in python
437,Can you explain how to find the shortest path in a graph?,What algorithms can be used to determine the shortest path in a graph?,1,DSA,can you explain how to find the shortest path in a graph,what algorithms can be used to determine the shortest path in a graph
438,How can I find the height of a binary tree?,What is the method to calculate the height of a binary tree?,1,DSA,how can i find the height of a binary tree,what is the method to calculate the height of a binary tree
439,How do I hide an element using CSS efficiently?,What CSS can I use to make an element invisible?,1,Web Development,how do i hide an element using css efficiently,what css can i use to make an element invisible
440,How can I add an event listener in JavaScript?,What is the difference between IPv4 and IPv6?,0,Web Development vs Computer Networks,how can i add an event listener in javascript,what is the difference between ipv4 and ipv6
441,What is the OSI model?,How do I add JavaScript to an HTML page?,0,Computer Networks vs Web Development,what is the osi model,how do i add javascript to an html page
442,How do I create a virtual environment in Python?,What is a process in an operating system?,0,Python vs Operating Systems,how do i create a virtual environment in python,what is a process in an operating system
443,What is a critical section?,What is dynamic programming in algorithms?,0,Operating Systems vs DSA,what is a critical section,what is dynamic programming in algorithms
444,What is the best way to read a file line by line in java?,What is the method for reading a file one line at a time in Java step by step?,1,Java,what is the best way to read a file line by line in java,what is the method for reading a file one line at a time in java step by step
445,What is method overloading in Java?,How does ARP work?,0,Java vs Computer Networks,what is method overloading in java,how does arp work
446,How does ARP work?,How can I remove a table from a database?,0,Computer Networks vs DBMS,how does arp work,how can i remove a table from a database
447,How does round robin scheduling work step by step?,What is the working principle of round robin CPU scheduling in a program?,1,Operating Systems,how does round robin scheduling work step by step,what is the working principle of round robin cpu scheduling in a program
448,What is paging in operating systems?,How do I find the middle node of a linked list?,0,Operating Systems vs DSA,what is paging in operating systems,how do i find the middle node of a linked list
449,What is the best way to what are acid properties?,What do the ACID properties of database transactions mean step by step?,1,DBMS,what is the best way to what are acid properties,what do the acid properties of database transactions mean step by step
450,How can I sort a list in Python?,What is the best way to arrange the elements of a Python list step by step?,1,Python,how can i sort a list in python,what is the best way to arrange the elements of a python list step by step
451,How do I center a div using CSS?,How can I find the height of a binary tree?,0,Web Development vs DSA,how do i center a div using css,how can i find the height of a binary tree
452,How can I remove duplicate elements from an ArrayList?,What is the difference between WHERE and HAVING?,0,Java vs DBMS,how can i remove duplicate elements from an arraylist,what is the difference between where and having
453,What is a subnet mask?,What is the purpose of a subnet mask in networking?,1,Computer Networks,what is a subnet mask,what is the purpose of a subnet mask in networking
454,What method can I use to perform an inorder traversal of a binary tree?,What is the procedure for inorder traversal in a binary tree?,1,DSA,what method can i use to perform an inorder traversal of a binary tree,what is the procedure for inorder traversal in a binary tree
455,What is the difference between TCP and UDP?,How do TCP and UDP differ in networking?,1,Computer Networks,what is the difference between tcp and udp,how do tcp and udp differ in networking
456,What method can I use to how does dhcp work?,Can you explain how DHCP assigns network configuration?,1,Computer Networks,what method can i use to how does dhcp work,can you explain how dhcp assigns network configuration
457,How do I find the largest number in a python list?,How can I get the maximum value from a list in Python using a simple approach?,1,Python,how do i find the largest number in a python list,how can i get the maximum value from a list in python using a simple approach
458,How can I find the length of an array in Java?,What is dynamic programming in algorithms?,0,Java vs DSA,how can i find the length of an array in java,what is dynamic programming in algorithms
459,How can I join two tables in SQL?,How do I read a file line by line in Java?,0,DBMS vs Java,how can i join two tables in sql,how do i read a file line by line in java
460,What is the best way to what is a transaction in dbms?,Can you explain the concept of a database transaction efficiently?,1,DBMS,what is the best way to what is a transaction in dbms,can you explain the concept of a database transaction efficiently
461,How can I reverse a list in Python?,What is the difference between DELETE and TRUNCATE?,0,Python vs DBMS,how can i reverse a list in python,what is the difference between delete and truncate
462,How can I remove duplicate elements from an ArrayList?,What is a system call?,0,Java vs Operating Systems,how can i remove duplicate elements from an arraylist,what is a system call
463,How can I convert a string to lowercase in Python?,How do I find duplicate rows using SQL?,0,Python vs DBMS,how can i convert a string to lowercase in python,how do i find duplicate rows using sql
464,What is a MAC address?,What is deadlock in operating systems?,0,Computer Networks vs Operating Systems,what is a mac address,what is deadlock in operating systems
465,How do I create a dropdown menu in HTML step by step?,What HTML element can be used to create a dropdown list using a simple approach?,1,Web Development,how do i create a dropdown menu in html step by step,what html element can be used to create a dropdown list using a simple approach
466,Can you explain how to remove duplicate elements from an arraylist?,How do I eliminate duplicate values from an ArrayList in Java efficiently?,1,Java,can you explain how to remove duplicate elements from an arraylist,how do i eliminate duplicate values from an arraylist in java efficiently
467,What is deadlock in operating systems step by step?,Can you explain the concept of deadlock in OS?,1,Operating Systems,what is deadlock in operating systems step by step,can you explain the concept of deadlock in os
468,How does ARP work?,What is a list comprehension in Python?,0,Computer Networks vs Python,how does arp work,what is a list comprehension in python
469,How does HTTP work?,How can I reverse a string in Java?,0,Computer Networks vs Java,how does http work,how can i reverse a string in java
470,How can I handle exceptions in Java?,What is the proper way to handle exceptions in Java step by step?,1,Java,how can i handle exceptions in java,what is the proper way to handle exceptions in java step by step
471,How do I change a font size with CSS?,How can I count occurrences of an item in a Python list?,0,Web Development vs Python,how do i change a font size with css,how can i count occurrences of an item in a python list
472,How can I sort a list in Python?,What is a semaphore in OS?,0,Python vs Operating Systems,how can i sort a list in python,what is a semaphore in os
473,What is a semaphore in OS?,How can I reverse a list in Python?,0,Operating Systems vs Python,what is a semaphore in os,how can i reverse a list in python
474,What is deadlock in operating systems?,What is dynamic programming in algorithms?,0,Operating Systems vs DSA,what is deadlock in operating systems,what is dynamic programming in algorithms
475,How can I reverse a string in Java?,What is latency in networking?,0,Java vs Computer Networks,how can i reverse a string in java,what is latency in networking
476,How can I check whether a string contains a word in Java?,What is a thread in OS?,0,Java vs Operating Systems,how can i check whether a string contains a word in java,what is a thread in os
477,How do I create a virtual environment in Python?,What are ACID properties?,0,Python vs DBMS,how do i create a virtual environment in python,what are acid properties
478,How do I change a font size with CSS using a simple approach?,What CSS property controls the size of text?,1,Web Development,how do i change a font size with css using a simple approach,what css property controls the size of text
479,What is a network topology?,How do I detect a cycle in a linked list?,0,Computer Networks vs DSA,what is a network topology,how do i detect a cycle in a linked list
480,How can I handle exceptions in Java?,What is paging in operating systems?,0,Java vs Operating Systems,how can i handle exceptions in java,what is paging in operating systems
481,How does DHCP work?,How can I create a button in HTML?,0,Computer Networks vs Web Development,how does dhcp work,how can i create a button in html
482,How can I change an element's background color with CSS?,What is a MAC address?,0,Web Development vs Computer Networks,how can i change an element s background color with css,what is a mac address
483,How can I find the height of a binary tree?,What is the method to calculate the height of a binary tree?,1,DSA,how can i find the height of a binary tree,what is the method to calculate the height of a binary tree
484,What method can I use to how does dhcp work?,Can you explain how DHCP assigns network configuration using a simple approach?,1,Computer Networks,what method can i use to how does dhcp work,can you explain how dhcp assigns network configuration using a simple approach
485,What is a simple way to implement a min heap?,What is the approach for implementing a minimum heap in a program?,1,DSA,what is a simple way to implement a min heap,what is the approach for implementing a minimum heap in a program
486,How do I find duplicate rows using SQL?,What is packet switching?,0,DBMS vs Computer Networks,how do i find duplicate rows using sql,what is packet switching
487,How does the fork system call work?,What is the difference between WHERE and HAVING?,0,Operating Systems vs DBMS,how does the fork system call work,what is the difference between where and having
488,How can I find the length of an array in Java?,How can I read a CSV file in Python?,0,Java vs Python,how can i find the length of an array in java,how can i read a csv file in python
489,What is a subnet mask?,What is a primary key in DBMS?,0,Computer Networks vs DBMS,what is a subnet mask,what is a primary key in dbms
490,How can I find the height of a binary tree?,How do I remove duplicates from a Python list?,0,DSA vs Python,how can i find the height of a binary tree,how do i remove duplicates from a python list
491,What is a primary key in DBMS?,How can I handle exceptions in Java?,0,DBMS vs Java,what is a primary key in dbms,how can i handle exceptions in java
492,What is the OSI model?,How do I count rows in an SQL table?,0,Computer Networks vs DBMS,what is the osi model,how do i count rows in an sql table
493,What is a simple way to create a thread in java?,What are the ways to create a thread using Java step by step?,1,Java,what is a simple way to create a thread in java,what are the ways to create a thread using java step by step
494,What is an IP address?,Can you explain what an IP address is in computer networking?,1,Computer Networks,what is an ip address,can you explain what an ip address is in computer networking
495,How can I find the shortest path in a graph?,How do I check if a key exists in a Python dictionary?,0,DSA vs Python,how can i find the shortest path in a graph,how do i check if a key exists in a python dictionary
496,What is the difference between TCP and UDP?,How do I sort query results in SQL?,0,Computer Networks vs DBMS,what is the difference between tcp and udp,how do i sort query results in sql
497,What is the OSI model using a simple approach?,Can you explain the seven-layer OSI model step by step?,1,Computer Networks,what is the osi model using a simple approach,can you explain the seven layer osi model step by step
498,How can I convert a string to an integer in Java?,What is a list comprehension in Python?,0,Java vs Python,how can i convert a string to an integer in java,what is a list comprehension in python
499,How can I remove a table from a database efficiently?,What SQL command is used to delete a table using a simple approach?,1,DBMS,how can i remove a table from a database efficiently,what sql command is used to delete a table using a simple approach
500,What is the difference between == and equals in Java?,What is CPU scheduling?,0,Java vs Operating Systems,what is the difference between and equals in java,what is cpu scheduling
501,What is the difference between process and thread in a program?,How does a process differ from a thread in an operating system using a simple approach?,1,Operating Systems,what is the difference between process and thread in a program,how does a process differ from a thread in an operating system using a simple approach
502,How do I center a div using CSS?,What is the best way to horizontally and vertically center a div in CSS?,1,Web Development,how do i center a div using css,what is the best way to horizontally and vertically center a div in css
503,What is the difference between BFS and DFS?,What is a MAC address?,0,DSA vs Computer Networks,what is the difference between bfs and dfs,what is a mac address
504,How can I what are acid properties?,What do the ACID properties of database transactions mean?,1,DBMS,how can i what are acid properties,what do the acid properties of database transactions mean
505,How can I remove duplicate elements from an ArrayList?,What is a system call?,0,Java vs Operating Systems,how can i remove duplicate elements from an arraylist,what is a system call
506,How do I iterate through a HashMap in Java in a program?,What is the correct way to loop over a HashMap in Java step by step?,1,Java,how do i iterate through a hashmap in java in a program,what is the correct way to loop over a hashmap in java step by step
507,How can I load an external CSS file?,What is the correct way to link an external stylesheet to HTML?,1,Web Development,how can i load an external css file,what is the correct way to link an external stylesheet to html
508,What is the difference between TCP and UDP?,What is dynamic programming in algorithms?,0,Computer Networks vs DSA,what is the difference between tcp and udp,what is dynamic programming in algorithms
509,How can I merge two dictionaries in Python?,What is a critical section?,0,Python vs Operating Systems,how can i merge two dictionaries in python,what is a critical section
510,How can I how does round robin scheduling work?,What is the working principle of round robin CPU scheduling using a simple approach?,1,Operating Systems,how can i how does round robin scheduling work,what is the working principle of round robin cpu scheduling using a simple approach
511,How can I reverse a string in Java?,What is the best way to reverse a String using Java?,1,Java,how can i reverse a string in java,what is the best way to reverse a string using java
512,How can I what is packet switching?,Can you explain packet switching in computer networks efficiently?,1,Computer Networks,how can i what is packet switching,can you explain packet switching in computer networks efficiently
513,How do I find the length of a list in Python?,How can I get the number of items in a Python list?,1,Python,how do i find the length of a list in python,how can i get the number of items in a python list
514,What is the difference between BFS and DFS?,What are ACID properties?,0,DSA vs DBMS,what is the difference between bfs and dfs,what are acid properties
515,How do I add JavaScript to an HTML page?,What is a semaphore in OS?,0,Web Development vs Operating Systems,how do i add javascript to an html page,what is a semaphore in os
516,How can I remove duplicate elements from an ArrayList?,What is the difference between IPv4 and IPv6?,0,Java vs Computer Networks,how can i remove duplicate elements from an arraylist,what is the difference between ipv4 and ipv6
517,What is packet switching?,How can I find the height of a binary tree?,0,Computer Networks vs DSA,what is packet switching,how can i find the height of a binary tree
518,How do I perform an inorder traversal of a binary tree?,What is the procedure for inorder traversal in a binary tree?,1,DSA,how do i perform an inorder traversal of a binary tree,what is the procedure for inorder traversal in a binary tree
519,How can I implement binary search?,How do I find the length of a list in Python?,0,DSA vs Python,how can i implement binary search,how do i find the length of a list in python
520,How can I change text color using CSS?,What is the difference between == and equals in Java?,0,Web Development vs Java,how can i change text color using css,what is the difference between and equals in java
521,How can I merge two dictionaries in Python?,What is the DOM in JavaScript?,0,Python vs Web Development,how can i merge two dictionaries in python,what is the dom in javascript
522,What is a list comprehension in Python?,How can I add an event listener in JavaScript?,0,Python vs Web Development,what is a list comprehension in python,how can i add an event listener in javascript
523,What is the best way to what is dns?,What is the purpose of the Domain Name System in a program?,1,Computer Networks,what is the best way to what is dns,what is the purpose of the domain name system in a program
524,What is the OSI model?,How can I find the shortest path in a graph?,0,Computer Networks vs DSA,what is the osi model,how can i find the shortest path in a graph
525,What is a subnet mask in a program?,What is the purpose of a subnet mask in networking using a simple approach?,1,Computer Networks,what is a subnet mask in a program,what is the purpose of a subnet mask in networking using a simple approach
526,How can I check if a string contains a substring in Python?,How do I test whether a Python string contains another string?,1,Python,how can i check if a string contains a substring in python,how do i test whether a python string contains another string
527,How do I sort query results in SQL?,How can I read a CSV file in Python?,0,DBMS vs Python,how do i sort query results in sql,how can i read a csv file in python
528,How do I convert an ArrayList to an array?,How can I validate an HTML form using JavaScript?,0,Java vs Web Development,how do i convert an arraylist to an array,how can i validate an html form using javascript
529,How can I implement binary search?,How can I convert a string to an integer in Java?,0,DSA vs Java,how can i implement binary search,how can i convert a string to an integer in java
530,How do I split a string in Java using a simple approach?,What method can I use to split a String into parts in Java in a program?,1,Java,how do i split a string in java using a simple approach,what method can i use to split a string into parts in java in a program
531,How do I what is a composite key?,Can you explain the meaning of a composite key in DBMS using a simple approach?,1,DBMS,how do i what is a composite key,can you explain the meaning of a composite key in dbms using a simple approach
532,What is a network topology?,What does network topology mean step by step?,1,Computer Networks,what is a network topology,what does network topology mean step by step
533,What is a thread in OS?,How do I check if a key exists in a Python dictionary?,0,Operating Systems vs Python,what is a thread in os,how do i check if a key exists in a python dictionary
534,What is the difference between IPv4 and IPv6?,How can I implement a queue using two stacks?,0,Computer Networks vs DSA,what is the difference between ipv4 and ipv6,how can i implement a queue using two stacks
535,How do I sort query results in SQL?,What SQL clause is used to sort query output?,1,DBMS,how do i sort query results in sql,what sql clause is used to sort query output
536,What is packet switching using a simple approach?,Can you explain packet switching in computer networks using a simple approach?,1,Computer Networks,what is packet switching using a simple approach,can you explain packet switching in computer networks using a simple approach
537,What is the difference between == and equals in Java?,What is a composite key?,0,Java vs DBMS,what is the difference between and equals in java,what is a composite key
538,How do I hide an element using CSS?,What is the difference between == and equals in Java?,0,Web Development vs Java,how do i hide an element using css,what is the difference between and equals in java
539,How do I iterate through a HashMap in Java?,How do I change a font size with CSS?,0,Java vs Web Development,how do i iterate through a hashmap in java,how do i change a font size with css
540,What is a firewall in a program?,What is the role of a firewall in a network efficiently?,1,Computer Networks,what is a firewall in a program,what is the role of a firewall in a network efficiently
541,How can I add an event listener in JavaScript?,How can I implement binary search?,0,Web Development vs DSA,how can i add an event listener in javascript,how can i implement binary search
542,How can I find the shortest path in a graph?,How can I update records in SQL?,0,DSA vs DBMS,how can i find the shortest path in a graph,how can i update records in sql
543,How can I update records in SQL?,How can I add an event listener in JavaScript?,0,DBMS vs Web Development,how can i update records in sql,how can i add an event listener in javascript
544,How do I find the length of a list in Python?,How does ARP work?,0,Python vs Computer Networks,how do i find the length of a list in python,how does arp work
545,What is context switching?,What is a subnet mask?,0,Operating Systems vs Computer Networks,what is context switching,what is a subnet mask
546,What method can I use to remove duplicates from a python list?,What is a simple way to eliminate duplicate values from a list in Python using a simple approach?,1,Python,what method can i use to remove duplicates from a python list,what is a simple way to eliminate duplicate values from a list in python using a simple approach
547,How do I sort query results in SQL?,How do I find the length of a list in Python?,0,DBMS vs Python,how do i sort query results in sql,how do i find the length of a list in python
548,How do I remove an item from a Python list using a simple approach?,What are the ways to delete an element from a Python list using a simple approach?,1,Python,how do i remove an item from a python list using a simple approach,what are the ways to delete an element from a python list using a simple approach
549,How do I add JavaScript to an HTML page step by step?,What is the correct way to include JavaScript in an HTML document efficiently?,1,Web Development,how do i add javascript to an html page step by step,what is the correct way to include javascript in an html document efficiently
550,How can I count occurrences of an item in a Python list?,What is the way to count how many times a value appears in a Python list?,1,Python,how can i count occurrences of an item in a python list,what is the way to count how many times a value appears in a python list
551,How can I what is a subnet mask?,What is the purpose of a subnet mask in networking?,1,Computer Networks,how can i what is a subnet mask,what is the purpose of a subnet mask in networking
552,What is a simple way to what is a router?,What is the function of a router in a computer network in a program?,1,Computer Networks,what is a simple way to what is a router,what is the function of a router in a computer network in a program
553,What is deadlock in operating systems efficiently?,Can you explain the concept of deadlock in OS using a simple approach?,1,Operating Systems,what is deadlock in operating systems efficiently,can you explain the concept of deadlock in os using a simple approach
554,What is latency in networking?,How do I create a thread in Java?,0,Computer Networks vs Java,what is latency in networking,how do i create a thread in java
555,What is a foreign key?,How can I check whether a string contains a word in Java?,0,DBMS vs Java,what is a foreign key,how can i check whether a string contains a word in java
556,How can I implement a min heap step by step?,What is the approach for implementing a minimum heap efficiently?,1,DSA,how can i implement a min heap step by step,what is the approach for implementing a minimum heap efficiently
557,Can you explain how to what is the time complexity of binary search?,How much time does binary search take in terms of complexity using a simple approach?,1,DSA,can you explain how to what is the time complexity of binary search,how much time does binary search take in terms of complexity using a simple approach
558,How can I convert a string to an integer in Java?,How can I convert a string to lowercase in Python?,0,Java vs Python,how can i convert a string to an integer in java,how can i convert a string to lowercase in python
559,How can I how does arp work?,Can you explain the working of the Address Resolution Protocol?,1,Computer Networks,how can i how does arp work,can you explain the working of the address resolution protocol
560,Can you explain how to what is a firewall?,What is the role of a firewall in a network step by step?,1,Computer Networks,can you explain how to what is a firewall,what is the role of a firewall in a network step by step
561,How can I detect duplicate elements in an array?,What is the difference between HTML and CSS?,0,DSA vs Web Development,how can i detect duplicate elements in an array,what is the difference between html and css
562,How can I sort a list in Python?,What is the best way to arrange the elements of a Python list?,1,Python,how can i sort a list in python,what is the best way to arrange the elements of a python list
563,How does the fork system call work?,How do I create a virtual environment in Python?,0,Operating Systems vs Python,how does the fork system call work,how do i create a virtual environment in python
564,How can I implement a min heap?,How do I remove duplicates from a Python list?,0,DSA vs Python,how can i implement a min heap,how do i remove duplicates from a python list
565,How does HTTP work?,What is the time complexity of binary search?,0,Computer Networks vs DSA,how does http work,what is the time complexity of binary search
566,What is a thread in OS using a simple approach?,What does a thread represent in an operating system in a program?,1,Operating Systems,what is a thread in os using a simple approach,what does a thread represent in an operating system in a program
567,How can I implement a min heap?,What is context switching?,0,DSA vs Operating Systems,how can i implement a min heap,what is context switching
568,What is the difference between process and thread?,How do I find the middle node of a linked list?,0,Operating Systems vs DSA,what is the difference between process and thread,how do i find the middle node of a linked list
569,How do I remove duplicates from a Python list?,What is demand paging?,0,Python vs Operating Systems,how do i remove duplicates from a python list,what is demand paging
570,What is a list comprehension in Python?,What is a MAC address?,0,Python vs Computer Networks,what is a list comprehension in python,what is a mac address
571,What is latency in networking?,Can you explain latency in a computer network?,1,Computer Networks,what is latency in networking,can you explain latency in a computer network
572,What is deadlock in operating systems?,Can you explain the concept of deadlock in OS?,1,Operating Systems,what is deadlock in operating systems,can you explain the concept of deadlock in os
573,How can I sort a list in Python in a program?,What is the best way to arrange the elements of a Python list step by step?,1,Python,how can i sort a list in python in a program,what is the best way to arrange the elements of a python list step by step
574,What is the time complexity of binary search?,What is a foreign key?,0,DSA vs DBMS,what is the time complexity of binary search,what is a foreign key
575,What is the difference between WHERE and HAVING?,How can I check if a string contains a substring in Python?,0,DBMS vs Python,what is the difference between where and having,how can i check if a string contains a substring in python
576,How do I select an element by ID in JavaScript?,What is virtual memory?,0,Web Development vs Operating Systems,how do i select an element by id in javascript,what is virtual memory
577,What is a router?,How can I read a CSV file in Python?,0,Computer Networks vs Python,what is a router,how can i read a csv file in python
578,How can I reverse a string in Java?,What is virtual memory?,0,Java vs Operating Systems,how can i reverse a string in java,what is virtual memory
579,How can I implement a queue using two stacks?,What is the approach for building a queue from two stacks?,1,DSA,how can i implement a queue using two stacks,what is the approach for building a queue from two stacks
580,What method can I use to what is the difference between delete and truncate?,How are SQL DELETE and TRUNCATE different in a program?,1,DBMS,what method can i use to what is the difference between delete and truncate,how are sql delete and truncate different in a program
581,What is dynamic programming in algorithms step by step?,Can you explain the concept of dynamic programming in DSA efficiently?,1,DSA,what is dynamic programming in algorithms step by step,can you explain the concept of dynamic programming in dsa efficiently
582,What is the difference between WHERE and HAVING?,How can I implement a stack using an array?,0,DBMS vs DSA,what is the difference between where and having,how can i implement a stack using an array
583,What is the best way to what is virtual memory?,Can you explain the concept of virtual memory in an operating system step by step?,1,Operating Systems,what is the best way to what is virtual memory,can you explain the concept of virtual memory in an operating system step by step
584,What method can I use to find the middle node of a linked list?,What is a way to locate the middle element in a linked list using a simple approach?,1,DSA,what method can i use to find the middle node of a linked list,what is a way to locate the middle element in a linked list using a simple approach
585,How can I what is a list comprehension in python?,Can you explain list comprehensions in Python step by step?,1,Python,how can i what is a list comprehension in python,can you explain list comprehensions in python step by step
586,What method can I use to what is dynamic programming in algorithms?,Can you explain the concept of dynamic programming in DSA efficiently?,1,DSA,what method can i use to what is dynamic programming in algorithms,can you explain the concept of dynamic programming in dsa efficiently
587,How can I reverse a string in Java?,How do I sort query results in SQL?,0,Java vs DBMS,how can i reverse a string in java,how do i sort query results in sql
588,What is a composite key step by step?,Can you explain the meaning of a composite key in DBMS using a simple approach?,1,DBMS,what is a composite key step by step,can you explain the meaning of a composite key in dbms using a simple approach
589,Can you explain how to count rows in an sql table?,What SQL query can I use to count records in a table using a simple approach?,1,DBMS,can you explain how to count rows in an sql table,what sql query can i use to count records in a table using a simple approach
590,How do I create a dropdown menu in HTML?,What is the difference between BFS and DFS?,0,Web Development vs DSA,how do i create a dropdown menu in html,what is the difference between bfs and dfs
591,What is CPU scheduling?,What is method overloading in Java?,0,Operating Systems vs Java,what is cpu scheduling,what is method overloading in java
592,What method can I use to reverse a linked list?,What is the procedure to reverse a linked list?,1,DSA,what method can i use to reverse a linked list,what is the procedure to reverse a linked list
593,What method can I use to remove an item from a python list?,What are the ways to delete an element from a Python list using a simple approach?,1,Python,what method can i use to remove an item from a python list,what are the ways to delete an element from a python list using a simple approach
594,What is DNS?,How do I find the largest number in a Python list?,0,Computer Networks vs Python,what is dns,how do i find the largest number in a python list
595,What is the difference between BFS and DFS efficiently?,How are breadth-first search and depth-first search different step by step?,1,DSA,what is the difference between bfs and dfs efficiently,how are breadth first search and depth first search different step by step
596,What is the difference between WHERE and HAVING?,How does the SQL WHERE clause differ from HAVING?,1,DBMS,what is the difference between where and having,how does the sql where clause differ from having
597,What is the best way to what is a foreign key?,Can you explain what a foreign key does in a database step by step?,1,DBMS,what is the best way to what is a foreign key,can you explain what a foreign key does in a database step by step
598,How can I detect duplicate elements in an array?,What is a method for finding repeated values in an array?,1,DSA,how can i detect duplicate elements in an array,what is a method for finding repeated values in an array
599,How do I find the largest number in a Python list step by step?,How can I get the maximum value from a list in Python in a program?,1,Python,how do i find the largest number in a python list step by step,how can i get the maximum value from a list in python in a program
600,How do I convert an ArrayList to an array efficiently?,What is the way to convert an ArrayList into an array in Java in a program?,1,Java,how do i convert an arraylist to an array efficiently,what is the way to convert an arraylist into an array in java in a program
601,How do I make a website responsive?,What techniques can I use to make a web page responsive?,1,Web Development,how do i make a website responsive,what techniques can i use to make a web page responsive
602,How can I find the length of an array in Java step by step?,How do I get the number of elements in a Java array using a simple approach?,1,Java,how can i find the length of an array in java step by step,how do i get the number of elements in a java array using a simple approach
603,What is a race condition in a program?,Can you explain race conditions in operating systems step by step?,1,Operating Systems,what is a race condition in a program,can you explain race conditions in operating systems step by step
604,How can I implement a queue using two stacks?,How does ARP work?,0,DSA vs Computer Networks,how can i implement a queue using two stacks,how does arp work
605,What is the difference between process and thread?,How does a process differ from a thread in an operating system?,1,Operating Systems,what is the difference between process and thread,how does a process differ from a thread in an operating system
606,What is a list comprehension in Python?,Can you explain list comprehensions in Python?,1,Python,what is a list comprehension in python,can you explain list comprehensions in python
607,How do I find the largest number in a Python list?,What is a system call?,0,Python vs Operating Systems,how do i find the largest number in a python list,what is a system call
608,How do I read a file line by line in Java?,What is dynamic programming in algorithms?,0,Java vs DSA,how do i read a file line by line in java,what is dynamic programming in algorithms
609,How do I sort query results in SQL?,How can I convert a string to lowercase in Python?,0,DBMS vs Python,how do i sort query results in sql,how can i convert a string to lowercase in python
610,How does HTTP work?,How do I find the middle node of a linked list?,0,Computer Networks vs DSA,how does http work,how do i find the middle node of a linked list
611,How can I find the maximum value in an integer array?,What is the DOM in JavaScript?,0,Java vs Web Development,how can i find the maximum value in an integer array,what is the dom in javascript
612,How do I remove an item from a Python list?,What is virtual memory?,0,Python vs Operating Systems,how do i remove an item from a python list,what is virtual memory
613,What is the OSI model?,How does the fork system call work?,0,Computer Networks vs Operating Systems,what is the osi model,how does the fork system call work
614,What is virtual memory using a simple approach?,Can you explain the concept of virtual memory in an operating system step by step?,1,Operating Systems,what is virtual memory using a simple approach,can you explain the concept of virtual memory in an operating system step by step
615,What is a thread in OS?,What is latency in networking?,0,Operating Systems vs Computer Networks,what is a thread in os,what is latency in networking
616,How can I remove a table from a database step by step?,What SQL command is used to delete a table step by step?,1,DBMS,how can i remove a table from a database step by step,what sql command is used to delete a table step by step
617,What is paging in operating systems?,What is latency in networking?,0,Operating Systems vs Computer Networks,what is paging in operating systems,what is latency in networking
618,What is dynamic programming in algorithms?,How does DHCP work?,0,DSA vs Computer Networks,what is dynamic programming in algorithms,how does dhcp work
619,Can you explain how to read a file line by line in java?,What is the method for reading a file one line at a time in Java efficiently?,1,Java,can you explain how to read a file line by line in java,what is the method for reading a file one line at a time in java efficiently
620,How does the fork system call work?,How do I perform an inorder traversal of a binary tree?,0,Operating Systems vs DSA,how does the fork system call work,how do i perform an inorder traversal of a binary tree
621,How do I change a font size with CSS?,What CSS property controls the size of text?,1,Web Development,how do i change a font size with css,what css property controls the size of text
622,What method can I use to what is virtual memory?,Can you explain the concept of virtual memory in an operating system in a program?,1,Operating Systems,what method can i use to what is virtual memory,can you explain the concept of virtual memory in an operating system in a program
623,How can I change an element's background color with CSS?,What CSS property changes the background color of an element?,1,Web Development,how can i change an element s background color with css,what css property changes the background color of an element
624,What is a simple way to what is method overloading in java?,Can you explain method overloading with Java methods using a simple approach?,1,Java,what is a simple way to what is method overloading in java,can you explain method overloading with java methods using a simple approach
625,What is the DOM in JavaScript?,How does the fork system call work?,0,Web Development vs Operating Systems,what is the dom in javascript,how does the fork system call work
626,How can I implement a stack using an array?,How do I read a file line by line in Java?,0,DSA vs Java,how can i implement a stack using an array,how do i read a file line by line in java
627,What is latency in networking?,How do I iterate through a HashMap in Java?,0,Computer Networks vs Java,what is latency in networking,how do i iterate through a hashmap in java
628,Can you explain how to what is the difference between ipv4 and ipv6?,How are IPv4 and IPv6 different efficiently?,1,Computer Networks,can you explain how to what is the difference between ipv4 and ipv6,how are ipv4 and ipv6 different efficiently
629,What is the time complexity of binary search?,How much time does binary search take in terms of complexity?,1,DSA,what is the time complexity of binary search,how much time does binary search take in terms of complexity
630,What is a simple way to what is the dom in javascript?,Can you explain the Document Object Model in JavaScript using a simple approach?,1,Web Development,what is a simple way to what is the dom in javascript,can you explain the document object model in javascript using a simple approach
631,What is a list comprehension in Python efficiently?,Can you explain list comprehensions in Python efficiently?,1,Python,what is a list comprehension in python efficiently,can you explain list comprehensions in python efficiently
632,What is a race condition efficiently?,Can you explain race conditions in operating systems in a program?,1,Operating Systems,what is a race condition efficiently,can you explain race conditions in operating systems in a program
633,What is a foreign key?,Can you explain what a foreign key does in a database?,1,DBMS,what is a foreign key,can you explain what a foreign key does in a database
634,How can I find the maximum value in an integer array?,How do I change a font size with CSS?,0,Java vs Web Development,how can i find the maximum value in an integer array,how do i change a font size with css
635,How can I find the maximum value in an integer array step by step?,How do I get the largest element from an int array in Java?,1,Java,how can i find the maximum value in an integer array step by step,how do i get the largest element from an int array in java
636,What is the best way to remove duplicate elements from an arraylist?,How do I eliminate duplicate values from an ArrayList in Java step by step?,1,Java,what is the best way to remove duplicate elements from an arraylist,how do i eliminate duplicate values from an arraylist in java step by step
637,How do I check if a key exists in a Python dictionary?,What is a foreign key?,0,Python vs DBMS,how do i check if a key exists in a python dictionary,what is a foreign key
638,How can I validate an HTML form using JavaScript?,What is a way to validate form inputs with JavaScript?,1,Web Development,how can i validate an html form using javascript,what is a way to validate form inputs with javascript
639,Can you explain how to what is deadlock in operating systems?,Can you explain the concept of deadlock in OS using a simple approach?,1,Operating Systems,can you explain how to what is deadlock in operating systems,can you explain the concept of deadlock in os using a simple approach
640,What is an IP address?,What is normalization in DBMS?,0,Computer Networks vs DBMS,what is an ip address,what is normalization in dbms
641,What is demand paging?,What is packet switching?,0,Operating Systems vs Computer Networks,what is demand paging,what is packet switching
642,How can I implement a min heap?,What is the approach for implementing a minimum heap?,1,DSA,how can i implement a min heap,what is the approach for implementing a minimum heap
643,How can I create a button in HTML?,How do I count rows in an SQL table?,0,Web Development vs DBMS,how can i create a button in html,how do i count rows in an sql table
644,How do I create a dropdown menu in HTML?,How can I reverse a string in Java?,0,Web Development vs Java,how do i create a dropdown menu in html,how can i reverse a string in java
645,What is a transaction in DBMS?,What is a list comprehension in Python?,0,DBMS vs Python,what is a transaction in dbms,what is a list comprehension in python
646,How do I add JavaScript to an HTML page?,What is the correct way to include JavaScript in an HTML document?,1,Web Development,how do i add javascript to an html page,what is the correct way to include javascript in an html document
647,How does ARP work?,What is a transaction in DBMS?,0,Computer Networks vs DBMS,how does arp work,what is a transaction in dbms
648,How do I detect a cycle in a linked list in a program?,What is a method for finding a loop in a linked list efficiently?,1,DSA,how do i detect a cycle in a linked list in a program,what is a method for finding a loop in a linked list efficiently
649,How does round robin scheduling work step by step?,What is the working principle of round robin CPU scheduling in a program?,1,Operating Systems,how does round robin scheduling work step by step,what is the working principle of round robin cpu scheduling in a program
650,How do I sort a list in python?,What is the best way to arrange the elements of a Python list step by step?,1,Python,how do i sort a list in python,what is the best way to arrange the elements of a python list step by step
651,How do I what is demand paging?,How does demand paging work in virtual memory using a simple approach?,1,Operating Systems,how do i what is demand paging,how does demand paging work in virtual memory using a simple approach
652,What is virtual memory?,Can you explain the concept of virtual memory in an operating system efficiently?,1,Operating Systems,what is virtual memory,can you explain the concept of virtual memory in an operating system efficiently
653,What method can I use to convert a string to an integer in java?,How do I convert a String value into an int in Java efficiently?,1,Java,what method can i use to convert a string to an integer in java,how do i convert a string value into an int in java efficiently
654,What is a router?,How can I handle exceptions in Java?,0,Computer Networks vs Java,what is a router,how can i handle exceptions in java
655,What method can I use to center a div using css?,What is the best way to horizontally and vertically center a div in CSS efficiently?,1,Web Development,what method can i use to center a div using css,what is the best way to horizontally and vertically center a div in css efficiently
656,How can I implement binary search in a program?,What is the method for implementing binary search using a simple approach?,1,DSA,how can i implement binary search in a program,what is the method for implementing binary search using a simple approach
657,What method can I use to what is a list comprehension in python?,Can you explain list comprehensions in Python in a program?,1,Python,what method can i use to what is a list comprehension in python,can you explain list comprehensions in python in a program
658,Can you explain how to find duplicate rows using sql?,What SQL query can be used to identify duplicate records in a program?,1,DBMS,can you explain how to find duplicate rows using sql,what sql query can be used to identify duplicate records in a program
659,What is the best way to what is the time complexity of binary search?,How much time does binary search take in terms of complexity efficiently?,1,DSA,what is the best way to what is the time complexity of binary search,how much time does binary search take in terms of complexity efficiently
660,How can I sort a list in Python?,How do I add JavaScript to an HTML page?,0,Python vs Web Development,how can i sort a list in python,how do i add javascript to an html page
661,How can I check if a key exists in a python dictionary?,How can I test whether a dictionary contains a specific key in Python using a simple approach?,1,Python,how can i check if a key exists in a python dictionary,how can i test whether a dictionary contains a specific key in python using a simple approach
662,What are ACID properties?,How do I add JavaScript to an HTML page?,0,DBMS vs Web Development,what are acid properties,how do i add javascript to an html page
663,What is a subnet mask in a program?,What is the purpose of a subnet mask in networking in a program?,1,Computer Networks,what is a subnet mask in a program,what is the purpose of a subnet mask in networking in a program
664,How do I count rows in an SQL table?,How can I implement binary search?,0,DBMS vs DSA,how do i count rows in an sql table,how can i implement binary search
665,How can I find the height of a binary tree efficiently?,What is the method to calculate the height of a binary tree efficiently?,1,DSA,how can i find the height of a binary tree efficiently,what is the method to calculate the height of a binary tree efficiently
666,What is the difference between BFS and DFS efficiently?,How are breadth-first search and depth-first search different using a simple approach?,1,DSA,what is the difference between bfs and dfs efficiently,how are breadth first search and depth first search different using a simple approach
667,What is the difference between BFS and DFS?,What is a subnet mask?,0,DSA vs Computer Networks,what is the difference between bfs and dfs,what is a subnet mask
668,What method can I use to what is a foreign key?,Can you explain what a foreign key does in a database in a program?,1,DBMS,what method can i use to what is a foreign key,can you explain what a foreign key does in a database in a program
669,How does round robin scheduling work?,How do I check if a key exists in a Python dictionary?,0,Operating Systems vs Python,how does round robin scheduling work,how do i check if a key exists in a python dictionary
670,What is the best way to update records in sql?,What is the SQL syntax for modifying existing records using a simple approach?,1,DBMS,what is the best way to update records in sql,what is the sql syntax for modifying existing records using a simple approach
671,Can you explain how to what is a mac address?,Can you explain what a MAC address represents step by step?,1,Computer Networks,can you explain how to what is a mac address,can you explain what a mac address represents step by step
672,What is a composite key?,How can I find the shortest path in a graph?,0,DBMS vs DSA,what is a composite key,how can i find the shortest path in a graph
673,What method can I use to what is a foreign key?,Can you explain what a foreign key does in a database step by step?,1,DBMS,what method can i use to what is a foreign key,can you explain what a foreign key does in a database step by step
674,How can I implement a stack using an array?,What is a network topology?,0,DSA vs Computer Networks,how can i implement a stack using an array,what is a network topology
675,How do I what is dynamic programming in algorithms?,Can you explain the concept of dynamic programming in DSA using a simple approach?,1,DSA,how do i what is dynamic programming in algorithms,can you explain the concept of dynamic programming in dsa using a simple approach
676,What is context switching?,What is the difference between WHERE and HAVING?,0,Operating Systems vs DBMS,what is context switching,what is the difference between where and having
677,How can I check whether a string contains a word in Java step by step?,How do I test if a Java String contains a particular word in a program?,1,Java,how can i check whether a string contains a word in java step by step,how do i test if a java string contains a particular word in a program
678,How do I what is latency in networking?,Can you explain latency in a computer network efficiently?,1,Computer Networks,how do i what is latency in networking,can you explain latency in a computer network efficiently
679,How do I detect duplicate elements in an array?,What is a method for finding repeated values in an array in a program?,1,DSA,how do i detect duplicate elements in an array,what is a method for finding repeated values in an array in a program
680,How does round robin scheduling work?,What is the working principle of round robin CPU scheduling?,1,Operating Systems,how does round robin scheduling work,what is the working principle of round robin cpu scheduling
681,What is a MAC address?,What is a race condition?,0,Computer Networks vs Operating Systems,what is a mac address,what is a race condition
682,What is a primary key in DBMS?,What is the difference between BFS and DFS?,0,DBMS vs DSA,what is a primary key in dbms,what is the difference between bfs and dfs
683,What is the difference between TCP and UDP?,How do TCP and UDP differ in networking?,1,Computer Networks,what is the difference between tcp and udp,how do tcp and udp differ in networking
684,What is the difference between TCP and UDP efficiently?,How do TCP and UDP differ in networking efficiently?,1,Computer Networks,what is the difference between tcp and udp efficiently,how do tcp and udp differ in networking efficiently
685,How can I check whether a string contains a word in Java?,What is a router?,0,Java vs Computer Networks,how can i check whether a string contains a word in java,what is a router
686,How can I detect duplicate elements in an array?,How can I find the length of an array in Java?,0,DSA vs Java,how can i detect duplicate elements in an array,how can i find the length of an array in java
687,How can I remove a table from a database?,How do I find the middle node of a linked list?,0,DBMS vs DSA,how can i remove a table from a database,how do i find the middle node of a linked list
688,How do I select an element by ID in JavaScript?,What is the JavaScript method for selecting an element using its ID?,1,Web Development,how do i select an element by id in javascript,what is the javascript method for selecting an element using its id
689,How does round robin scheduling work?,What is a composite key?,0,Operating Systems vs DBMS,how does round robin scheduling work,what is a composite key
690,How do I hide an element using CSS?,What is the difference between IPv4 and IPv6?,0,Web Development vs Computer Networks,how do i hide an element using css,what is the difference between ipv4 and ipv6
691,Can you explain how to what is the osi model?,Can you explain the seven-layer OSI model in a program?,1,Computer Networks,can you explain how to what is the osi model,can you explain the seven layer osi model in a program
692,What is the difference between BFS and DFS?,How can I change an element's background color with CSS?,0,DSA vs Web Development,what is the difference between bfs and dfs,how can i change an element s background color with css
693,How can I update records in SQL using a simple approach?,What is the SQL syntax for modifying existing records step by step?,1,DBMS,how can i update records in sql using a simple approach,what is the sql syntax for modifying existing records step by step
694,How do I iterate through a HashMap in Java?,What is the time complexity of merge sort?,0,Java vs DSA,how do i iterate through a hashmap in java,what is the time complexity of merge sort
695,Can you explain how to what is demand paging?,How does demand paging work in virtual memory in a program?,1,Operating Systems,can you explain how to what is demand paging,how does demand paging work in virtual memory in a program
696,What is dynamic programming in algorithms?,Can you explain the concept of dynamic programming in DSA?,1,DSA,what is dynamic programming in algorithms,can you explain the concept of dynamic programming in dsa
697,What is the difference between HTML and CSS?,How are HTML and CSS different in web development?,1,Web Development,what is the difference between html and css,how are html and css different in web development
698,How do I read a csv file in python?,What is the method to load a CSV file using Python?,1,Python,how do i read a csv file in python,what is the method to load a csv file using python
699,What is a MAC address efficiently?,Can you explain what a MAC address represents step by step?,1,Computer Networks,what is a mac address efficiently,can you explain what a mac address represents step by step
700,How do I sort an array in Java?,How can I sort a list in Python?,0,Java vs Python,how do i sort an array in java,how can i sort a list in python
701,What is a critical section?,What is the time complexity of merge sort?,0,Operating Systems vs DSA,what is a critical section,what is the time complexity of merge sort
702,What is an IP address?,How can I sort a list in Python?,0,Computer Networks vs Python,what is an ip address,how can i sort a list in python
703,How can I convert a string to an integer in Java in a program?,How do I convert a String value into an int in Java step by step?,1,Java,how can i convert a string to an integer in java in a program,how do i convert a string value into an int in java step by step
704,How does HTTP work?,What are ACID properties?,0,Computer Networks vs DBMS,how does http work,what are acid properties
705,How does DHCP work?,How do I find duplicate rows using SQL?,0,Computer Networks vs DBMS,how does dhcp work,how do i find duplicate rows using sql
706,What is a simple way to read a csv file in python?,What is the method to load a CSV file using Python using a simple approach?,1,Python,what is a simple way to read a csv file in python,what is the method to load a csv file using python using a simple approach
707,What is CPU scheduling step by step?,Can you explain CPU scheduling in an operating system?,1,Operating Systems,what is cpu scheduling step by step,can you explain cpu scheduling in an operating system
708,Can you explain how to add javascript to an html page?,What is the correct way to include JavaScript in an HTML document?,1,Web Development,can you explain how to add javascript to an html page,what is the correct way to include javascript in an html document
709,How do I center a div using CSS?,What is the time complexity of merge sort?,0,Web Development vs DSA,how do i center a div using css,what is the time complexity of merge sort
710,How do I sort an array in Java?,What is the easiest way to sort an array using Java?,1,Java,how do i sort an array in java,what is the easiest way to sort an array using java
711,How do I find the middle node of a linked list?,What is the difference between WHERE and HAVING?,0,DSA vs DBMS,how do i find the middle node of a linked list,what is the difference between where and having
712,How do I convert an ArrayList to an array?,What is the way to convert an ArrayList into an array in Java?,1,Java,how do i convert an arraylist to an array,what is the way to convert an arraylist into an array in java
713,How do I select an element by ID in JavaScript?,What is a thread in OS?,0,Web Development vs Operating Systems,how do i select an element by id in javascript,what is a thread in os
714,How do I make a website responsive?,What is a MAC address?,0,Web Development vs Computer Networks,how do i make a website responsive,what is a mac address
715,What is demand paging efficiently?,How does demand paging work in virtual memory in a program?,1,Operating Systems,what is demand paging efficiently,how does demand paging work in virtual memory in a program
716,What is a foreign key?,How can I handle exceptions in Java?,0,DBMS vs Java,what is a foreign key,how can i handle exceptions in java
717,What is the difference between DELETE and TRUNCATE step by step?,How are SQL DELETE and TRUNCATE different?,1,DBMS,what is the difference between delete and truncate step by step,how are sql delete and truncate different
718,How can I merge two dictionaries in Python?,What are the ways to combine two Python dictionaries?,1,Python,how can i merge two dictionaries in python,what are the ways to combine two python dictionaries
719,How can I reverse a linked list efficiently?,What is the procedure to reverse a linked list using a simple approach?,1,DSA,how can i reverse a linked list efficiently,what is the procedure to reverse a linked list using a simple approach
720,How can I find the length of an array in Java?,How do I get the number of elements in a Java array?,1,Java,how can i find the length of an array in java,how do i get the number of elements in a java array
721,How can I count rows in an sql table?,What SQL query can I use to count records in a table?,1,DBMS,how can i count rows in an sql table,what sql query can i use to count records in a table
722,What is a simple way to merge two dictionaries in python?,What are the ways to combine two Python dictionaries?,1,Python,what is a simple way to merge two dictionaries in python,what are the ways to combine two python dictionaries
723,What is the time complexity of binary search?,What is the DOM in JavaScript?,0,DSA vs Web Development,what is the time complexity of binary search,what is the dom in javascript
724,What is a router using a simple approach?,What is the function of a router in a computer network efficiently?,1,Computer Networks,what is a router using a simple approach,what is the function of a router in a computer network efficiently
725,How do I find duplicate rows using SQL?,How do I create a dropdown menu in HTML?,0,DBMS vs Web Development,how do i find duplicate rows using sql,how do i create a dropdown menu in html
726,How can I implement a queue using two stacks?,How do I create a dropdown menu in HTML?,0,DSA vs Web Development,how can i implement a queue using two stacks,how do i create a dropdown menu in html
727,How can I implement a stack using an array?,How do I check if a key exists in a Python dictionary?,0,DSA vs Python,how can i implement a stack using an array,how do i check if a key exists in a python dictionary
728,What method can I use to what is the time complexity of merge sort?,How much time complexity does merge sort have step by step?,1,DSA,what method can i use to what is the time complexity of merge sort,how much time complexity does merge sort have step by step
729,What is the best way to center a div using css?,What is the best way to horizontally and vertically center a div in CSS?,1,Web Development,what is the best way to center a div using css,what is the best way to horizontally and vertically center a div in css
730,What is a system call?,How does DHCP work?,0,Operating Systems vs Computer Networks,what is a system call,how does dhcp work
731,What is normalization in DBMS efficiently?,What does database normalization mean?,1,DBMS,what is normalization in dbms efficiently,what does database normalization mean
732,How can I reverse a string in Java?,How do I find the largest number in a Python list?,0,Java vs Python,how can i reverse a string in java,how do i find the largest number in a python list
733,How can I reverse a string in Java efficiently?,What is the best way to reverse a String using Java using a simple approach?,1,Java,how can i reverse a string in java efficiently,what is the best way to reverse a string using java using a simple approach
734,How can I implement binary search?,What is the method for implementing binary search using a simple approach?,1,DSA,how can i implement binary search,what is the method for implementing binary search using a simple approach
735,What is the best way to implement binary search?,What is the method for implementing binary search step by step?,1,DSA,what is the best way to implement binary search,what is the method for implementing binary search step by step
736,What is DNS?,How do I center a div using CSS?,0,Computer Networks vs Web Development,what is dns,how do i center a div using css
737,How can I convert a string to an integer in java?,How do I convert a String value into an int in Java using a simple approach?,1,Java,how can i convert a string to an integer in java,how do i convert a string value into an int in java using a simple approach
738,How can I reverse a string in Java?,How can I add an event listener in JavaScript?,0,Java vs Web Development,how can i reverse a string in java,how can i add an event listener in javascript
739,What is the time complexity of binary search?,How do I find duplicate rows using SQL?,0,DSA vs DBMS,what is the time complexity of binary search,how do i find duplicate rows using sql
740,How can I what is the dom in javascript?,Can you explain the Document Object Model in JavaScript step by step?,1,Web Development,how can i what is the dom in javascript,can you explain the document object model in javascript step by step
741,What is normalization in DBMS?,What does database normalization mean step by step?,1,DBMS,what is normalization in dbms,what does database normalization mean step by step
742,How can I remove a table from a database using a simple approach?,What SQL command is used to delete a table step by step?,1,DBMS,how can i remove a table from a database using a simple approach,what sql command is used to delete a table step by step
743,Can you explain how to make a website responsive?,What techniques can I use to make a web page responsive using a simple approach?,1,Web Development,can you explain how to make a website responsive,what techniques can i use to make a web page responsive using a simple approach
744,How do I sort an array in Java?,How do I center a div using CSS?,0,Java vs Web Development,how do i sort an array in java,how do i center a div using css
745,How does round robin scheduling work step by step?,What is the working principle of round robin CPU scheduling in a program?,1,Operating Systems,how does round robin scheduling work step by step,what is the working principle of round robin cpu scheduling in a program
746,How can I find the height of a binary tree?,What is context switching?,0,DSA vs Operating Systems,how can i find the height of a binary tree,what is context switching
747,What is the OSI model?,What is a transaction in DBMS?,0,Computer Networks vs DBMS,what is the osi model,what is a transaction in dbms
748,How do I find the middle node of a linked list efficiently?,What is a way to locate the middle element in a linked list using a simple approach?,1,DSA,how do i find the middle node of a linked list efficiently,what is a way to locate the middle element in a linked list using a simple approach
749,How do I split a string in Java?,How do I detect a cycle in a linked list?,0,Java vs DSA,how do i split a string in java,how do i detect a cycle in a linked list
750,What is a transaction in DBMS?,Can you explain the concept of a database transaction?,1,DBMS,what is a transaction in dbms,can you explain the concept of a database transaction
751,What is a list comprehension in Python?,How can I implement a queue using two stacks?,0,Python vs DSA,what is a list comprehension in python,how can i implement a queue using two stacks
752,What is dynamic programming in algorithms?,What is the difference between process and thread?,0,DSA vs Operating Systems,what is dynamic programming in algorithms,what is the difference between process and thread
753,What is the time complexity of binary search?,How can I find the length of an array in Java?,0,DSA vs Java,what is the time complexity of binary search,how can i find the length of an array in java
754,How can I check whether a string contains a word in Java using a simple approach?,How do I test if a Java String contains a particular word?,1,Java,how can i check whether a string contains a word in java using a simple approach,how do i test if a java string contains a particular word
755,How can I convert a string to lowercase in Python?,What is paging in operating systems?,0,Python vs Operating Systems,how can i convert a string to lowercase in python,what is paging in operating systems
756,What is a MAC address?,Can you explain what a MAC address represents?,1,Computer Networks,what is a mac address,can you explain what a mac address represents
757,How do I check if a key exists in a python dictionary?,How can I test whether a dictionary contains a specific key in Python using a simple approach?,1,Python,how do i check if a key exists in a python dictionary,how can i test whether a dictionary contains a specific key in python using a simple approach
758,What method can I use to perform an inorder traversal of a binary tree?,What is the procedure for inorder traversal in a binary tree step by step?,1,DSA,what method can i use to perform an inorder traversal of a binary tree,what is the procedure for inorder traversal in a binary tree step by step
759,How do I read a file line by line in Java?,What is the time complexity of binary search?,0,Java vs DSA,how do i read a file line by line in java,what is the time complexity of binary search
760,What is a process in an operating system efficiently?,Can you explain what a process means in an operating system in a program?,1,Operating Systems,what is a process in an operating system efficiently,can you explain what a process means in an operating system in a program
761,What is a firewall?,What is a semaphore in OS?,0,Computer Networks vs Operating Systems,what is a firewall,what is a semaphore in os
762,What method can I use to what is the difference between delete and truncate?,How are SQL DELETE and TRUNCATE different?,1,DBMS,what method can i use to what is the difference between delete and truncate,how are sql delete and truncate different
763,How can I update records in SQL step by step?,What is the SQL syntax for modifying existing records?,1,DBMS,how can i update records in sql step by step,what is the sql syntax for modifying existing records
764,What is the best way to convert a string to lowercase in python?,How do I change a Python string to lowercase using a simple approach?,1,Python,what is the best way to convert a string to lowercase in python,how do i change a python string to lowercase using a simple approach
765,What is demand paging?,How can I load an external CSS file?,0,Operating Systems vs Web Development,what is demand paging,how can i load an external css file
766,What is demand paging?,How can I read a CSV file in Python?,0,Operating Systems vs Python,what is demand paging,how can i read a csv file in python
767,What is the time complexity of merge sort?,What is demand paging?,0,DSA vs Operating Systems,what is the time complexity of merge sort,what is demand paging
768,How do I read a file line by line in Java?,How do I find the middle node of a linked list?,0,Java vs DSA,how do i read a file line by line in java,how do i find the middle node of a linked list
769,What is the difference between BFS and DFS?,How are breadth-first search and depth-first search different?,1,DSA,what is the difference between bfs and dfs,how are breadth first search and depth first search different
770,How can I join two tables in sql?,What is the correct way to combine two tables using an SQL join?,1,DBMS,how can i join two tables in sql,what is the correct way to combine two tables using an sql join
771,How do I sort an array in java?,What is the easiest way to sort an array using Java step by step?,1,Java,how do i sort an array in java,what is the easiest way to sort an array using java step by step
772,Can you explain how to create a thread in java?,What are the ways to create a thread using Java?,1,Java,can you explain how to create a thread in java,what are the ways to create a thread using java
773,How can I reverse a string in Java step by step?,What is the best way to reverse a String using Java?,1,Java,how can i reverse a string in java step by step,what is the best way to reverse a string using java
774,What is the best way to find the length of an array in java?,How do I get the number of elements in a Java array step by step?,1,Java,what is the best way to find the length of an array in java,how do i get the number of elements in a java array step by step
775,How do I find duplicate rows using SQL?,What SQL query can be used to identify duplicate records?,1,DBMS,how do i find duplicate rows using sql,what sql query can be used to identify duplicate records
776,How can I find the length of an array in Java?,How can I find the height of a binary tree?,0,Java vs DSA,how can i find the length of an array in java,how can i find the height of a binary tree
777,What is a router?,What is method overloading in Java?,0,Computer Networks vs Java,what is a router,what is method overloading in java
778,What is a primary key in DBMS?,Can you explain the purpose of a primary key in a database?,1,DBMS,what is a primary key in dbms,can you explain the purpose of a primary key in a database
779,How can I remove duplicate elements from an ArrayList?,How do I eliminate duplicate values from an ArrayList in Java?,1,Java,how can i remove duplicate elements from an arraylist,how do i eliminate duplicate values from an arraylist in java
780,How can I check if a string contains a substring in Python?,What is the difference between BFS and DFS?,0,Python vs DSA,how can i check if a string contains a substring in python,what is the difference between bfs and dfs
781,How do I hide an element using CSS?,What is the difference between process and thread?,0,Web Development vs Operating Systems,how do i hide an element using css,what is the difference between process and thread
782,What method can I use to what is a foreign key?,Can you explain what a foreign key does in a database?,1,DBMS,what method can i use to what is a foreign key,can you explain what a foreign key does in a database
783,What is a foreign key?,What is the time complexity of binary search?,0,DBMS vs DSA,what is a foreign key,what is the time complexity of binary search
784,What is method overloading in Java?,How can I implement binary search?,0,Java vs DSA,what is method overloading in java,how can i implement binary search
785,How can I sort a list in Python?,How can I find the length of an array in Java?,0,Python vs Java,how can i sort a list in python,how can i find the length of an array in java
786,How can I check if a string contains a substring in Python?,What is an index in a database?,0,Python vs DBMS,how can i check if a string contains a substring in python,what is an index in a database
787,What is the difference between TCP and UDP efficiently?,How do TCP and UDP differ in networking in a program?,1,Computer Networks,what is the difference between tcp and udp efficiently,how do tcp and udp differ in networking in a program
788,What method can I use to what is cpu scheduling?,Can you explain CPU scheduling in an operating system step by step?,1,Operating Systems,what method can i use to what is cpu scheduling,can you explain cpu scheduling in an operating system step by step
789,How can I remove duplicate elements from an ArrayList step by step?,How do I eliminate duplicate values from an ArrayList in Java efficiently?,1,Java,how can i remove duplicate elements from an arraylist step by step,how do i eliminate duplicate values from an arraylist in java efficiently
790,Can you explain how to what is the difference between tcp and udp?,How do TCP and UDP differ in networking step by step?,1,Computer Networks,can you explain how to what is the difference between tcp and udp,how do tcp and udp differ in networking step by step
791,What is a system call?,How can I handle exceptions in Java?,0,Operating Systems vs Java,what is a system call,how can i handle exceptions in java
792,How does DHCP work?,How do I split a string in Java?,0,Computer Networks vs Java,how does dhcp work,how do i split a string in java
793,What is a router?,How can I convert a string to lowercase in Python?,0,Computer Networks vs Python,what is a router,how can i convert a string to lowercase in python
794,How do I sort query results in SQL?,How do I convert an ArrayList to an array?,0,DBMS vs Java,how do i sort query results in sql,how do i convert an arraylist to an array
795,How can I what is the dom in javascript?,Can you explain the Document Object Model in JavaScript in a program?,1,Web Development,how can i what is the dom in javascript,can you explain the document object model in javascript in a program
796,How can I join two tables in SQL?,How can I implement a min heap?,0,DBMS vs DSA,how can i join two tables in sql,how can i implement a min heap
797,How do I select an element by ID in JavaScript in a program?,What is the JavaScript method for selecting an element using its ID in a program?,1,Web Development,how do i select an element by id in javascript in a program,what is the javascript method for selecting an element using its id in a program
798,What is CPU scheduling?,How can I check if a string contains a substring in Python?,0,Operating Systems vs Python,what is cpu scheduling,how can i check if a string contains a substring in python
799,How does HTTP work?,Can you explain the working of the HTTP protocol?,1,Computer Networks,how does http work,can you explain the working of the http protocol
800,What is a foreign key?,What is a router?,0,DBMS vs Computer Networks,what is a foreign key,what is a router
801,What is a thread in OS?,What is the OSI model?,0,Operating Systems vs Computer Networks,what is a thread in os,what is the osi model
802,How do I hide an element using CSS?,What is a race condition?,0,Web Development vs Operating Systems,how do i hide an element using css,what is a race condition
803,What is a subnet mask in a program?,What is the purpose of a subnet mask in networking step by step?,1,Computer Networks,what is a subnet mask in a program,what is the purpose of a subnet mask in networking step by step
804,What is a semaphore in OS?,What is the purpose of a semaphore in operating systems?,1,Operating Systems,what is a semaphore in os,what is the purpose of a semaphore in operating systems
805,How do I hide an element using CSS?,How can I remove duplicate elements from an ArrayList?,0,Web Development vs Java,how do i hide an element using css,how can i remove duplicate elements from an arraylist
806,How can I create a button in html?,What HTML code is used to create a button in a program?,1,Web Development,how can i create a button in html,what html code is used to create a button in a program
807,What is a critical section?,How can I change text color using CSS?,0,Operating Systems vs Web Development,what is a critical section,how can i change text color using css
808,How do I find duplicate rows using SQL step by step?,What SQL query can be used to identify duplicate records using a simple approach?,1,DBMS,how do i find duplicate rows using sql step by step,what sql query can be used to identify duplicate records using a simple approach
809,How can I implement binary search?,What is the method for implementing binary search?,1,DSA,how can i implement binary search,what is the method for implementing binary search
810,What is DNS?,How can I reverse a linked list?,0,Computer Networks vs DSA,what is dns,how can i reverse a linked list
811,What is a race condition in a program?,Can you explain race conditions in operating systems in a program?,1,Operating Systems,what is a race condition in a program,can you explain race conditions in operating systems in a program
812,What is a subnet mask?,How can I create a button in HTML?,0,Computer Networks vs Web Development,what is a subnet mask,how can i create a button in html
813,How do I remove duplicates from a python list?,What is a simple way to eliminate duplicate values from a list in Python?,1,Python,how do i remove duplicates from a python list,what is a simple way to eliminate duplicate values from a list in python
814,How can I handle exceptions in Java?,How do I handle exceptions in Python?,0,Java vs Python,how can i handle exceptions in java,how do i handle exceptions in python
815,What is paging in operating systems?,How do I check if a key exists in a Python dictionary?,0,Operating Systems vs Python,what is paging in operating systems,how do i check if a key exists in a python dictionary
816,How can I what is normalization in dbms?,What does database normalization mean in a program?,1,DBMS,how can i what is normalization in dbms,what does database normalization mean in a program
817,How can I join two tables in SQL?,What is the correct way to combine two tables using an SQL join step by step?,1,DBMS,how can i join two tables in sql,what is the correct way to combine two tables using an sql join step by step
818,Can you explain how to find the length of an array in java?,How do I get the number of elements in a Java array using a simple approach?,1,Java,can you explain how to find the length of an array in java,how do i get the number of elements in a java array using a simple approach
819,What is a subnet mask step by step?,What is the purpose of a subnet mask in networking efficiently?,1,Computer Networks,what is a subnet mask step by step,what is the purpose of a subnet mask in networking efficiently
820,How do I make a website responsive?,How can I check if a string contains a substring in Python?,0,Web Development vs Python,how do i make a website responsive,how can i check if a string contains a substring in python
821,What is a router?,How can I implement a stack using an array?,0,Computer Networks vs DSA,what is a router,how can i implement a stack using an array
822,What is the DOM in JavaScript?,What is DNS?,0,Web Development vs Computer Networks,what is the dom in javascript,what is dns
823,What is a foreign key?,How can I find the height of a binary tree?,0,DBMS vs DSA,what is a foreign key,how can i find the height of a binary tree
824,What is CPU scheduling in a program?,Can you explain CPU scheduling in an operating system using a simple approach?,1,Operating Systems,what is cpu scheduling in a program,can you explain cpu scheduling in an operating system using a simple approach
825,How do I split a string in Java?,How can I implement binary search?,0,Java vs DSA,how do i split a string in java,how can i implement binary search
826,How can I what is a thread in os?,What does a thread represent in an operating system using a simple approach?,1,Operating Systems,how can i what is a thread in os,what does a thread represent in an operating system using a simple approach
827,What is method overloading in Java?,Can you explain method overloading with Java methods?,1,Java,what is method overloading in java,can you explain method overloading with java methods
828,What is normalization in DBMS?,What is paging in operating systems?,0,DBMS vs Operating Systems,what is normalization in dbms,what is paging in operating systems
829,How can I reverse a list in Python using a simple approach?,What is the easiest way to reverse a list using Python?,1,Python,how can i reverse a list in python using a simple approach,what is the easiest way to reverse a list using python
830,How can I remove a table from a database?,What is the difference between BFS and DFS?,0,DBMS vs DSA,how can i remove a table from a database,what is the difference between bfs and dfs
831,How do I find the middle node of a linked list?,How do I create a dropdown menu in HTML?,0,DSA vs Web Development,how do i find the middle node of a linked list,how do i create a dropdown menu in html
832,How can I what is the osi model?,Can you explain the seven-layer OSI model in a program?,1,Computer Networks,how can i what is the osi model,can you explain the seven layer osi model in a program
833,What is the best way to what is dynamic programming in algorithms?,Can you explain the concept of dynamic programming in DSA efficiently?,1,DSA,what is the best way to what is dynamic programming in algorithms,can you explain the concept of dynamic programming in dsa efficiently
834,How can I find the length of an array in Java?,What is a subnet mask?,0,Java vs Computer Networks,how can i find the length of an array in java,what is a subnet mask
835,How do I change a font size with CSS?,How do I create a virtual environment in Python?,0,Web Development vs Python,how do i change a font size with css,how do i create a virtual environment in python
836,What is deadlock in operating systems?,What is a subnet mask?,0,Operating Systems vs Computer Networks,what is deadlock in operating systems,what is a subnet mask
837,What is the difference between IPv4 and IPv6?,How can I join two tables in SQL?,0,Computer Networks vs DBMS,what is the difference between ipv4 and ipv6,how can i join two tables in sql
838,How does DHCP work using a simple approach?,Can you explain how DHCP assigns network configuration in a program?,1,Computer Networks,how does dhcp work using a simple approach,can you explain how dhcp assigns network configuration in a program
839,What is an index in a database?,Why are indexes used in databases?,1,DBMS,what is an index in a database,why are indexes used in databases
840,What is a MAC address?,What is paging in operating systems?,0,Computer Networks vs Operating Systems,what is a mac address,what is paging in operating systems
841,How can I detect duplicate elements in an array?,How can I add an event listener in JavaScript?,0,DSA vs Web Development,how can i detect duplicate elements in an array,how can i add an event listener in javascript
842,Can you explain how to check whether a string contains a word in java?,How do I test if a Java String contains a particular word efficiently?,1,Java,can you explain how to check whether a string contains a word in java,how do i test if a java string contains a particular word efficiently
843,How can I join two tables in SQL efficiently?,What is the correct way to combine two tables using an SQL join in a program?,1,DBMS,how can i join two tables in sql efficiently,what is the correct way to combine two tables using an sql join in a program
844,How do I hide an element using CSS using a simple approach?,What CSS can I use to make an element invisible using a simple approach?,1,Web Development,how do i hide an element using css using a simple approach,what css can i use to make an element invisible using a simple approach
845,What is a firewall?,What is dynamic programming in algorithms?,0,Computer Networks vs DSA,what is a firewall,what is dynamic programming in algorithms
846,How does round robin scheduling work efficiently?,What is the working principle of round robin CPU scheduling efficiently?,1,Operating Systems,how does round robin scheduling work efficiently,what is the working principle of round robin cpu scheduling efficiently
847,How can I remove a table from a database?,What SQL command is used to delete a table?,1,DBMS,how can i remove a table from a database,what sql command is used to delete a table
848,What method can I use to implement a queue using two stacks?,What is the approach for building a queue from two stacks efficiently?,1,DSA,what method can i use to implement a queue using two stacks,what is the approach for building a queue from two stacks efficiently
849,How can I validate an HTML form using JavaScript?,How can I read a CSV file in Python?,0,Web Development vs Python,how can i validate an html form using javascript,how can i read a csv file in python
850,What is a process in an operating system?,Can you explain what a process means in an operating system efficiently?,1,Operating Systems,what is a process in an operating system,can you explain what a process means in an operating system efficiently
851,How do I create a thread in Java?,What is the difference between IPv4 and IPv6?,0,Java vs Computer Networks,how do i create a thread in java,what is the difference between ipv4 and ipv6
852,How can I create a button in HTML?,What is a transaction in DBMS?,0,Web Development vs DBMS,how can i create a button in html,what is a transaction in dbms
853,What is paging in operating systems?,Can you explain how paging works in OS memory management?,1,Operating Systems,what is paging in operating systems,can you explain how paging works in os memory management
854,What is a system call?,How do I perform an inorder traversal of a binary tree?,0,Operating Systems vs DSA,what is a system call,how do i perform an inorder traversal of a binary tree
855,What is a firewall?,What is the time complexity of binary search?,0,Computer Networks vs DSA,what is a firewall,what is the time complexity of binary search
856,How can I change text color using CSS?,What is the time complexity of merge sort?,0,Web Development vs DSA,how can i change text color using css,what is the time complexity of merge sort
857,How can I sort a list in Python?,How can I join two tables in SQL?,0,Python vs DBMS,how can i sort a list in python,how can i join two tables in sql
858,How does DHCP work?,What is the difference between HTML and CSS?,0,Computer Networks vs Web Development,how does dhcp work,what is the difference between html and css
859,What is the OSI model?,How do I count rows in an SQL table?,0,Computer Networks vs DBMS,what is the osi model,how do i count rows in an sql table
860,How can I merge two dictionaries in Python?,How can I implement a queue using two stacks?,0,Python vs DSA,how can i merge two dictionaries in python,how can i implement a queue using two stacks
861,How can I what is normalization in dbms?,What does database normalization mean using a simple approach?,1,DBMS,how can i what is normalization in dbms,what does database normalization mean using a simple approach
862,What is a system call in a program?,Can you explain what a system call is in an operating system step by step?,1,Operating Systems,what is a system call in a program,can you explain what a system call is in an operating system step by step
863,How can I change text color using CSS?,What is a network topology?,0,Web Development vs Computer Networks,how can i change text color using css,what is a network topology
864,How can I what is a router?,What is the function of a router in a computer network in a program?,1,Computer Networks,how can i what is a router,what is the function of a router in a computer network in a program
865,What is a race condition?,How can I remove a table from a database?,0,Operating Systems vs DBMS,what is a race condition,how can i remove a table from a database
866,What is a simple way to what is the time complexity of merge sort?,How much time complexity does merge sort have efficiently?,1,DSA,what is a simple way to what is the time complexity of merge sort,how much time complexity does merge sort have efficiently
867,What is the difference between process and thread?,How do I add JavaScript to an HTML page?,0,Operating Systems vs Web Development,what is the difference between process and thread,how do i add javascript to an html page
868,What is the OSI model?,Can you explain the seven-layer OSI model?,1,Computer Networks,what is the osi model,can you explain the seven layer osi model
869,What is DNS?,What is the purpose of the Domain Name System using a simple approach?,1,Computer Networks,what is dns,what is the purpose of the domain name system using a simple approach
870,What is the difference between IPv4 and IPv6?,How are IPv4 and IPv6 different?,1,Computer Networks,what is the difference between ipv4 and ipv6,how are ipv4 and ipv6 different
871,How do I select an element by ID in JavaScript?,What is the JavaScript method for selecting an element using its ID step by step?,1,Web Development,how do i select an element by id in javascript,what is the javascript method for selecting an element using its id step by step
872,What is the best way to check if a key exists in a python dictionary?,How can I test whether a dictionary contains a specific key in Python step by step?,1,Python,what is the best way to check if a key exists in a python dictionary,how can i test whether a dictionary contains a specific key in python step by step
873,How do I find the middle node of a linked list?,How can I handle exceptions in Java?,0,DSA vs Java,how do i find the middle node of a linked list,how can i handle exceptions in java
874,What is latency in networking?,How can I add an event listener in JavaScript?,0,Computer Networks vs Web Development,what is latency in networking,how can i add an event listener in javascript
875,How can I detect duplicate elements in an array?,How do I find duplicate rows using SQL?,0,DSA vs DBMS,how can i detect duplicate elements in an array,how do i find duplicate rows using sql
876,What is the time complexity of binary search?,What is the difference between HTML and CSS?,0,DSA vs Web Development,what is the time complexity of binary search,what is the difference between html and css
877,What is packet switching?,Can you explain packet switching in computer networks?,1,Computer Networks,what is packet switching,can you explain packet switching in computer networks
878,How can I change text color using CSS using a simple approach?,What CSS property is used to change the color of text efficiently?,1,Web Development,how can i change text color using css using a simple approach,what css property is used to change the color of text efficiently
879,What is packet switching?,How do I remove duplicates from a Python list?,0,Computer Networks vs Python,what is packet switching,how do i remove duplicates from a python list
880,What are ACID properties step by step?,What do the ACID properties of database transactions mean efficiently?,1,DBMS,what are acid properties step by step,what do the acid properties of database transactions mean efficiently
881,What is a race condition in a program?,Can you explain race conditions in operating systems step by step?,1,Operating Systems,what is a race condition in a program,can you explain race conditions in operating systems step by step
882,How do I handle exceptions in Python?,What is a race condition?,0,Python vs Operating Systems,how do i handle exceptions in python,what is a race condition
883,What is the time complexity of binary search?,How do I sort query results in SQL?,0,DSA vs DBMS,what is the time complexity of binary search,how do i sort query results in sql
884,What is demand paging?,How do I check if a key exists in a Python dictionary?,0,Operating Systems vs Python,what is demand paging,how do i check if a key exists in a python dictionary
885,How can I remove a table from a database?,What is the time complexity of merge sort?,0,DBMS vs DSA,how can i remove a table from a database,what is the time complexity of merge sort
886,How can I find the length of an array in Java using a simple approach?,How do I get the number of elements in a Java array step by step?,1,Java,how can i find the length of an array in java using a simple approach,how do i get the number of elements in a java array step by step
887,What is CPU scheduling?,What is the time complexity of binary search?,0,Operating Systems vs DSA,what is cpu scheduling,what is the time complexity of binary search
888,Can you explain how to convert an arraylist to an array?,What is the way to convert an ArrayList into an array in Java efficiently?,1,Java,can you explain how to convert an arraylist to an array,what is the way to convert an arraylist into an array in java efficiently
889,How can I find the length of an array in Java?,How do I count rows in an SQL table?,0,Java vs DBMS,how can i find the length of an array in java,how do i count rows in an sql table
890,What is a thread in OS?,What does a thread represent in an operating system?,1,Operating Systems,what is a thread in os,what does a thread represent in an operating system
891,What is the time complexity of merge sort?,How much time complexity does merge sort have?,1,DSA,what is the time complexity of merge sort,how much time complexity does merge sort have
892,What is the best way to remove a table from a database?,What SQL command is used to delete a table step by step?,1,DBMS,what is the best way to remove a table from a database,what sql command is used to delete a table step by step
893,How can I handle exceptions in java?,What is the proper way to handle exceptions in Java in a program?,1,Java,how can i handle exceptions in java,what is the proper way to handle exceptions in java in a program
894,How do I split a string in Java?,What method can I use to split a String into parts in Java?,1,Java,how do i split a string in java,what method can i use to split a string into parts in java
895,How does the fork system call work?,What does the fork() system call do in Unix-like operating systems?,1,Operating Systems,how does the fork system call work,what does the fork system call do in unix like operating systems
896,How can I convert a string to an integer in Java?,What is a list comprehension in Python?,0,Java vs Python,how can i convert a string to an integer in java,what is a list comprehension in python
897,How can I read a CSV file in Python?,What is the method to load a CSV file using Python?,1,Python,how can i read a csv file in python,what is the method to load a csv file using python
898,What is a system call?,Can you explain what a system call is in an operating system?,1,Operating Systems,what is a system call,can you explain what a system call is in an operating system
899,How does DHCP work?,How do I find duplicate rows using SQL?,0,Computer Networks vs DBMS,how does dhcp work,how do i find duplicate rows using sql
900,How can I select an element by id in javascript?,What is the JavaScript method for selecting an element using its ID step by step?,1,Web Development,how can i select an element by id in javascript,what is the javascript method for selecting an element using its id step by step
901,How can I handle exceptions in Java?,How can I remove a table from a database?,0,Java vs DBMS,how can i handle exceptions in java,how can i remove a table from a database
902,How do I split a string in Java efficiently?,What method can I use to split a String into parts in Java in a program?,1,Java,how do i split a string in java efficiently,what method can i use to split a string into parts in java in a program
903,How can I read a CSV file in Python?,How can I find the height of a binary tree?,0,Python vs DSA,how can i read a csv file in python,how can i find the height of a binary tree
904,What is a composite key?,How does the fork system call work?,0,DBMS vs Operating Systems,what is a composite key,how does the fork system call work
905,What is a simple way to what is a foreign key?,Can you explain what a foreign key does in a database using a simple approach?,1,DBMS,what is a simple way to what is a foreign key,can you explain what a foreign key does in a database using a simple approach
906,How do I what is a critical section?,What does the critical section mean in process synchronization?,1,Operating Systems,how do i what is a critical section,what does the critical section mean in process synchronization
907,How do I detect a cycle in a linked list?,What is CPU scheduling?,0,DSA vs Operating Systems,how do i detect a cycle in a linked list,what is cpu scheduling
908,How does round robin scheduling work?,How does DHCP work?,0,Operating Systems vs Computer Networks,how does round robin scheduling work,how does dhcp work
909,How can I change an element's background color with CSS?,What is a router?,0,Web Development vs Computer Networks,how can i change an element s background color with css,what is a router
910,What is latency in networking?,Can you explain latency in a computer network efficiently?,1,Computer Networks,what is latency in networking,can you explain latency in a computer network efficiently
911,Can you explain how to what is latency in networking?,Can you explain latency in a computer network in a program?,1,Computer Networks,can you explain how to what is latency in networking,can you explain latency in a computer network in a program
912,How can I create a button in HTML?,What HTML code is used to create a button efficiently?,1,Web Development,how can i create a button in html,what html code is used to create a button efficiently
913,Can you explain how to what is a primary key in dbms?,Can you explain the purpose of a primary key in a database efficiently?,1,DBMS,can you explain how to what is a primary key in dbms,can you explain the purpose of a primary key in a database efficiently
914,How do I iterate through a HashMap in Java?,What is the correct way to loop over a HashMap in Java?,1,Java,how do i iterate through a hashmap in java,what is the correct way to loop over a hashmap in java
915,What is latency in networking?,How does round robin scheduling work?,0,Computer Networks vs Operating Systems,what is latency in networking,how does round robin scheduling work
916,What is a system call?,What is a transaction in DBMS?,0,Operating Systems vs DBMS,what is a system call,what is a transaction in dbms
917,What is CPU scheduling?,Can you explain CPU scheduling in an operating system?,1,Operating Systems,what is cpu scheduling,can you explain cpu scheduling in an operating system
918,How can I implement a stack using an array?,What is the difference between TCP and UDP?,0,DSA vs Computer Networks,how can i implement a stack using an array,what is the difference between tcp and udp
919,What is a composite key?,What is a semaphore in OS?,0,DBMS vs Operating Systems,what is a composite key,what is a semaphore in os
920,How do I read a file line by line in Java?,How do I make a website responsive?,0,Java vs Web Development,how do i read a file line by line in java,how do i make a website responsive
921,How do I what is method overloading in java?,Can you explain method overloading with Java methods in a program?,1,Java,how do i what is method overloading in java,can you explain method overloading with java methods in a program
922,Can you explain how to what is virtual memory?,Can you explain the concept of virtual memory in an operating system efficiently?,1,Operating Systems,can you explain how to what is virtual memory,can you explain the concept of virtual memory in an operating system efficiently
923,What is a composite key?,Can you explain the meaning of a composite key in DBMS step by step?,1,DBMS,what is a composite key,can you explain the meaning of a composite key in dbms step by step
924,How can I count occurrences of an item in a Python list?,How do I iterate through a HashMap in Java?,0,Python vs Java,how can i count occurrences of an item in a python list,how do i iterate through a hashmap in java
925,How can I load an external CSS file?,What is the correct way to link an external stylesheet to HTML step by step?,1,Web Development,how can i load an external css file,what is the correct way to link an external stylesheet to html step by step
926,How can I change text color using CSS?,How can I find the length of an array in Java?,0,Web Development vs Java,how can i change text color using css,how can i find the length of an array in java
927,What is the difference between WHERE and HAVING?,What is packet switching?,0,DBMS vs Computer Networks,what is the difference between where and having,what is packet switching
928,How can I find the maximum value in an integer array?,What is a firewall?,0,Java vs Computer Networks,how can i find the maximum value in an integer array,what is a firewall
929,How can I update records in SQL?,What is the SQL syntax for modifying existing records?,1,DBMS,how can i update records in sql,what is the sql syntax for modifying existing records
930,How do I find the largest number in a Python list?,How do I split a string in Java?,0,Python vs Java,how do i find the largest number in a python list,how do i split a string in java
931,What is a simple way to what is a process in an operating system?,Can you explain what a process means in an operating system efficiently?,1,Operating Systems,what is a simple way to what is a process in an operating system,can you explain what a process means in an operating system efficiently
932,What is a network topology step by step?,What does network topology mean in a program?,1,Computer Networks,what is a network topology step by step,what does network topology mean in a program
933,How do I read a file line by line in Java?,How do I remove an item from a Python list?,0,Java vs Python,how do i read a file line by line in java,how do i remove an item from a python list
934,How do I create a dropdown menu in HTML step by step?,What HTML element can be used to create a dropdown list?,1,Web Development,how do i create a dropdown menu in html step by step,what html element can be used to create a dropdown list
935,What is the time complexity of binary search?,What is the difference between == and equals in Java?,0,DSA vs Java,what is the time complexity of binary search,what is the difference between and equals in java
936,What is packet switching?,How can I implement a queue using two stacks?,0,Computer Networks vs DSA,what is packet switching,how can i implement a queue using two stacks
937,How can I find the maximum value in an integer array?,How can I find the shortest path in a graph?,0,Java vs DSA,how can i find the maximum value in an integer array,how can i find the shortest path in a graph
938,What is the best way to what is a mac address?,Can you explain what a MAC address represents step by step?,1,Computer Networks,what is the best way to what is a mac address,can you explain what a mac address represents step by step
939,What is a foreign key efficiently?,Can you explain what a foreign key does in a database?,1,DBMS,what is a foreign key efficiently,can you explain what a foreign key does in a database
940,How can I find the maximum value in an integer array?,How can I count occurrences of an item in a Python list?,0,Java vs Python,how can i find the maximum value in an integer array,how can i count occurrences of an item in a python list
941,How do I iterate through a HashMap in Java?,What is paging in operating systems?,0,Java vs Operating Systems,how do i iterate through a hashmap in java,what is paging in operating systems
942,How does DHCP work?,How do I hide an element using CSS?,0,Computer Networks vs Web Development,how does dhcp work,how do i hide an element using css
943,What is the difference between HTML and CSS?,How can I convert a string to lowercase in Python?,0,Web Development vs Python,what is the difference between html and css,how can i convert a string to lowercase in python
944,How do I remove an item from a Python list?,What are the ways to delete an element from a Python list?,1,Python,how do i remove an item from a python list,what are the ways to delete an element from a python list
945,What is a process in an operating system?,How can I find the maximum value in an integer array?,0,Operating Systems vs Java,what is a process in an operating system,how can i find the maximum value in an integer array
946,What is a race condition?,How do I change a font size with CSS?,0,Operating Systems vs Web Development,what is a race condition,how do i change a font size with css
947,How do I validate an html form using javascript?,What is a way to validate form inputs with JavaScript?,1,Web Development,how do i validate an html form using javascript,what is a way to validate form inputs with javascript
948,What is context switching?,How does DHCP work?,0,Operating Systems vs Computer Networks,what is context switching,how does dhcp work
949,How can I reverse a string in Java?,How does DHCP work?,0,Java vs Computer Networks,how can i reverse a string in java,how does dhcp work
950,How can I merge two dictionaries in Python?,How do I perform an inorder traversal of a binary tree?,0,Python vs DSA,how can i merge two dictionaries in python,how do i perform an inorder traversal of a binary tree
951,What is a primary key in DBMS?,What is an IP address?,0,DBMS vs Computer Networks,what is a primary key in dbms,what is an ip address
952,What is virtual memory?,How can I read a CSV file in Python?,0,Operating Systems vs Python,what is virtual memory,how can i read a csv file in python
953,What is an index in a database using a simple approach?,Why are indexes used in databases in a program?,1,DBMS,what is an index in a database using a simple approach,why are indexes used in databases in a program
954,What is a firewall?,What is the role of a firewall in a network?,1,Computer Networks,what is a firewall,what is the role of a firewall in a network
955,How does the fork system call work?,How can I validate an HTML form using JavaScript?,0,Operating Systems vs Web Development,how does the fork system call work,how can i validate an html form using javascript
956,How do I count rows in an SQL table?,What SQL query can I use to count records in a table efficiently?,1,DBMS,how do i count rows in an sql table,what sql query can i use to count records in a table efficiently
957,Can you explain how to what is a process in an operating system?,Can you explain what a process means in an operating system step by step?,1,Operating Systems,can you explain how to what is a process in an operating system,can you explain what a process means in an operating system step by step
958,What is a subnet mask?,How do I count rows in an SQL table?,0,Computer Networks vs DBMS,what is a subnet mask,how do i count rows in an sql table
959,How can I detect duplicate elements in an array?,How can I load an external CSS file?,0,DSA vs Web Development,how can i detect duplicate elements in an array,how can i load an external css file
960,What is the best way to what is context switching?,What happens during a context switch in an operating system?,1,Operating Systems,what is the best way to what is context switching,what happens during a context switch in an operating system
961,What is the best way to what is the difference between tcp and udp?,How do TCP and UDP differ in networking efficiently?,1,Computer Networks,what is the best way to what is the difference between tcp and udp,how do tcp and udp differ in networking efficiently
962,How do I select an element by ID in JavaScript?,What is a list comprehension in Python?,0,Web Development vs Python,how do i select an element by id in javascript,what is a list comprehension in python
963,What is a simple way to how does arp work?,Can you explain the working of the Address Resolution Protocol using a simple approach?,1,Computer Networks,what is a simple way to how does arp work,can you explain the working of the address resolution protocol using a simple approach
964,How does HTTP work?,What is the difference between process and thread?,0,Computer Networks vs Operating Systems,how does http work,what is the difference between process and thread
965,How can I implement binary search?,What is a network topology?,0,DSA vs Computer Networks,how can i implement binary search,what is a network topology
966,How can I reverse a linked list using a simple approach?,What is the procedure to reverse a linked list using a simple approach?,1,DSA,how can i reverse a linked list using a simple approach,what is the procedure to reverse a linked list using a simple approach
967,What is a firewall?,How do I iterate through a HashMap in Java?,0,Computer Networks vs Java,what is a firewall,how do i iterate through a hashmap in java
968,Can you explain how to sort a list in python?,What is the best way to arrange the elements of a Python list step by step?,1,Python,can you explain how to sort a list in python,what is the best way to arrange the elements of a python list step by step
969,How do I create a dropdown menu in HTML?,What HTML element can be used to create a dropdown list?,1,Web Development,how do i create a dropdown menu in html,what html element can be used to create a dropdown list
970,What is a semaphore in OS?,How do I hide an element using CSS?,0,Operating Systems vs Web Development,what is a semaphore in os,how do i hide an element using css
971,What is a network topology?,What does network topology mean?,1,Computer Networks,what is a network topology,what does network topology mean
972,How can I change an element's background color with CSS using a simple approach?,What CSS property changes the background color of an element step by step?,1,Web Development,how can i change an element s background color with css using a simple approach,what css property changes the background color of an element step by step
973,What is a system call?,What is latency in networking?,0,Operating Systems vs Computer Networks,what is a system call,what is latency in networking
974,How can I reverse a list in Python efficiently?,What is the easiest way to reverse a list using Python?,1,Python,how can i reverse a list in python efficiently,what is the easiest way to reverse a list using python
975,How do I create a dropdown menu in HTML?,How do I check if a key exists in a Python dictionary?,0,Web Development vs Python,how do i create a dropdown menu in html,how do i check if a key exists in a python dictionary
976,How do I create a thread in Java?,What is DNS?,0,Java vs Computer Networks,how do i create a thread in java,what is dns
977,How do I hide an element using CSS?,What CSS can I use to make an element invisible efficiently?,1,Web Development,how do i hide an element using css,what css can i use to make an element invisible efficiently
978,How can I merge two dictionaries in Python?,What is demand paging?,0,Python vs Operating Systems,how can i merge two dictionaries in python,what is demand paging
979,How can I find the length of an array in java?,How do I get the number of elements in a Java array in a program?,1,Java,how can i find the length of an array in java,how do i get the number of elements in a java array in a program
980,How can I add an event listener in JavaScript?,What is a race condition?,0,Web Development vs Operating Systems,how can i add an event listener in javascript,what is a race condition
981,How do I find the middle node of a linked list?,How can I load an external CSS file?,0,DSA vs Web Development,how do i find the middle node of a linked list,how can i load an external css file
982,How do I remove an item from a Python list?,What are the ways to delete an element from a Python list?,1,Python,how do i remove an item from a python list,what are the ways to delete an element from a python list
983,What is demand paging?,How can I load an external CSS file?,0,Operating Systems vs Web Development,what is demand paging,how can i load an external css file
984,What is DNS efficiently?,What is the purpose of the Domain Name System efficiently?,1,Computer Networks,what is dns efficiently,what is the purpose of the domain name system efficiently
985,What is context switching using a simple approach?,What happens during a context switch in an operating system using a simple approach?,1,Operating Systems,what is context switching using a simple approach,what happens during a context switch in an operating system using a simple approach
986,What method can I use to check whether a string contains a word in java?,How do I test if a Java String contains a particular word?,1,Java,what method can i use to check whether a string contains a word in java,how do i test if a java string contains a particular word
987,How do I center a div using CSS?,How do I handle exceptions in Python?,0,Web Development vs Python,how do i center a div using css,how do i handle exceptions in python
988,What is the difference between HTML and CSS?,What is the difference between == and equals in Java?,0,Web Development vs Java,what is the difference between html and css,what is the difference between and equals in java
989,How can I handle exceptions in Java?,What is the proper way to handle exceptions in Java?,1,Java,how can i handle exceptions in java,what is the proper way to handle exceptions in java
990,What is a critical section?,How can I find the maximum value in an integer array?,0,Operating Systems vs Java,what is a critical section,how can i find the maximum value in an integer array
991,What is dynamic programming in algorithms?,How do I select an element by ID in JavaScript?,0,DSA vs Web Development,what is dynamic programming in algorithms,how do i select an element by id in javascript
992,What is a race condition?,Can you explain race conditions in operating systems?,1,Operating Systems,what is a race condition,can you explain race conditions in operating systems
993,What is paging in operating systems in a program?,Can you explain how paging works in OS memory management?,1,Operating Systems,what is paging in operating systems in a program,can you explain how paging works in os memory management
994,What is virtual memory?,How can I check whether a string contains a word in Java?,0,Operating Systems vs Java,what is virtual memory,how can i check whether a string contains a word in java
995,How can I join two tables in SQL?,How can I add an event listener in JavaScript?,0,DBMS vs Web Development,how can i join two tables in sql,how can i add an event listener in javascript
996,What is a system call efficiently?,Can you explain what a system call is in an operating system using a simple approach?,1,Operating Systems,what is a system call efficiently,can you explain what a system call is in an operating system using a simple approach
997,How can I join two tables in SQL?,How can I find the length of an array in Java?,0,DBMS vs Java,how can i join two tables in sql,how can i find the length of an array in java
998,What is an index in a database?,How can I merge two dictionaries in Python?,0,DBMS vs Python,what is an index in a database,how can i merge two dictionaries in python
999,How do I find the length of a list in Python?,How do I convert an ArrayList to an array?,0,Python vs Java,how do i find the length of a list in python,how do i convert an arraylist to an array
1000,How can I find the maximum value in an integer array?,How do I find the largest number in a Python list?,0,Java vs Python,how can i find the maximum value in an integer array,how do i find the largest number in a python list
