id,question_1_hashes,question_2_hashes
1,"860618486:860614322 | 304450438:298971280 | 888960483:121435674 | 527374027:731653981 | 890103237:883878909 | 225603649:225418427 | 275981930:822551897 | ","254463299:407332289 | 537452977:844302003 | "
2,"560356461:412069793 | 258471530:80207320 | 207719974:137069780 | 213429375:47238817 | 966570789:373340585 | 493114696:297031066 | 182774089:499946652 | 918431431:913241893 | 913898296:908451208 | 776848427:598849787 | 887083343:806402244 | ","273215751:273061447 | 911837636:733574600 | 523059511:535416168 | 796405678:383664163 | 62706251:550071802 | 626495720:278412620 | 967812215:967644797 | 883704109:883513575 | 776848427:598849787 | 738293014:122787168 | 808889023:820191113 | 654589017:987955203 | 191283966:801499585 | 340126683:588424174 | "
3,"560356461:412069793 | 421928983:821362539 | 539366472:781833785 | 479446548:154279371 | 943376393:634098173 | 790049678:678013680 | 897498484:335318258 | 252729504:137414956 | 191283966:801499585 | 340126683:588424174 | ","852652916:144542244 | 30068748:450524301 | 623169743:245688854 | 979718136:296384805 | 479881919:555779664 | 190031815:343265439 | 308488381:957470377 | 575550873:802150433 | 195823310:967071818 | "
4,"677906049:677776913 | 349872898:281262943 | 646676352:525143306 | 125805201:700732592 | 401832768:240929990 | 547500127:507183197 | 844006802:407787018 | 173586853:718941686 | 963330014:976471768 | ","677906049:677776913 | 37369610:103192649 | 589827229:495350476 | 575083335:340348778 | "
5,"677906049:677776913 | 383030742:314420761 | 511364212:389806116 | 621052018:664282840 | 887083343:806402244 | ","560356461:412069793 | 421928983:821362539 | 539366472:781833785 | 15465851:875944337 | 167840149:125605368 | 606681263:354210348 | 371573262:809334323 | 795976783:332619417 | "
6,"677906049:677776913 | 545669509:545495103 | 693326338:693322260 | 895798337:797280200 | 577905604:698473527 | 736039592:673401335 | 766593902:148022232 | ","677906049:677776913 | 623991013:428229400 | 54560917:58273067 | 398125422:313217098 | 744069620:395055677 | "
7,"677906049:677776913 | 915908837:910502219 | 634357736:630437162 | 110260540:302038139 | 972268917:773314809 | 153142460:642818318 | 379866003:181113599 | 101447859:44625996 | 318745204:984418551 | 515007260:33701108 | 422949643:631026488 | 191283966:801499585 | 340126683:588424174 | ","860618486:860614322 | 758905148:758899448 | 861562043:861435573 | 518157072:165990453 | 39039587:298782933 | 731854901:508084144 | 38111017:357217899 | 651245424:477817620 | 444391197:332951034 | 302139697:779847295 | 561267184:769344051 | 288743391:283001537 | 195127702:194995922 | 614644781:557951552 | "
8,"560356461:412069793 | 259011411:80747201 | 337223819:905683565 | 929319567:696344944 | 822864497:438841825 | 371490681:268627481 | 881596733:773368138 | 999813440:967678296 | 195823310:967071818 | ","894943403:633866356 | 605989001:741573573 | 75781830:187169357 | 665637407:620413872 | 810952836:320911428 | 881251289:773022694 | 343319130:434589963 | "
9,"273215751:273061447 | 87105678:908842649 | 245822902:257855831 | 284372138:601363421 | 179513779:979104598 | 140747905:134422593 | 560145358:359402480 | 421928983:821362539 | 539366472:781833785 | 479495526:154328349 | 175587609:866309306 | 613655004:550619462 | ","54371985:50368727 | 49091513:43612333 | 313426008:172047146 | 580105426:151623149 | 101024072:609790970 | 804635987:151705069 | "
10,"860618486:860614322 | 526033394:525856648 | 634357736:630437162 | 397441061:726208084 | 74695045:316555154 | 236243758:550547980 | 588477025:588283099 | 488504094:301092948 | 887083343:806402244 | ","273215751:273061447 | 894169201:894163219 | 623757335:623751935 | 204329421:611099224 | 977752023:540945189 | 21574012:329585344 | 167911930:422349870 | 254452951:691913168 | 642526699:327442246 | 776848427:598849787 | 887083343:806402244 | "
11,"677906049:677776913 | 916302026:910895408 | 219305550:219301470 | 633104357:438519353 | 799850557:799683139 | 489697338:802263233 | ","273215751:273061447 | 338790327:812636221 | 280883491:495067060 | "
12,"273215751:273061447 | 514570498:880470217 | ","560356461:412069793 | 258957564:80693354 | 163558546:967731099 | 252632304:252431540 | 486259829:384149535 | 498570787:892893964 | 100839501:889429550 | 209718161:153025064 | "
13,"560356461:412069793 | 421928983:821362539 | 539366472:781833785 | 66116369:351463201 | 209940841:201972446 | 173598076:643653593 | ","677906049:677776913 | 37369610:103192649 | 400747390:597757353 | 284390490:682046419 | 846998500:222676626 | 214466854:961175465 | 440577391:338172473 | "
14,"369594723:772708026 | ","560356461:412069793 | 259011411:80747201 | 337223819:905683565 | 929319567:696344944 | 197448249:292745475 | 240700173:12518226 | "
15,"400214179:230412545 | 848461631:619658165 | 287758075:742005072 | ","677906049:677776913 | 916262082:910855464 | 180919366:180915286 | 380048510:373842476 | 347379868:342192158 | 133853089:19485277 | 654277544:83453839 | "
16,"273215751:273061447 | 87105678:908842649 | 245822902:257855831 | 284372138:601363421 | 318370685:397455826 | 424825107:888814093 | 286203345:683859274 | 321355343:693815646 | 700769376:830197758 | 26517626:943197497 | ","860618486:860614322 | 440245030:270391114 | 826101928:822181504 | 553970651:994940939 | 321355343:693815646 | 700769376:830197758 | 33113470:643328955 | 637912939:183684091 | 365815650:507990210 | 539078937:766289259 | "
17,"579115614:727202862 | 204554701:493624237 | 545689195:545514789 | 279792547:279788467 | 890485731:831012439 | 685202968:606611628 | 125805201:700732592 | 401832768:240929990 | 547500127:507183197 | 844006802:407787018 | 173586853:718941686 | 992882686:6024431 | ","860618486:860614322 | 570631790:305160413 | 646676352:525143306 | 209672376:784599769 | 7989368:179491666 | 640309274:189374564 | 129147325:128088070 | 487458448:309315752 | 328839301:328667725 | 80115236:901976765 | 288743391:283001537 | 195127702:194995922 | 614644781:557951552 | "
18,"560356461:412069793 | 421928983:821362539 | 539366472:781833785 | 15465851:875944337 | 167840149:125605368 | 606681263:354210348 | 371573262:809334323 | 574063769:107503851 | 288743391:283001537 | 195127702:194995922 | 614644781:557951552 | ","750143835:626042835 | 541831592:848688678 | 156293066:325034099 | 525918580:349848157 | 241959192:187295871 | 790416640:976070186 | 615706695:686030259 | 316732095:77697362 | 82602200:407035874 | 696680598:226269276 | "
19,"443417408:837441483 | 367508751:131586360 | 345918397:88727194 | 461958426:988684048 | 254736774:245655490 | 739205774:570572828 | 44001950:645567789 | 598004791:591959267 | 354164061:348845185 | 812755088:812569414 | 906317550:728318910 | 321094845:10605100 | ","560356461:412069793 | 201906239:196155781 | 490654830:484337816 | 546684381:333999535 | 680096377:601505025 | 148089637:480768675 | 359962146:543669156 | 298108984:594028138 | 800165605:542404759 | 108131773:263051220 | 185475646:629622391 | 77727970:958786500 | 990184725:812186087 | 784762553:214299735 | 336620897:521215148 | 904510157:237876338 | 195823310:967071818 | "
20,"677906049:677776913 | 37369610:103192649 | 400747390:597757353 | 284390490:682046419 | 846998500:222676626 | 214466854:961175465 | 498083143:914134602 | 378969401:781175181 | ","560356461:412069793 | 49781404:309302301 | 497939881:593273236 | 530042581:277348772 | 537840343:646363595 | 315906473:81473726 | 768810377:780929028 | 728055126:719885264 | 893473627:80803291 | "
21,"677906049:677776913 | 916413936:911007318 | 132383153:132256653 | 786222819:786013931 | 894159569:894153587 | 588338285:470664106 | ","443417408:837441483 | 393210776:79616696 | 768313719:511122516 | 363088720:356613144 | 893286281:330790041 | 268181753:771904939 | 85914111:706444546 | 562822999:602662865 | 614644781:557951552 | "
22,"273215751:273061447 | 894127793:894121811 | 893286281:330790041 | 523508143:261010420 | ","443417408:837441483 | 393210776:79616696 | 768313719:511122516 | 363088720:356613144 | 893286281:330790041 | 268181753:771904939 | 755092977:342145828 | "
23,"774810261:923089743 | 319842791:674563731 | 517857138:86451176 | 169974845:985762838 | 614644781:557951552 | ","443417408:837441483 | 367520048:131597657 | 951667507:192300451 | 469982659:575076803 | 820328279:344419916 | 912515428:747961792 | 517857138:86451176 | 269220270:558647818 | 917332926:311512557 | 136451393:623645858 | 184015707:642724046 | 152620295:463039054 | 191283966:801499585 | 340126683:588424174 | "
24,"860618486:860614322 | 440245030:270391114 | 826101928:822181504 | 729601284:502043168 | 148229375:45801097 | 643333827:351741369 | 491761823:446549023 | ","560356461:412069793 | 607854351:652976390 | 336518234:562784448 | 5127343:186414044 | 131791838:240267566 | 639203695:253456304 | 735281555:77576689 | 850053572:738169184 | "
25,"860618486:860614322 | 567961682:398107766 | 994763584:514252545 | 202467479:131365755 | 88293695:702843999 | ","560356461:412069793 | 298208657:629160944 | 450625683:708536444 | 585802187:65053432 | 77213859:483983662 | 462683130:544912996 | 465177728:689120165 | 757796324:259673272 | 530607186:900261981 | 88293695:702843999 | "
26,"860618486:860614322 | 526033394:525856648 | 634357736:630437162 | 217148415:408926016 | 364235341:340356094 | 925149116:15354330 | 894978:814198385 | 990184725:812186087 | 327639038:643291794 | ","560356461:412069793 | 201856626:196106168 | 12633612:6316600 | 532735299:495287776 | "
27,"677906049:677776913 | 916413936:911007318 | 132383153:132256653 | 786222819:786013931 | 718924959:718739463 | 616408452:909980995 | 189970719:111071496 | 641169672:958084503 | ","443417408:837441483 | 392884594:79290514 | 556807317:348537026 | 891494709:445618804 | 939761354:124482448 | 629751906:111818151 | 124919213:987176512 | 614644781:557951552 | "
28,"560356461:412069793 | 421928983:821362539 | 539366472:781833785 | 863034980:782852555 | 612314461:24689310 | 704314800:903593358 | 763504096:648595089 | 307089957:192727239 | 195823310:967071818 | ","303690066:456559216 | 827395943:705876754 | 704314800:903593358 | 594252567:267506477 | 630708815:900446390 | 885977135:151351310 | 753031358:347111177 | "
29,"469688335:464904895 | 896408507:896402525 | 135961714:96147472 | ","254513013:407382003 | 383207791:38264588 | 933458806:186452296 | 244788180:742554235 | 288090394:974229820 | "
30,"560356461:412069793 | 258471530:80207320 | 207719974:137069780 | 213429375:47238817 | 296092083:289627271 | 532305845:532101805 | 895798337:797280200 | 577905604:698473527 | 736039592:673401335 | 166500388:495472459 | ","560356461:412069793 | 706081055:394176288 | 565399867:669981937 | 762867114:118281147 | 370419575:713156137 | 627979820:45177769 | 577905604:698473527 | 366667408:310326061 | 200822284:199270342 | 474267851:329930980 | 840661260:176982889 | 614644781:557951552 | "
31,"860618486:860614322 | 30364939:764893559 | 895958120:915847875 | 989572722:430060652 | 44715265:454114481 | 459376874:473696943 | 606676760:865520549 | ","860618486:860614322 | 304226175:298747017 | 952580063:948659657 | 975825274:970407090 | 356610017:356604057 | 676279636:688741905 | 20844622:128278080 | 827126140:655030072 | 990184725:812186087 | 279962656:58050236 | "
32,"677906049:677776913 | 101200844:905439240 | 745583054:952718427 | 269067755:620395014 | 800252855:689510217 | 917363856:663357276 | ","820849454:298378775 | 539667885:173367491 | 347961893:74037279 | 406273334:400522874 | 908289715:741776077 | 282892355:846573470 | 631656065:804279401 | 392708651:322058385 | 905860315:694358064 | "
33,"80306601:228586115 | 808903072:244035492 | ","860618486:860614322 | 526033394:525856648 | 634357736:630437162 | 217148415:408926016 | 364235341:340356094 | 925149116:15354330 | 894978:814198385 | 990184725:812186087 | 327639038:643291794 | "
34,"677906049:677776913 | 37369610:103192649 | 400747390:597757353 | 679792246:334732573 | 89400312:84210250 | 21187741:792730073 | 145667995:689817673 | 195823310:967071818 | ","560356461:412069793 | 49781404:309302301 | 497939881:593273236 | 399712636:18677611 | 534720501:436219117 | 150305058:897495612 | 146252940:14757823 | 293491275:166066193 | 145667995:689817673 | 195823310:967071818 | "
35,"677906049:677776913 | 915908837:910502219 | 634357736:630437162 | 110260540:302038139 | 972268917:773314809 | 153142460:642818318 | 379866003:181113599 | 101447859:44625996 | 881101324:516974874 | ","560356461:412069793 | 201856626:196106168 | 12633612:6316600 | 532735299:495287776 | "
36,"677906049:677776913 | 915908837:910502219 | 634357736:630437162 | 365418870:694185893 | 617002752:426829696 | 987366772:327571953 | 530712887:343301607 | 466845030:301960296 | 561267184:769344051 | 696680598:226269276 | ","860618486:860614322 | 758905148:758899448 | 861562043:861435573 | 156805831:80929488 | 556684054:366506708 | 787306825:296300393 | 346404769:170411312 | 227054100:459436103 | 154834855:154649633 | 740470456:754684617 | 329549858:627593596 | 931978183:926647987 | 614644781:557951552 | "
37,"860618486:860614322 | 304226175:298747017 | 952580063:948659657 | 975825274:970407090 | 356610017:356604057 | 676279636:688741905 | 20844622:128278080 | 827126140:655030072 | 990184725:812186087 | 279962656:58050236 | ","677906049:677776913 | 916322238:910915620 | 653722335:214990170 | 906223901:891689369 | 22172788:866881086 | 457098915:456035468 | 37926942:117541210 | 470881070:583703830 | 64470012:617084782 | 943303482:994246777 | 886546345:216793127 | "
38,"579115614:727202862 | 204554701:493624237 | 545689195:545514789 | 279792547:279788467 | 991958249:793909863 | 140747905:134422593 | 364035586:141006388 | ","560356461:412069793 | 7481841:338434104 | 778472855:882869091 | 21697459:195525133 | 849676100:746438472 | 351195412:659932583 | 859719867:315338056 | 857040354:974175537 | 441589726:474946516 | 191283966:801499585 | 340126683:588424174 | "
39,"677906049:677776913 | 383030742:314420761 | 511364212:389806116 | 850802510:374260604 | 799850557:799683139 | 489697338:802263233 | ","560356461:412069793 | 673063796:4016072 | 41026793:296398138 | 225355611:52889888 | 390607226:470980 | 549890828:471274438 | 850802510:374260604 | 359112416:371515167 | 308062003:61973516 | 265495824:182203930 | 124919213:987176512 | 614644781:557951552 | "
40,"860618486:860614322 | 440245030:270391114 | 826101928:822181504 | 729601284:502043168 | 148229375:45801097 | 643333827:351741369 | 491761823:446549023 | ","469688335:464904895 | 936190862:757927692 | 620597861:455712695 | 688447738:682702094 | 898147962:140679232 | "
41,"677906049:677776913 | 916092946:910686328 | 569769880:569643400 | 139724221:752163758 | 962781424:235645508 | 689278227:802516170 | ","560356461:412069793 | 421928983:821362539 | 539366472:781833785 | 479446548:154279371 | 943376393:634098173 | 491539913:18423954 | "
42,"677906049:677776913 | 37369610:103192649 | 589827229:495350476 | 575083335:340348778 | ","560356461:412069793 | 706081055:394176288 | 565399867:669981937 | 15859331:760575620 | 987737238:986255167 | 277189181:152134880 | 79641362:918920019 | 903648689:709621467 | 614644781:557951552 | "
43,"560356461:412069793 | 421928983:821362539 | 539366472:781833785 | 248206713:192895323 | 316213009:608683975 | 786309694:291102476 | ","677906049:677776913 | 390364824:222759610 | 952580063:948659657 | 975825274:970407090 | 11723983:834148384 | 794915173:608750432 | 699730659:202838076 | 966454722:463959948 | 162262909:706812115 | 717690603:526819929 | "
44,"443417408:837441483 | 367508751:131586360 | 345918397:88727194 | 120230852:288144564 | 424825107:888814093 | 679792246:334732573 | 771409721:610517795 | ","560356461:412069793 | 49781404:309302301 | 497939881:593273236 | 399712636:18677611 | 534720501:436219117 | 150305058:897495612 | 146252940:14757823 | 338494471:71972695 | 768387594:768204458 | 614644781:557951552 | "
45,"860618486:860614322 | 526033394:525856648 | 634357736:630437162 | 397441061:726208084 | 74695045:316555154 | 236243758:550547980 | 588477025:588283099 | 488504094:301092948 | 738293014:122787168 | 808889023:820191113 | 654589017:987955203 | 191283966:801499585 | 340126683:588424174 | ","273215751:273061447 | 894169201:894163219 | 623757335:623751935 | 204329421:611099224 | 977752023:540945189 | 21574012:329585344 | 167911930:422349870 | 254452951:691913168 | 642526699:327442246 | 776848427:598849787 | 738293014:122787168 | 300392606:644880650 | "
46,"677906049:677776913 | 390364824:222759610 | 851459925:902571621 | 303944604:241560670 | 872588948:733226491 | 794915173:608750432 | 699730659:202838076 | 12537889:75240430 | 732765707:732598269 | 505888282:270512634 | 696680598:226269276 | ","860618486:860614322 | 526446795:526270049 | 400608043:400481549 | 550340303:550136665 | 53923507:53738725 | 555630360:996269307 | 325627742:553928444 | 387989317:938035332 | 34448370:457302332 | 279940165:73334393 | 573896408:540458580 | "
47,"273215751:273061447 | 87105678:908842649 | 245822902:257855831 | 284372138:601363421 | 966570789:373340585 | 493114696:297031066 | 182774089:499946652 | 918431431:913241893 | 913898296:908451208 | 776848427:598849787 | 887083343:806402244 | ","273215751:273061447 | 911837636:733574600 | 523059511:535416168 | 796405678:383664163 | 62706251:550071802 | 626495720:278412620 | 967812215:967644797 | 883704109:883513575 | 776848427:598849787 | 887083343:806402244 | "
48,"677906049:677776913 | 101200844:905439240 | 848167067:844246661 | 402871785:995674069 | 948653203:787772883 | 842188319:19775242 | 709882496:898007706 | ","820849454:298378775 | 736427194:677599264 | 392757192:613926741 | 522857369:697840109 | 892216615:696389159 | 908326100:885629056 | 441633096:338399392 | 387857323:320980511 | 191283966:801499585 | 340126683:588424174 | "
49,"677906049:677776913 | 101200844:905439240 | 293179005:171646367 | 23528340:604464261 | 498055186:511331365 | 549091731:354380082 | 447078854:189380081 | 889189067:332605326 | ","888441660:627380291 | 69420524:581599271 | "
50,"860618486:860614322 | 440245030:270391114 | 826101928:822181504 | 729601284:502043168 | 148229375:45801097 | 643333827:351741369 | 491761823:446549023 | ","410783682:907296383 | 457153136:358849603 | "
51,"677906049:677776913 | 528226464:332464851 | 953210908:184598889 | 440834819:204724347 | 785541408:558662625 | 694000854:586176398 | 513858662:305475060 | 551746866:222314675 | ","860618486:860614322 | 929747171:811751837 | 487803319:923858223 | 616686278:217515067 | 621452757:205781241 | 383306528:350332067 | 513858662:305475060 | 250746005:362968198 | 571672641:735782470 | 696680598:226269276 | "
52,"80306601:228586115 | 808903072:244035492 | ","677906049:677776913 | 916302026:910895408 | 219305550:219301470 | 633104357:438519353 | 799850557:799683139 | 489697338:802263233 | "
53,"579115614:727202862 | 204554701:493624237 | 545689195:545514789 | 279792547:279788467 | 708627417:384128277 | 85409233:889325644 | 687900623:357979393 | 857971411:697097573 | 457992669:922956777 | ","10198902:402136808 | 509973957:709252511 | 462795103:244497118 | 406273334:400522874 | 917631999:751118361 | 85409233:889325644 | 687900623:357979393 | 510827122:911068551 | 254498092:11432398 | 195823310:967071818 | "
54,"677906049:677776913 | 545669509:545495103 | 693326338:693322260 | 895798337:797280200 | 577905604:698473527 | 736039592:673401335 | 89244963:617678140 | 424100308:884415715 | 515590:358292967 | 191283966:801499585 | 340126683:588424174 | ","560356461:412069793 | 706081055:394176288 | 565399867:669981937 | 762867114:118281147 | 370419575:713156137 | 627979820:45177769 | 577905604:698473527 | 366667408:310326061 | 225490825:177380611 | "
55,"677906049:677776913 | 349872898:281262943 | 646676352:525143306 | 125805201:700732592 | 401832768:240929990 | 359144011:985623939 | 682909064:910479194 | 275727325:886321611 | 629751906:111818151 | 124919213:987176512 | 614644781:557951552 | ","860618486:860614322 | 430902746:261048830 | 848167067:844246661 | 539347336:222336358 | 367334094:152569420 | 81766845:266348552 | 359144011:985623939 | 275912831:970804487 | 374956189:731470841 | 195823310:967071818 | "
56,"560356461:412069793 | 258471530:80207320 | 207719974:137069780 | 213429375:47238817 | 179513779:979104598 | 140747905:134422593 | 786222819:786013931 | 102064395:923801366 | 524933533:62025890 | ","443417408:837441483 | 393210776:79616696 | 768313719:511122516 | 917151399:3246877 | 984675280:356839546 | 664874469:975293262 | 234899114:229492472 | 903797449:903791467 | 917332926:311512557 | 229993218:333021490 | "
57,"860618486:860614322 | 440245030:270391114 | 826101928:822181504 | 729601284:502043168 | 148229375:45801097 | 643333827:351741369 | 491761823:446549023 | ","860618486:860614322 | 526426583:526249837 | 798472118:798345626 | 455337241:459148730 | 466845030:301960296 | 399282648:849665437 | "
58,"560309509:412022841 | 958033039:431925900 | 228534253:112796671 | 191283966:801499585 | 340126683:588424174 | ","560356461:412069793 | 7481841:338434104 | 778472855:882869091 | 21697459:195525133 | 849676100:746438472 | 351195412:659932583 | 859719867:315338056 | 761041494:132861723 | "
59,"677906049:677776913 | 349872898:281262943 | 646676352:525143306 | 125805201:700732592 | 401832768:240929990 | 547500127:507183197 | 844006802:407787018 | 173586853:718941686 | 963330014:976471768 | ","860618486:860614322 | 570631790:305160413 | 646676352:525143306 | 209672376:784599769 | 7989368:179491666 | 640309274:189374564 | 129147325:128088070 | 487458448:309315752 | 328839301:328667725 | 483572365:961279535 | "
60,"560356461:412069793 | 421928983:821362539 | 539366472:781833785 | 66116369:351463201 | 209940841:201972446 | 173598076:643653593 | ","56456287:52453029 | 159714224:466511354 | 828147262:737580062 | 470541729:935936636 | 927796095:886685326 | 25594452:361475193 | 14885124:853981309 | 990318419:918863159 | 917332926:311512557 | 136451393:623645858 | 184015707:642724046 | 152620295:463039054 | 191283966:801499585 | 340126683:588424174 | "
61,"860618486:860614322 | 526033394:525856648 | 634357736:630437162 | 365418870:694185893 | 617002752:426829696 | 967334415:784760389 | 401132842:400937826 | 799850557:799683139 | 489697338:802263233 | ","740325961:336990810 | 199413588:556755683 | 375592179:478128777 | 548263858:798930868 | "
62,"273215751:273061447 | 992048307:465894172 | ","860618486:860614322 | 304226175:298747017 | 952580063:948659657 | 975825274:970407090 | 356610017:356604057 | 676279636:688741905 | 20844622:128278080 | 827126140:655030072 | 990184725:812186087 | 279962656:58050236 | "
63,"860618486:860614322 | 440245030:270391114 | 826101928:822181504 | 191145120:861223897 | 14885124:853981309 | 554302117:830611614 | ","273215751:273061447 | 719095506:718910010 | 386002578:915517652 | "
64,"677906049:677776913 | 91362664:964453044 | 273689382:450030551 | 202092905:493429901 | 531944250:420505471 | 331348446:867930523 | 665856274:317028133 | ","273215751:273061447 | 894169201:894163219 | 623757335:623751935 | 326233668:232009914 | 154333696:185033802 | 36729346:859428331 | 464896532:828990774 | 49786073:940517105 | 445851107:299635850 | "
65,"469688335:464904895 | 896408507:896402525 | 135961714:96147472 | ","860618486:860614322 | 526033394:525856648 | 191844508:240564247 | 227849802:673119964 | 350854775:724729833 | 508211315:232016642 | "
66,"273215751:273061447 | 154917600:628763480 | 990069914:314630298 | ","560308612:412021944 | 857184704:967226830 | "
67,"860618486:860614322 | 526538493:526361747 | 132383153:132256653 | 169308610:838250567 | 719251878:911208065 | ","443417408:837441483 | 668738573:304829648 | 103460495:856869297 | 333240545:977596418 | 814490324:688949810 | 764711173:264061868 | 847021284:595405898 | 931263519:535384095 | 195823310:967071818 | "
68,"560356461:412069793 | 201856626:196106168 | 12633612:6316600 | 532735299:495287776 | ","860618486:860614322 | 304450438:298971280 | 888960483:121435674 | 527374027:731653981 | 890103237:883878909 | 225603649:225418427 | 275981930:822551897 | "
69,"860618486:860614322 | 758899335:758893635 | 825311940:543541594 | 841691230:947775193 | 70687510:496658146 | 726151365:719826093 | 279089973:826236366 | ","677906049:677776913 | 399523272:231918058 | 548989161:427439601 | 474029337:520460274 | 426217251:467925032 | 694029092:184054739 | "
70,"273215751:273061447 | 87105678:908842649 | 245822902:257855831 | 284372138:601363421 | 179513779:979104598 | 140747905:134422593 | 786222819:786013931 | 97858105:919595076 | 701953635:246512188 | ","560356461:412069793 | 7481841:338434104 | 778472855:882869091 | 970886246:81368891 | 699635810:512224664 | 474256570:846661689 | 781191296:266624033 | 822764129:633551813 | "
71,"579115614:727202862 | 204554701:493624237 | 545689195:545514789 | 279792547:279788467 | 699285133:374785993 | 107474372:911390801 | 402871785:995674069 | 948653203:787772883 | 842188319:19775242 | 709882496:898007706 | ","820849454:298378775 | 736427194:677599264 | 392757192:613926741 | 522857369:697840109 | 892216615:696389159 | 908326100:885629056 | 336768130:526986400 | 637778463:570901655 | 195823310:967071818 | "
72,"860618486:860614322 | 526538493:526361747 | 132383153:132256653 | 560145358:359402480 | 259011411:80747201 | 337223819:905683565 | 929319567:696344944 | 197448249:292745475 | 240700173:12518226 | ","894943403:633866356 | 221189842:679836705 | 884887512:37025680 | 734409905:43067774 | 535666976:82448938 | 57684373:792711940 | 490344242:642535076 | 929812619:751812811 | 206923607:751884718 | 369179957:220957333 | 137886552:802918077 | 195823310:967071818 | "
73,"677906049:677776913 | 127616703:931855099 | 482016667:887209859 | 672202927:836235258 | 278653096:890279659 | 38677161:242519177 | 819057220:641058446 | 466845030:301960296 | 931978183:926647987 | 614644781:557951552 | ","273215751:273061447 | 911837636:733574600 | 523059511:535416168 | 796405678:383664163 | 689070458:218231843 | 198253083:703540790 | 653159678:850431757 | 346366347:185041711 | 819057220:641058446 | 791527006:710432806 | 422949643:631026488 | 191283966:801499585 | 340126683:588424174 | "
74,"860618486:860614322 | 30364939:764893559 | 895958120:915847875 | 989572722:430060652 | 44715265:454114481 | 459376874:473696943 | 148602475:640823247 | 288743391:283001537 | 195127702:194995922 | 614644781:557951552 | ","560356461:412069793 | 298208657:629160944 | 450625683:708536444 | 585802187:65053432 | 179193235:978784054 | 356406729:277800035 | 420878885:237774013 | 564236633:659384345 | 459376874:473696943 | 148602475:640823247 | 965636699:910048522 | 910423836:984554246 | 191283966:801499585 | 340126683:588424174 | "
75,"579115614:727202862 | 204554701:493624237 | 545689195:545514789 | 279792547:279788467 | 991958249:793909863 | 140747905:134422593 | 786222819:786013931 | 787707356:153611862 | 38919515:610317702 | ","443417408:837441483 | 367520048:131597657 | 528738441:769371376 | 990265653:94848750 | 503763696:793828012 | 347191515:181777194 | 775449020:148719925 | 233441863:586043700 | 492846212:883408388 | "
76,"560356461:412069793 | 421928983:821362539 | 539366472:781833785 | 479463750:154296573 | 829784523:520506271 | 716206248:333461544 | ","677906049:677776913 | 623991013:428229400 | 54560917:58273067 | 398125422:313217098 | 744069620:395055677 | "
77,"677906049:677776913 | 383030742:314420761 | 511364212:389806116 | 621052018:664282840 | 887083343:806402244 | ","677906049:677776913 | 545669509:545495103 | 693326338:693322260 | 895798337:797280200 | 577905604:698473527 | 736039592:673401335 | 766593902:148022232 | "
78,"560356461:412069793 | 421928983:821362539 | 539366472:781833785 | 863062174:782879749 | 726544360:138919159 | 985107227:913855830 | ","860618486:860614322 | 440245030:270391114 | 826101928:822181504 | 288048111:233747508 | 108522774:750757734 | 833786360:894250204 | 194315729:164753708 | "
79,"860618486:860614322 | 526234151:526057405 | 34378398:34374318 | 213634018:777210284 | 499739297:916384934 | ","273215751:273061447 | 719095506:718910010 | 386002578:915517652 | "
80,"273215751:273061447 | 514570498:880470217 | ","273215751:273061447 | 102064395:923801366 | 524933533:62025890 | "
81,"677906049:677776913 | 916413936:911007318 | 132383153:132256653 | 560145358:359402480 | 421928983:821362539 | 539366472:781833785 | 194877298:139565906 | 481887551:772609977 | 37481695:430159462 | ","171097252:46996256 | 737108000:956590412 | 662762211:830510326 | 251171280:912616215 | 805631767:528606202 | 411580733:52555345 | "
82,"677906049:677776913 | 383030742:314420761 | 511364212:389806116 | 621052018:664282840 | 887083343:806402244 | ","560356461:412069793 | 607854351:652976390 | 914081670:243961221 | 875877479:842031534 | 549890828:471274438 | 621052018:664282840 | 887083343:806402244 | "
83,"860618486:860614322 | 857928366:688074450 | 549538060:722565629 | 904738861:925844692 | 892876546:418882457 | 10707789:346588532 | 784762553:214299735 | 64866092:571821970 | 472551898:472361686 | 614644781:557951552 | ","273215751:273061447 | 87105678:908842649 | 245822902:257855831 | 284372138:601363421 | 61454511:140546542 | 78923300:562116272 | 616686278:217515067 | 621452757:205781241 | 657526018:656462327 | 581475057:408047253 | 799850557:799683139 | 177087010:542008494 | 629751906:111818151 | 124919213:987176512 | 614644781:557951552 | "
84,"579115614:727202862 | 204554701:493624237 | 545689195:545514789 | 279792547:279788467 | 838429005:832040349 | 532305845:532101805 | 895798337:797280200 | 577905604:698473527 | 736039592:673401335 | 166500388:495472459 | ","560356461:412069793 | 706081055:394176288 | 565399867:669981937 | 762867114:118281147 | 370419575:713156137 | 627979820:45177769 | 577905604:698473527 | 366667408:310326061 | 200822284:199270342 | 924785870:985072353 | 515590:358292967 | 191283966:801499585 | 340126683:588424174 | "
85,"860618486:860614322 | 526426583:526249837 | 798472118:798345626 | 455337241:459148730 | 466845030:301960296 | 561267184:769344051 | 288743391:283001537 | 195127702:194995922 | 614644781:557951552 | ","560356461:412069793 | 673063796:4016072 | 41026793:296398138 | 225355611:52889888 | 179401869:978992688 | 806836870:800511566 | 455337241:459148730 | 791527006:710432806 | 92138192:909346605 | 673698234:92007644 | 910423836:984554246 | 191283966:801499585 | 340126683:588424174 | "
86,"860618486:860614322 | 526234151:526057405 | 34378398:34374318 | 213634018:777210284 | 499739297:916384934 | ","677906049:677776913 | 383030742:314420761 | 511364212:389806116 | 850802510:374260604 | 799850557:799683139 | 489697338:802263233 | "
87,"677906049:677776913 | 916413936:911007318 | 132383153:132256653 | 40704709:893919936 | 199413588:556755683 | 375592179:478128777 | 548263858:798930868 | ","443417408:837441483 | 367520048:131597657 | 951667507:192300451 | 469982659:575076803 | 151384505:398226335 | 758897754:584921015 | 617106695:900969533 | 441463417:441457443 | 521797354:521797210 | 614644781:557951552 | "
88,"560356461:412069793 | 421928983:821362539 | 539366472:781833785 | 767572088:281916879 | 299820486:83416017 | 195683960:136538160 | ","273215751:273061447 | 97858105:919595076 | 701953635:246512188 | "
89,"254463299:407332289 | 114111385:769171037 | 868259118:757232904 | 204415553:204206249 | 614644781:557951552 | ","443417408:837441483 | 367520048:131597657 | 705677182:946310099 | 172261880:276298204 | 459773427:248433635 | 354718419:154351932 | 714855860:227973314 | 197276297:473695309 | "
90,"677906049:677776913 | 91362664:964453044 | 273689382:450030551 | 201107817:492444813 | 299041376:187659001 | 787784351:494943326 | 265949781:969577915 | ","860618486:860614322 | 857928366:688074450 | 813335378:691777298 | 899267087:863501241 | 351578262:240137791 | 977806849:799372575 | 10707789:346588532 | 327639038:643291794 | "
91,"860618486:860614322 | 457318605:287464689 | 233807384:229886926 | 182774089:499946652 | 918431431:913241893 | 913898296:908451208 | 776848427:598849787 | 887083343:806402244 | ","860618486:860614322 | 526033394:525856648 | 634357736:630437162 | 365418870:694185893 | 617002752:426829696 | 967334415:784760389 | 401132842:400937826 | 799850557:799683139 | 489697338:802263233 | "
92,"677906049:677776913 | 528226464:332464851 | 219785010:215863782 | 743513670:707747828 | 288732911:300727220 | 19885181:960738748 | 300951839:524043066 | ","860618486:860614322 | 457318605:287464689 | 233807384:229886926 | 182774089:499946652 | 918431431:913241893 | 913898296:908451208 | 776848427:598849787 | 887083343:806402244 | "
93,"677906049:677776913 | 915908837:910502219 | 634357736:630437162 | 250752951:579519974 | 604633735:414467511 | 80709155:904700712 | 202203398:14792252 | 100514168:528018907 | ","677906049:677776913 | 623991013:428229400 | 54560917:58273067 | 398125422:313217098 | 744069620:395055677 | "
94,"860618486:860614322 | 304450438:298971280 | 888960483:121435674 | 527374027:731653981 | 890103237:883878909 | 225603649:225418427 | 275981930:822551897 | ","201849299:593768611 | 974235234:979567017 | 382316803:190715167 | 545689195:545514789 | 279792547:279788467 | 732462776:592962804 | 855481230:90887876 | 630076442:334118022 | 313341092:349212698 | 998136899:820138259 | "
95,"443417408:837441483 | 367508751:131586360 | 345918397:88727194 | 769265135:97759236 | 551998246:473380168 | 877774433:564890797 | 265554923:811125496 | 912190938:144572938 | 640224405:640218797 | 397118095:764301846 | ","560356461:412069793 | 357821469:758642661 | 994035620:722257316 | 513425096:59613662 | 127069504:482453680 | 323952652:776989099 | 459759775:258387437 | 164128287:256906431 | 270012646:931697790 | 49712767:909869086 | 910493053:378419390 | 628632820:624654668 | 191283966:801499585 | 340126683:588424174 | "
96,"677906049:677776913 | 623991013:428229400 | 54560917:58273067 | 398125422:313217098 | 744069620:395055677 | ","585384166:492481745 | 138459731:938445601 | 304682637:754034672 | 296833644:524290652 | "
97,"860618486:860614322 | 304450438:298971280 | 888960483:121435674 | 527374027:731653981 | 890103237:883878909 | 225603649:225418427 | 275981930:822551897 | ","677906049:677776913 | 37369610:103192649 | 400747390:597757353 | 284390490:682046419 | 846998500:222676626 | 214466854:961175465 | 440577391:338172473 | "
98,"860618486:860614322 | 319247761:313768603 | 821311138:821184646 | 167516823:28950683 | 401832426:240929648 | 28400708:946717882 | ","860618486:860614322 | 526234151:526057405 | 34378398:34374318 | 213634018:777210284 | 499739297:916384934 | "
99,"560356461:412069793 | 201856626:196106168 | 12633612:6316600 | 532735299:495287776 | ","443417408:837441483 | 367520048:131597657 | 312591448:772214576 | 918473085:906857604 | 870516579:705767635 | 256072283:991724075 | 589595208:352545962 | "
100,"579115614:727202862 | 204554701:493624237 | 545689195:545514789 | 279792547:279788467 | 991958249:793909863 | 140747905:134422593 | 816757963:553958421 | 915126521:911475544 | ","443417408:837441483 | 367520048:131597657 | 951667507:192300451 | 469982659:575076803 | 820328279:344419916 | 912515428:747961792 | 517857138:86451176 | 269220270:558647818 | 917332926:311512557 | 136451393:623645858 | 274718567:806144205 | "
101,"860618486:860614322 | 758906422:758900722 | 181491452:177570756 | 296414735:480574283 | 138459731:938445601 | 304682637:754034672 | 296833644:524290652 | ","560356461:412069793 | 48077786:379030037 | 773925151:273340554 | 479819840:935690143 | 357692219:100396719 | 515133024:317643253 | 284657396:306225262 | 401658068:513045570 | 835771393:663436545 | 135107154:222030999 | 614644781:557951552 | "
102,"273215751:273061447 | 87105678:908842649 | 245822902:257855831 | 284372138:601363421 | 179008680:978599499 | 893665048:697581302 | 365418870:694185893 | 617002752:426829696 | 987366772:327571953 | 530712887:343301607 | 466845030:301960296 | 428835320:879218109 | ","860618486:860614322 | 758905148:758899448 | 861562043:861435573 | 156805831:80929488 | 556684054:366506708 | 787306825:296300393 | 346404769:170411312 | 227054100:459436103 | 154834855:154649633 | 740470456:754684617 | 697718245:117747248 | 672870783:880947632 | 195823310:967071818 | "
103,"860618486:860614322 | 526426583:526249837 | 798472118:798345626 | 455337241:459148730 | 466845030:301960296 | 399282648:849665437 | ","860618486:860614322 | 526033394:525856648 | 634357736:630437162 | 365418870:694185893 | 617002752:426829696 | 967334415:784760389 | 401132842:400937826 | 799850557:799683139 | 489697338:802263233 | "
104,"273215751:273061447 | 87105678:908842649 | 245822902:257855831 | 284372138:601363421 | 179513779:979104598 | 140747905:134422593 | 74104061:131464899 | 848461631:619658165 | 318295803:772542800 | ","550166143:911199274 | 551280121:858123170 | 191368860:923173070 | "
105,"677906049:677776913 | 37369610:103192649 | 589827229:495350476 | 179841397:978720935 | 479971815:619002098 | ","560356461:412069793 | 706081055:394176288 | 565399867:669981937 | 15859331:760575620 | 987737238:986255167 | 277189181:152134880 | 535655269:82437231 | 708920937:443948497 | 195823310:967071818 | "
106,"560356461:412069793 | 421928983:821362539 | 539366472:781833785 | 15465851:875944337 | 167840149:125605368 | 606681263:354210348 | 371573262:809334323 | 795976783:332619417 | ","118710876:510590864 | 902972868:876248336 | "
107,"273215751:273061447 | 87105678:908842649 | 245822902:257855831 | 284372138:601363421 | 179513779:979104598 | 140747905:134422593 | 169426118:838368075 | 736191265:210007986 | 997938993:200261576 | 548263858:798930868 | ","443417408:837441483 | 367508751:131586360 | 777406596:301919598 | 834869131:225245780 | 958399250:735579720 | 13868217:812726546 | 843039817:325110008 | 445423809:831144402 | 104095355:177843898 | 837957925:669384082 | 614644781:557951552 | "
108,"860618486:860614322 | 857928366:688074450 | 549538060:722565629 | 904738861:925844692 | 892876546:418882457 | 10707789:346588532 | 327639038:643291794 | ","774810261:923089743 | 915126521:911475544 | "
109,"560356461:412069793 | 258471530:80207320 | 207719974:137069780 | 213429375:47238817 | 937777367:344547163 | 822636350:626552776 | 274745353:72281746 | 864586396:703709808 | 546758507:573149530 | ","560356461:412069793 | 258471530:80207320 | 207719974:137069780 | 213429375:47238817 | 798452883:871284882 | 530193772:861261001 | 709029988:428341344 | 257777239:499559433 | 189332866:366270401 | 274745353:72281746 | 87101919:87096519 | 753092264:747618678 | 343265167:343079947 | 416944586:416940748 | 614644781:557951552 | "
110,"560356461:412069793 | 421928983:821362539 | 539366472:781833785 | 479446548:154279371 | 943376393:634098173 | 790049678:678013680 | 311951547:192100433 | ","852652916:144542244 | 30068748:450524301 | 623169743:245688854 | 979718136:296384805 | 479881919:555779664 | 190031815:343265439 | 353078235:165408080 | 216322533:941884844 | 614644781:557951552 | "
111,"740325961:336990810 | 199413588:556755683 | 375592179:478128777 | 501556900:767707452 | 864771416:774773610 | ","443417408:837441483 | 367520048:131597657 | 951667507:192300451 | 469982659:575076803 | 151384505:398226335 | 758897754:584921015 | 617106695:900969533 | 246647688:240905826 | 975879584:971558574 | 195823310:967071818 | "
112,"677906049:677776913 | 91362664:964453044 | 273689382:450030551 | 201107817:492444813 | 299041376:187659001 | 787784351:494943326 | 265949781:969577915 | ","273215751:273061447 | 718924959:718739463 | 616408452:909980995 | 189970719:111071496 | 241052076:557966963 | "
113,"443417408:837441483 | 367508751:131586360 | 345918397:88727194 | 322992623:651486733 | 85409233:889325644 | 687900623:357979393 | 857971411:697097573 | 457992669:922956777 | ","10198902:402136808 | 509973957:709252511 | 462795103:244497118 | 406273334:400522874 | 917631999:751118361 | 85409233:889325644 | 324919229:97361147 | "
114,"860618486:860614322 | 457318605:287464689 | 233807384:229886926 | 182774089:499946652 | 918431431:913241893 | 913898296:908451208 | 776848427:598849787 | 887083343:806402244 | ","273215751:273061447 | 911837636:733574600 | 523059511:535416168 | 796405678:383664163 | 62706251:550071802 | 626495720:278412620 | 967812215:967644797 | 883704109:883513575 | 776848427:598849787 | 887083343:806402244 | "
115,"579115614:727202862 | 204554701:493624237 | 545689195:545514789 | 279792547:279788467 | 838429005:832040349 | 532305845:532101805 | 895798337:797280200 | 577905604:698473527 | 736039592:673401335 | 166500388:495472459 | ","560356461:412069793 | 706081055:394176288 | 565399867:669981937 | 762867114:118281147 | 370419575:713156137 | 627979820:45177769 | 577905604:698473527 | 366667408:310326061 | 200822284:199270342 | 924785870:985072353 | 515590:358292967 | 191283966:801499585 | 340126683:588424174 | "
116,"677906049:677776913 | 127616703:931855099 | 482016667:887209859 | 672202927:836235258 | 278653096:890279659 | 38677161:242519177 | 390773708:872811718 | ","677906049:677776913 | 390364824:222759610 | 851459925:902571621 | 303944604:241560670 | 872588948:733226491 | 794915173:608750432 | 699730659:202838076 | 12537889:75240430 | 732765707:732598269 | 682536700:385891645 | "
117,"560356461:412069793 | 421928983:821362539 | 539366472:781833785 | 15465851:875944337 | 167840149:125605368 | 606681263:354210348 | 371573262:809334323 | 574063769:107503851 | 482703731:964781537 | 160344969:234475381 | 195823310:967071818 | ","750143835:626042835 | 541831592:848688678 | 156293066:325034099 | 525918580:349848157 | 241959192:187295871 | 790416640:976070186 | 615706695:686030259 | 316732095:77697362 | 82602200:407035874 | 482703731:964781537 | 160344969:234475381 | 195823310:967071818 | "
118,"560356461:412069793 | 258471530:80207320 | 207719974:137069780 | 213429375:47238817 | 318370685:397455826 | 180730221:779383853 | 575083335:340348778 | ","560356461:412069793 | 706081055:394176288 | 565399867:669981937 | 15859331:760575620 | 987737238:986255167 | 277189181:152134880 | 607134363:557375279 | 458999797:194027353 | 191283966:801499585 | 340126683:588424174 | "
119,"860618486:860614322 | 758899335:758893635 | 825311940:543541594 | 841691230:947775193 | 70687510:496658146 | 726151365:719826093 | 299325483:187943108 | 154596648:661262933 | 699565722:843438288 | 195823310:967071818 | ","560356461:412069793 | 298208657:629160944 | 450625683:708536444 | 585802187:65053432 | 643400568:253264338 | 157709065:992085325 | 466457865:898641089 | 60498988:486469624 | 993388366:987646472 | 544742578:582773749 | 278125486:609928348 | "
120,"740325961:336990810 | 199413588:556755683 | 375592179:478128777 | 548263858:798930868 | ","369594723:772708026 | "
121,"273215751:273061447 | 489235964:855113737 | 715450506:285677079 | 394972995:851096352 | ","273215751:273061447 | 291633830:765479706 | 961841611:339311251 | 427046045:789861610 | 492846212:883408388 | "
122,"273215751:273061447 | 719095506:718910010 | 386002578:915517652 | ","860618486:860614322 | 304226175:298747017 | 952580063:948659657 | 975825274:970407090 | 356610017:356604057 | 676279636:688741905 | 20844622:128278080 | 827126140:655030072 | 990184725:812186087 | 279962656:58050236 | "
123,"677906049:677776913 | 916302026:910895408 | 219305550:219301470 | 633104357:438519353 | 799850557:799683139 | 489697338:802263233 | ","860618486:860614322 | 825115087:559643688 | 358814742:590619748 | 330925853:408209220 | 335840637:953795592 | 137058475:92398232 | 363382553:777401877 | 202203398:14792252 | 100514168:528018907 | "
124,"443417408:837441483 | 367508751:131586360 | 345918397:88727194 | 968965045:152282312 | 549890828:471274438 | 850802510:374260604 | 799850557:799683139 | 889814934:202380764 | ","560356461:412069793 | 673063796:4016072 | 41026793:296398138 | 225355611:52889888 | 390607226:470980 | 549890828:471274438 | 850802510:374260604 | 359112416:371515167 | 549922093:921179050 | "
125,"672133831:820413331 | 446880041:135409300 | 845825233:580168952 | ","560356461:412069793 | 421928983:821362539 | 539366472:781833785 | 767572088:281916879 | 299820486:83416017 | 195683960:136538160 | "
126,"469688335:464904895 | 896408507:896402525 | 135961714:96147472 | ","443417408:837441483 | 393210776:79616696 | 817725238:844797971 | 365369434:358893858 | 843095543:390198307 | 424680931:302798314 | 574672125:516266511 | 391388439:740169264 | 887426018:763446774 | 309614009:218669563 | "
127,"458278041:850158029 | 719251878:911208065 | ","860618486:860614322 | 825115087:559643688 | 358814742:590619748 | 330925853:408209220 | 335840637:953795592 | 137058475:92398232 | 363382553:777401877 | 202203398:14792252 | 100514168:528018907 | "
128,"677906049:677776913 | 916262082:910855464 | 180919366:180915286 | 380048510:373842476 | 347379868:342192158 | 133853089:19485277 | 654277544:83453839 | ","273215751:273061447 | 992048307:465894172 | "
129,"560356461:412069793 | 421928983:821362539 | 539366472:781833785 | 767572088:281916879 | 299820486:83416017 | 195683960:136538160 | ","677906049:677776913 | 383030742:314420761 | 511364212:389806116 | 621052018:664282840 | 887083343:806402244 | "
130,"677906049:677776913 | 101200844:905439240 | 293179005:171646367 | 23528340:604464261 | 498055186:511331365 | 549091731:354380082 | 447078854:189380081 | 890174123:333590382 | ","820849454:298378775 | 714382075:486677948 | 277568857:156063780 | 473823907:108143820 | 257994333:667565310 | 440631464:239530840 | 211066715:42720183 | 381656659:279417173 | 164128287:256906431 | 373850160:692957016 | 191283966:801499585 | 340126683:588424174 | "
131,"677906049:677776913 | 915908837:910502219 | 634357736:630437162 | 110260540:302038139 | 972268917:773314809 | 153142460:642818318 | 379866003:181113599 | 101447859:44625996 | 318745204:984418551 | 219223294:666982430 | ","860618486:860614322 | 758905148:758899448 | 861562043:861435573 | 518157072:165990453 | 39039587:298782933 | 731854901:508084144 | 38111017:357217899 | 651245424:477817620 | 444391197:332951034 | 302139697:779847295 | 561267184:769344051 | 482703731:964781537 | 160344969:234475381 | 195823310:967071818 | "
132,"677906049:677776913 | 916033622:910627004 | 875925391:872004587 | 781481169:916744477 | 764991650:796158331 | 96529636:256661637 | ","677906049:677776913 | 545669509:545495103 | 693326338:693322260 | 895798337:797280200 | 577905604:698473527 | 736039592:673401335 | 766593902:148022232 | "
133,"677906049:677776913 | 545669509:545495103 | 693326338:693322260 | 895798337:797280200 | 577905604:698473527 | 736039592:673401335 | 766593902:148022232 | ","469688335:464904895 | 896408507:896402525 | 135961714:96147472 | "
134,"118710876:510590864 | 902972868:876248336 | ","273215751:273061447 | 97858105:919595076 | 701953635:246512188 | "
135,"560356461:412069793 | 258471530:80207320 | 207719974:137069780 | 213429375:47238817 | 179513779:979104598 | 140747905:134422593 | 786222819:786013931 | 296880915:770726791 | 701773947:713950076 | 521858062:104893334 | 917332926:311512557 | 229993218:333021490 | ","443417408:837441483 | 393210776:79616696 | 768313719:511122516 | 564577864:233537884 | 551031442:290045402 | 609422467:813291117 | 371985590:187794102 | 917332926:311512557 | 136451393:623645858 | 909103057:923900102 | 402541435:712960198 | 195823310:967071818 | "
136,"273215751:273061447 | 87105678:908842649 | 245822902:257855831 | 284372138:601363421 | 179513779:979104598 | 140747905:134422593 | 560145358:359402480 | 259011411:80747201 | 337223819:905683565 | 929319567:696344944 | 822864497:438841825 | 516211097:327451902 | ","894943403:633866356 | 605989001:741573573 | 75781830:187169357 | 665637407:620413872 | 810952836:320911428 | 881251289:773022694 | 708691512:676556388 | 40588427:40405473 | 614644781:557951552 | "
137,"860618486:860614322 | 758899335:758893635 | 825311940:543541594 | 841691230:947775193 | 70687510:496658146 | 726151365:719826093 | 279089973:826236366 | ","273215751:273061447 | 787707356:153611862 | 38919515:610317702 | "
138,"677906049:677776913 | 915908837:910502219 | 634357736:630437162 | 250752951:579519974 | 604633735:414467511 | 80709155:904700712 | 202203398:14792252 | 100514168:528018907 | ","677906049:677776913 | 390589087:222983873 | 936743938:440620884 | 739205774:570572828 | 44001950:645567789 | 598004791:591959267 | 354164061:348845185 | 812755088:812569414 | 990184725:812186087 | 327639038:643291794 | "
139,"860618486:860614322 | 526033394:525856648 | 634357736:630437162 | 397441061:726208084 | 74695045:316555154 | 236243758:550547980 | 588477025:588283099 | 488504094:301092948 | 738293014:122787168 | 300392606:644880650 | ","273215751:273061447 | 894169201:894163219 | 623757335:623751935 | 204329421:611099224 | 977752023:540945189 | 21574012:329585344 | 167911930:422349870 | 254452951:691913168 | 642526699:327442246 | 776848427:598849787 | 738293014:122787168 | 690839438:320963007 | 472551898:472361686 | 614644781:557951552 | "
140,"254513013:407382003 | 383207791:38264588 | 933458806:186452296 | 244788180:742554235 | 288090394:974229820 | ","860618486:860614322 | 567961682:398107766 | 994763584:514252545 | 202467479:131365755 | 88293695:702843999 | "
141,"469688335:464904895 | 896408507:896402525 | 135961714:96147472 | ","860618486:860614322 | 30364939:764893559 | 895958120:915847875 | 989572722:430060652 | 44715265:454114481 | 459376874:473696943 | 606676760:865520549 | "
142,"376588530:768468518 | 96754728:276182786 | 480699952:481059239 | 297871480:191246542 | ","677906049:677776913 | 37369610:103192649 | 400747390:597757353 | 284390490:682046419 | 846998500:222676626 | 214466854:961175465 | 440577391:338172473 | "
143,"860618486:860614322 | 857928366:688074450 | 813335378:691777298 | 899267087:863501241 | 351578262:240137791 | 977806849:799372575 | 10707789:346588532 | 327639038:643291794 | ","677906049:677776913 | 110543128:914781524 | 826101928:822181504 | 687900623:357979393 | 857971411:697097573 | 427454941:892419049 | "
144,"273215751:273061447 | 787707356:153611862 | 775449020:148719925 | 337935694:188297552 | 611582655:430633029 | 195823310:967071818 | ","443417408:837441483 | 367520048:131597657 | 528738441:769371376 | 990265653:94848750 | 503763696:793828012 | 347191515:181777194 | 775449020:148719925 | 233441863:586043700 | 499769234:318819626 | 457024658:939114478 | 155086581:587127597 | 195823310:967071818 | "
145,"860618486:860614322 | 758899335:758893635 | 644663761:361201277 | 151828308:847440334 | 364522072:420900578 | 727136453:720811181 | 499079018:44476864 | ","560356461:412069793 | 298208657:629160944 | 450625683:708536444 | 585802187:65053432 | 643400568:253264338 | 157709065:992085325 | 466457865:898641089 | 60498988:486469624 | 993388366:987646472 | 544742578:582773749 | 278125486:609928348 | "
146,"860618486:860614322 | 526033394:525856648 | 634357736:630437162 | 397441061:726208084 | 74695045:316555154 | 236243758:550547980 | 588477025:588283099 | 488504094:301092948 | 887083343:806402244 | ","273215751:273061447 | 894169201:894163219 | 623757335:623751935 | 204329421:611099224 | 977752023:540945189 | 21574012:329585344 | 167911930:422349870 | 254452951:691913168 | 642526699:327442246 | 776848427:598849787 | 738293014:122787168 | 690839438:320963007 | 472551898:472361686 | 614644781:557951552 | "
147,"860618486:860614322 | 440245030:270391114 | 826101928:822181504 | 191145120:861223897 | 14885124:853981309 | 554302117:830611614 | ","303623853:706737170 | 781538717:660017070 | 212691820:16864356 | 603246697:81481283 | 85409233:889325644 | 191145120:861223897 | 454061608:968283084 | 41252647:557308685 | "
148,"560356461:412069793 | 421928983:821362539 | 539366472:781833785 | 767572088:281916879 | 299820486:83416017 | 195683960:136538160 | ","254513013:407382003 | 786535865:517344148 | 853442171:663312925 | 41254683:277099466 | 831351389:943568347 | 85283950:885584189 | 520946295:386234400 | "
149,"443417408:837441483 | 367508751:131586360 | 345918397:88727194 | 740675959:69170060 | 867530903:527600235 | 904738861:925844692 | 892876546:418882457 | 926840621:262721355 | 321094845:10605100 | ","273215751:273061447 | 87105678:908842649 | 245822902:257855831 | 284372138:601363421 | 61454511:140546542 | 78923300:562116272 | 616686278:217515067 | 621452757:205781241 | 657526018:656462327 | 581475057:408047253 | 799850557:799683139 | 177087010:542008494 | 629751906:111818151 | 124919213:987176512 | 614644781:557951552 | "
150,"677906049:677776913 | 390364824:222759610 | 952580063:948659657 | 975825274:970407090 | 11723983:834148384 | 794915173:608750432 | 699730659:202838076 | 966454722:463959948 | 162262909:706812115 | 717690603:526819929 | ","560356461:412069793 | 421928983:821362539 | 539366472:781833785 | 863034980:782852555 | 612314461:24689310 | 833758716:11393909 | "
151,"677906049:677776913 | 383030742:314420761 | 511364212:389806116 | 831732330:874963152 | 401832426:240929648 | 355754862:611184451 | 288743391:283001537 | 195127702:194995922 | 614644781:557951552 | ","560356461:412069793 | 258471530:80207320 | 207719974:137069780 | 213429375:47238817 | 390607226:470980 | 549890828:471274438 | 915599505:958830329 | 7598987:179101285 | 362855009:911942660 | 673698234:92007644 | 910423836:984554246 | 191283966:801499585 | 340126683:588424174 | "
152,"273215751:273061447 | 718924959:718739463 | 616408452:909980995 | 189970719:111071496 | 241052076:557966963 | ","677906049:677776913 | 915908837:910502219 | 634357736:630437162 | 110260540:302038139 | 972268917:773314809 | 153142460:642818318 | 379866003:181113599 | 101447859:44625996 | 881101324:516974874 | "
153,"585384166:492481745 | 138459731:938445601 | 304682637:754034672 | 296833644:524290652 | ","273215751:273061447 | 514570498:880470217 | "
154,"677906049:677776913 | 915908837:910502219 | 634357736:630437162 | 365418870:694185893 | 617002752:426829696 | 967334415:784760389 | 401132842:400937826 | 799850557:799683139 | 889814934:202380764 | ","677906049:677776913 | 545675322:545500916 | 861562043:861435573 | 156805831:80929488 | 556684054:366506708 | 517570347:286544499 | 943091169:755679435 | 504134124:498378176 | 990184725:812186087 | 784762553:214299735 | 437068873:159490580 | 654589017:987955203 | 191283966:801499585 | 340126683:588424174 | "
155,"273215751:273061447 | 719095506:718910010 | 141483953:771468316 | 49020077:868486160 | 650670109:115967813 | 195823310:967071818 | ","443417408:837441483 | 393055141:79461061 | 56338709:14047279 | 778167401:191698561 | 382561156:547145141 | 501556900:767707452 | 481746242:940454577 | 421535364:44379891 | 195823310:967071818 | "
156,"860618486:860614322 | 526033394:525856648 | 191844508:240564247 | 227849802:673119964 | 350854775:724729833 | 508211315:232016642 | ","677906049:677776913 | 383030742:314420761 | 511364212:389806116 | 621052018:664282840 | 887083343:806402244 | "
157,"410783682:907296383 | 457153136:358849603 | ","677906049:677776913 | 545669509:545495103 | 693326338:693322260 | 895798337:797280200 | 577905604:698473527 | 736039592:673401335 | 766593902:148022232 | "
158,"273215751:273061447 | 296880915:770726791 | 701773947:713950076 | 521858062:104893334 | 917332926:311512557 | 229993218:333021490 | ","677906049:677776913 | 110543128:914781524 | 826101928:822181504 | 687900623:357979393 | 857971411:697097573 | 427454941:892419049 | "
159,"677906049:677776913 | 604356195:535746218 | 358814742:590619748 | 330925853:408209220 | 335840637:953795592 | 137058475:92398232 | 363382553:777401877 | 202203398:14792252 | 100514168:528018907 | ","560356461:412069793 | 607854351:652976390 | 336518234:562784448 | 575235715:548825599 | 344529438:208530720 | 137058297:92398054 | 363211495:777230819 | 490547731:312549091 | 100514168:528018907 | "
160,"677906049:677776913 | 916092946:910686328 | 569769880:569643400 | 139724221:752163758 | 962781424:235645508 | 689278227:802516170 | ","860618486:860614322 | 526426583:526249837 | 798472118:798345626 | 455337241:459148730 | 466845030:301960296 | 399282648:849665437 | "
161,"560356461:412069793 | 421928983:821362539 | 539366472:781833785 | 479446548:154279371 | 943376393:634098173 | 491539913:18423954 | ","677906049:677776913 | 399523272:231918058 | 548989161:427439601 | 474029337:520460274 | 426217251:467925032 | 694029092:184054739 | "
162,"410783682:907296383 | 457153136:358849603 | ","413516622:265229954 | 363335014:193478604 | 850235347:820327508 | 55643227:854073744 | 16956220:265988691 | 177146343:669813511 | 69115224:993328778 | "
163,"888441660:627380291 | 69420524:581599271 | ","740325961:336990810 | 199413588:556755683 | 375592179:478128777 | 548263858:798930868 | "
164,"560356461:412069793 | 421928983:821362539 | 539366472:781833785 | 248206713:192895323 | 316213009:608683975 | 786309694:291102476 | ","171097252:46996256 | 737108000:956590412 | 662762211:830510326 | 251171280:912616215 | 974584672:386792181 | "
165,"579115614:727202862 | 204554701:493624237 | 545689195:545514789 | 279792547:279788467 | 991453150:793404764 | 893665048:697581302 | 397441061:726208084 | 74695045:316555154 | 236243758:550547980 | 588477025:588283099 | 488504094:301092948 | 887083343:806402244 | ","273215751:273061447 | 894169201:894163219 | 623757335:623751935 | 204329421:611099224 | 977752023:540945189 | 21574012:329585344 | 167911930:422349870 | 254452951:691913168 | 642526699:327442246 | 776848427:598849787 | 738293014:122787168 | 300392606:644880650 | "
166,"273215751:273061447 | 719095506:718910010 | 386002578:915517652 | ","888441660:627380291 | 69420524:581599271 | "
167,"860618486:860614322 | 457318605:287464689 | 233807384:229886926 | 182774089:499946652 | 918431431:913241893 | 913898296:908451208 | 776848427:598849787 | 887083343:806402244 | ","677906049:677776913 | 545669509:545495103 | 693326338:693322260 | 895798337:797280200 | 577905604:698473527 | 736039592:673401335 | 766593902:148022232 | "
168,"254463299:407332289 | 537452977:844302003 | ","860618486:860614322 | 526234151:526057405 | 34378398:34374318 | 213634018:777210284 | 499739297:916384934 | "
169,"677906049:677776913 | 37369610:103192649 | 589827229:495350476 | 575083335:340348778 | ","273215751:273061447 | 945379224:551608033 | 117502479:379264672 | 172883171:259277791 | "
170,"860618486:860614322 | 30364939:764893559 | 895958120:915847875 | 989572722:430060652 | 44715265:454114481 | 459376874:473696943 | 606676760:865520549 | ","677906049:677776913 | 916033622:910627004 | 875925391:872004587 | 781481169:916744477 | 764991650:796158331 | 96529636:256661637 | "
171,"677906049:677776913 | 915908837:910502219 | 634357736:630437162 | 457128748:402233915 | 404420742:412061030 | 388279454:531584987 | 479720299:479523703 | 641631939:463633299 | ","273215751:273061447 | 296880915:770726791 | 701773947:713950076 | 521858062:104893334 | 917332926:311512557 | 229993218:333021490 | "
172,"860618486:860614322 | 526033394:525856648 | 634357736:630437162 | 365418870:694185893 | 617002752:426829696 | 967334415:784760389 | 401132842:400937826 | 799850557:799683139 | 489697338:802263233 | ","677906049:677776913 | 528226464:332464851 | 953210908:184598889 | 440834819:204724347 | 785541408:558662625 | 694000854:586176398 | 929618480:469726842 | "
173,"469688335:464904895 | 896408507:896402525 | 135961714:96147472 | ","677906049:677776913 | 390589087:222983873 | 936743938:440620884 | 739205774:570572828 | 44001950:645567789 | 598004791:591959267 | 354164061:348845185 | 812755088:812569414 | 990184725:812186087 | 327639038:643291794 | "
174,"273215751:273061447 | 787707356:153611862 | 38919515:610317702 | ","443417408:837441483 | 367520048:131597657 | 528738441:769371376 | 990265653:94848750 | 503763696:793828012 | 347191515:181777194 | 775449020:148719925 | 233441863:586043700 | 492846212:883408388 | "
175,"273215751:273061447 | 383355654:72578373 | 652614521:95841864 | ","860618486:860614322 | 30364939:764893559 | 895958120:915847875 | 989572722:430060652 | 44715265:454114481 | 459376874:473696943 | 606676760:865520549 | "
176,"860618486:860614322 | 526386639:526209893 | 180919366:180915286 | 782568343:590181267 | 668316170:507436184 | 354473578:993137242 | 420971799:754628001 | 133149558:127759034 | 844252275:187594048 | ","677906049:677776913 | 91362664:964453044 | 273689382:450030551 | 201107817:492444813 | 299041376:187659001 | 787784351:494943326 | 265949781:969577915 | "
177,"677906049:677776913 | 915908837:910502219 | 634357736:630437162 | 365418870:694185893 | 617002752:426829696 | 987366772:327571953 | 530712887:343301607 | 466845030:301960296 | 399282648:849665437 | ","860618486:860614322 | 526033394:525856648 | 634357736:630437162 | 365418870:694185893 | 617002752:426829696 | 967334415:784760389 | 401132842:400937826 | 799850557:799683139 | 489697338:802263233 | "
178,"118710876:510590864 | 902972868:876248336 | ","736615292:856640234 | 710375883:73297715 | 895611222:620372966 | 192128930:443005722 | 223704419:792089074 | 678916935:776350113 | "
179,"860618486:860614322 | 886517542:716663626 | 513471630:391911846 | 877774433:564890797 | 265554923:811125496 | 912189914:144571914 | 609718421:609712813 | 385091512:595119749 | ","585384166:492481745 | 138459731:938445601 | 304682637:754034672 | 296833644:524290652 | "
180,"677906049:677776913 | 915908837:910502219 | 634357736:630437162 | 365418870:694185893 | 617002752:426829696 | 987366772:327571953 | 530712887:343301607 | 466845030:301960296 | 399282648:849665437 | ","273215751:273061447 | 787707356:153611862 | 38919515:610317702 | "
181,"273215751:273061447 | 383355654:72578373 | 652614521:95841864 | ","677906049:677776913 | 915908837:910502219 | 634357736:630437162 | 457128748:402233915 | 404420742:412061030 | 388279454:531584987 | 479720299:479523703 | 641631939:463633299 | "
182,"560356461:412069793 | 421928983:821362539 | 539366472:781833785 | 479463750:154296573 | 829784523:520506271 | 313426008:172047146 | 592112052:477202081 | 366742895:223671865 | 195823310:967071818 | ","54371985:50368727 | 49091513:43612333 | 313426008:172047146 | 580105426:151623149 | 101024072:609790970 | 804635987:151705069 | "
183,"677906049:677776913 | 101200844:905439240 | 745583054:952718427 | 269067755:620395014 | 800252855:689510217 | 917363856:663357276 | ","273215751:273061447 | 514570498:880470217 | "
184,"80306601:228586115 | 808903072:244035492 | ","962859072:311341053 | 332908310:509897981 | 694019578:122515323 | 687393093:201937099 | 913777999:101773382 | 833358224:788581278 | 917332926:311512557 | 229993218:333021490 | "
185,"860618486:860614322 | 304450438:298971280 | 888960483:121435674 | 527374027:731653981 | 890103237:883878909 | 225603649:225418427 | 275981930:822551897 | ","677906049:677776913 | 528226464:332464851 | 953210908:184598889 | 440834819:204724347 | 785541408:558662625 | 694000854:586176398 | 929618480:469726842 | "
186,"273215751:273061447 | 945379224:551608033 | 117502479:379264672 | 172883171:259277791 | ","458395549:850275537 | 736191265:210007986 | 997938993:200261576 | 548263858:798930868 | "
187,"273215751:273061447 | 296880915:770726791 | 701773947:713950076 | 521858062:104893334 | 917332926:311512557 | 229993218:333021490 | ","443417408:837441483 | 393210776:79616696 | 768313719:511122516 | 564577864:233537884 | 551031442:290045402 | 609422467:813291117 | 371985590:187794102 | 917332926:311512557 | 229993218:333021490 | "
188,"579115614:727202862 | 204554701:493624237 | 545689195:545514789 | 279792547:279788467 | 991958249:793909863 | 140747905:134422593 | 560145358:359402480 | 259011411:80747201 | 337223819:905683565 | 929319567:696344944 | 822864497:438841825 | 516211097:327451902 | ","894943403:633866356 | 605989001:741573573 | 75781830:187169357 | 665637407:620413872 | 810952836:320911428 | 881251289:773022694 | 708691512:676556388 | 40588427:40405473 | 614644781:557951552 | "
189,"677906049:677776913 | 349872898:281262943 | 646676352:525143306 | 125805201:700732592 | 401832768:240929990 | 359144011:985623939 | 682909064:910479194 | 547547082:475969761 | ","860618486:860614322 | 758899335:758893635 | 825311940:543541594 | 841691230:947775193 | 70687510:496658146 | 726151365:719826093 | 279089973:826236366 | "
190,"860618486:860614322 | 526033394:525856648 | 634357736:630437162 | 217148415:408926016 | 364235341:340356094 | 925149116:15354330 | 894978:814198385 | 990184725:812186087 | 327639038:643291794 | ","860618486:860614322 | 886517542:716663626 | 513471630:391911846 | 877774433:564890797 | 265554923:811125496 | 912189914:144571914 | 609718421:609712813 | 385091512:595119749 | "
191,"860618486:860614322 | 886517542:716663626 | 513471630:391911846 | 877774433:564890797 | 265554923:811125496 | 912189914:144571914 | 609718421:609712813 | 385091512:595119749 | ","677906049:677776913 | 915908837:910502219 | 634357736:630437162 | 110260540:302038139 | 972268917:773314809 | 153142460:642818318 | 379866003:181113599 | 101447859:44625996 | 881101324:516974874 | "
192,"585384166:492481745 | 138459731:938445601 | 304682637:754034672 | 296833644:524290652 | ","458278041:850158029 | 719251878:911208065 | "
193,"677906049:677776913 | 915908837:910502219 | 634357736:630437162 | 457128748:402233915 | 404420742:412061030 | 388279454:531584987 | 479720299:479523703 | 641631939:463633299 | ","469688335:464904895 | 936190862:757927692 | 620597861:455712695 | 688447738:682702094 | 898147962:140679232 | "
194,"677906049:677776913 | 390589087:222983873 | 936743938:440620884 | 739205774:570572828 | 44001950:645567789 | 598004791:591959267 | 354164061:348845185 | 812755088:812569414 | 990184725:812186087 | 327639038:643291794 | ","254513013:407382003 | 383207791:38264588 | 933458806:186452296 | 244788180:742554235 | 288090394:974229820 | "
195,"273215751:273061447 | 719095506:718910010 | 386002578:915517652 | ","469688335:464904895 | 896408507:896402525 | 135961714:96147472 | "
196,"677906049:677776913 | 916092946:910686328 | 569769880:569643400 | 139724221:752163758 | 962813200:235677284 | 6048269:119229808 | ","560356461:412069793 | 298208657:629160944 | 450625683:708536444 | 585802187:65053432 | 179187433:978778252 | 418574036:412248744 | 720087392:776131869 | 920179350:832492304 | 501789118:759037209 | 795444378:631117628 | "
197,"860618486:860614322 | 526234151:526057405 | 34378398:34374318 | 213634018:777210284 | 499739297:916384934 | ","253542962:401822474 | 159006086:903256638 | 828417968:229659284 | 35408175:920934840 | "
198,"443417408:837441483 | 367508751:131586360 | 345918397:88727194 | 313650339:642144449 | 769660771:243775158 | 269067755:620395014 | 800252855:689510217 | 918348912:664342332 | ","820849454:298378775 | 539667885:173367491 | 347961893:74037279 | 406273334:400522874 | 908289715:741776077 | 282892355:846573470 | 631656065:804279401 | 392708651:322058385 | 905860315:694358064 | "
199,"579115614:727202862 | 204554701:493624237 | 545689195:545514789 | 279792547:279788467 | 838436092:832047436 | 440798764:244714896 | 247950882:774677380 | 854223026:161015641 | ","443417408:837441483 | 367520048:131597657 | 705677182:946310099 | 172261880:276298204 | 459773427:248433635 | 354718419:154351932 | 714855860:227973314 | 197276297:473695309 | "
200,"254463299:407332289 | 537452977:844302003 | ","677906049:677776913 | 390589087:222983873 | 936743938:440620884 | 739205774:570572828 | 44001950:645567789 | 598004791:591959267 | 354164061:348845185 | 812755088:812569414 | 990184725:812186087 | 327639038:643291794 | "
201,"273215751:273061447 | 514570498:880470217 | ","677906049:677776913 | 399523272:231918058 | 548989161:427439601 | 474029337:520460274 | 426217251:467925032 | 694029092:184054739 | "
202,"273215751:273061447 | 102064395:923801366 | 984675280:356839546 | 286354000:972493426 | 455651424:259868035 | 191283966:801499585 | 340126683:588424174 | ","443417408:837441483 | 393210776:79616696 | 768313719:511122516 | 917151399:3246877 | 984675280:356839546 | 664874469:975293262 | 234899114:229492472 | 903797449:903791467 | 917332926:311512557 | 229993218:333021490 | "
203,"560356461:412069793 | 421928983:821362539 | 539366472:781833785 | 863034980:782852555 | 612314461:24689310 | 833758716:11393909 | ","860618486:860614322 | 825115087:559643688 | 358814742:590619748 | 330925853:408209220 | 335840637:953795592 | 137058475:92398232 | 363382553:777401877 | 202203398:14792252 | 100514168:528018907 | "
204,"860618486:860614322 | 857928366:688074450 | 549538060:722565629 | 904738861:925844692 | 892876546:418882457 | 10707789:346588532 | 327639038:643291794 | ","740325961:336990810 | 199413588:556755683 | 375592179:478128777 | 548263858:798930868 | "
205,"860618486:860614322 | 440245030:270391114 | 826101928:822181504 | 729601284:502043168 | 148229375:45801097 | 643333827:351741369 | 491761823:446549023 | ","273215751:273061447 | 992048307:465894172 | "
206,"672133831:820413331 | 446880041:135409300 | 845825233:580168952 | ","400214179:230412545 | 848461631:619658165 | 287758075:742005072 | "
207,"860618486:860614322 | 526538493:526361747 | 132383153:132256653 | 786222819:786013931 | 787707356:153611862 | 38919515:610317702 | ","443417408:837441483 | 367520048:131597657 | 528738441:769371376 | 990265653:94848750 | 503763696:793828012 | 347191515:181777194 | 775449020:148719925 | 233441863:586043700 | 499769234:318819626 | 513665811:677752695 | "
208,"254513013:407382003 | 383207791:38264588 | 933458806:186452296 | 244788180:742554235 | 288090394:974229820 | ","860618486:860614322 | 567961682:398107766 | 994763584:514252545 | 202467479:131365755 | 88293695:702843999 | "
209,"579115614:727202862 | 204554701:493624237 | 545689195:545514789 | 279792547:279788467 | 732238513:592738541 | 990145801:608096241 | 303944604:241560670 | 872588948:733226491 | 794915173:608750432 | 699730659:202838076 | 12537889:75240430 | 732765707:732598269 | 712089372:415444317 | ","860618486:860614322 | 526446795:526270049 | 400608043:400481549 | 550340303:550136665 | 53923507:53738725 | 555630360:996269307 | 325627742:553928444 | 387989317:938035332 | 34448370:457302332 | 279940165:73334393 | 573896408:540458580 | "
210,"677906049:677776913 | 238259780:42498167 | 994763584:514252545 | 202467479:131365755 | 694149600:827983682 | ","888572883:627511514 | 964137167:476082985 | "
211,"560356461:412069793 | 421928983:821362539 | 539366472:781833785 | 15465851:875944337 | 167840149:125605368 | 606681263:354210348 | 371573262:809334323 | 574063769:107503851 | 696680598:226269276 | ","750143835:626042835 | 541831592:848688678 | 156293066:325034099 | 525918580:349848157 | 241959192:187295871 | 790416640:976070186 | 615706695:686030259 | 316732095:77697362 | 560668249:618112049 | "
212,"273215751:273061447 | 383355654:72578373 | 652614521:95841864 | ","361831635:858344176 | 318419720:28801375 | 724152292:252338834 | 951419384:815464106 | 734130925:257366156 | 524908358:950756713 | 283894870:324916183 | "
213,"677906049:677776913 | 916413936:911007318 | 132383153:132256653 | 364035586:141006388 | ","560356461:412069793 | 7481841:338434104 | 778472855:882869091 | 21697459:195525133 | 849676100:746438472 | 351195412:659932583 | 859719867:315338056 | 866297400:31366271 | 691510866:724867660 | 195823310:967071818 | "
214,"560356461:412069793 | 258471530:80207320 | 207719974:137069780 | 213429375:47238817 | 179008680:978599499 | 893665048:697581302 | 110260540:302038139 | 972268917:773314809 | 153142460:642818318 | 379866003:181113599 | 101447859:44625996 | 881101324:516974874 | ","860618486:860614322 | 758905148:758899448 | 861562043:861435573 | 518157072:165990453 | 39039587:298782933 | 731854901:508084144 | 38111017:357217899 | 651245424:477817620 | 444391197:332951034 | 302139697:779847295 | 561267184:769344051 | 696680598:226269276 | "
215,"677906049:677776913 | 127616703:931855099 | 482016667:887209859 | 672202927:836235258 | 278653096:890279659 | 38677161:242519177 | 819057220:641058446 | 734492016:854851844 | ","273215751:273061447 | 911837636:733574600 | 523059511:535416168 | 796405678:383664163 | 689070458:218231843 | 198253083:703540790 | 653159678:850431757 | 346366347:185041711 | 819057220:641058446 | 734492016:854851844 | "
216,"677906049:677776913 | 915908837:910502219 | 191844508:240564247 | 227849802:673119964 | 350854775:724729833 | 509196371:233001698 | ","201849299:593768611 | 974235234:979567017 | 851821692:912171008 | 491892985:324287723 | 578003589:572647165 | 506989833:487383087 | 441601660:419957335 | 194181388:247149308 | "
217,"560356461:412069793 | 258471530:80207320 | 207719974:137069780 | 213429375:47238817 | 296099170:289634358 | 440798764:244714896 | 247950882:774677380 | 854223026:161015641 | ","443417408:837441483 | 367520048:131597657 | 705677182:946310099 | 172261880:276298204 | 459773427:248433635 | 354718419:154351932 | 714855860:227973314 | 941847627:983022436 | 211551490:843851769 | 387901256:72829976 | 195823310:967071818 | "
218,"443417408:837441483 | 367508751:131586360 | 345918397:88727194 | 886458108:709900870 | 140747905:134422593 | 560145358:359402480 | 421928983:821362539 | 539366472:781833785 | 864020068:783837643 | 361762939:774135977 | 528337489:615264493 | ","303690066:456559216 | 827395943:705876754 | 704314800:903593358 | 594252567:267506477 | 630708815:900446390 | 885977135:151351310 | 411388109:462810040 | 199447619:273630805 | 740139408:842019094 | 195823310:967071818 | "
219,"579115614:727202862 | 204554701:493624237 | 545689195:545514789 | 279792547:279788467 | 732462776:592962804 | 254736774:245655490 | 739205774:570572828 | 44001950:645567789 | 598004791:591959267 | 354164061:348845185 | 812755088:812569414 | 906317550:728318910 | 321094845:10605100 | ","560356461:412069793 | 201906239:196155781 | 490654830:484337816 | 546684381:333999535 | 680096377:601505025 | 148089637:480768675 | 359962146:543669156 | 298108984:594028138 | 800165605:542404759 | 108131773:263051220 | 185475646:629622391 | 77727970:958786500 | 990184725:812186087 | 784762553:214299735 | 64866092:571821970 | 472551898:472361686 | 614644781:557951552 | "
220,"677906049:677776913 | 545669509:545495103 | 693326338:693322260 | 895798337:797280200 | 577905604:698473527 | 736039592:673401335 | 766593902:148022232 | ","860618486:860614322 | 319247761:313768603 | 821311138:821184646 | 167516823:28950683 | 401832426:240929648 | 28400708:946717882 | "
221,"860618486:860614322 | 440245030:270391114 | 826101928:822181504 | 191145120:861223897 | 14885124:853981309 | 554302117:830611614 | ","677906049:677776913 | 545669509:545495103 | 693326338:693322260 | 895798337:797280200 | 577905604:698473527 | 736039592:673401335 | 766593902:148022232 | "
222,"469688335:464904895 | 896408507:896402525 | 135961714:96147472 | ","860618486:860614322 | 304226175:298747017 | 952580063:948659657 | 975825274:970407090 | 356610017:356604057 | 676279636:688741905 | 20844622:128278080 | 827126140:655030072 | 990184725:812186087 | 279962656:58050236 | "
223,"273215751:273061447 | 87105678:908842649 | 245822902:257855831 | 284372138:601363421 | 296099170:289634358 | 440798764:244714896 | 296414735:480574283 | 138459731:938445601 | 304682637:754034672 | 296833644:524290652 | ","560356461:412069793 | 48077786:379030037 | 773925151:273340554 | 479819840:935690143 | 357692219:100396719 | 515133024:317643253 | 284657396:306225262 | 401658068:513045570 | 176609971:562820931 | 88212017:636447043 | 195823310:967071818 | "
224,"677906049:677776913 | 110543128:914781524 | 826101928:822181504 | 288048111:233747508 | 108522774:750757734 | 833786360:894250204 | 224853457:195291436 | ","525869692:747921644 | 726823047:650571253 | 286637113:490479273 | 491892985:324287723 | 578003589:572647165 | 917631999:751118361 | 85409233:889325644 | 288048111:233747508 | 108496981:750731941 | 837306702:943060140 | 904510157:237876338 | 195823310:967071818 | "
225,"860618486:860614322 | 440245030:270391114 | 826101928:822181504 | 191145120:861223897 | 14885124:853981309 | 554302117:830611614 | ","273215751:273061447 | 992048307:465894172 | "
226,"469688335:464904895 | 896408507:896402525 | 135961714:96147472 | ","677906049:677776913 | 399523272:231918058 | 548989161:427439601 | 474029337:520460274 | 426217251:467925032 | 694029092:184054739 | "
227,"273215751:273061447 | 177889370:867111948 | 498570787:892893964 | 100839501:889429550 | 614644781:557951552 | ","560356461:412069793 | 258957564:80693354 | 163558546:967731099 | 252632304:252431540 | 486259829:384149535 | 498570787:892893964 | 100839501:889429550 | 748700589:230742744 | 811332593:352347169 | 7772815:27264992 | 191283966:801499585 | 340126683:588424174 | "
228,"774810261:923089743 | 915126521:911475544 | ","273215751:273061447 | 154917600:628763480 | 990069914:314630298 | "
229,"860618486:860614322 | 457318605:287464689 | 233807384:229886926 | 182774089:499946652 | 918431431:913241893 | 913898296:908451208 | 776848427:598849787 | 887083343:806402244 | ","860618486:860614322 | 428525183:258671267 | 563329038:559408636 | 274745353:72281746 | 864586396:703709808 | 545773451:572164474 | "
230,"677906049:677776913 | 101200844:905439240 | 293179005:171646367 | 23528340:604464261 | 498055186:511331365 | 549091731:354380082 | 447078854:189380081 | 889189067:332605326 | ","677906049:677776913 | 238259780:42498167 | 994763584:514252545 | 202467479:131365755 | 694149600:827983682 | "
231,"273215751:273061447 | 514570498:880470217 | ","273215751:273061447 | 102064395:923801366 | 524933533:62025890 | "
232,"560356461:412069793 | 258471530:80207320 | 207719974:137069780 | 213429375:47238817 | 179513779:979104598 | 140747905:134422593 | 560145358:359402480 | 421928983:821362539 | 539366472:781833785 | 15465851:875944337 | 167840149:125605368 | 606681263:354210348 | 371573262:809334323 | 825529455:362172089 | ","750143835:626042835 | 541831592:848688678 | 156293066:325034099 | 525918580:349848157 | 241959192:187295871 | 790416640:976070186 | 615706695:686030259 | 316732095:77697362 | 82602200:407035874 | 965636699:910048522 | 910423836:984554246 | 191283966:801499585 | 340126683:588424174 | "
233,"860618486:860614322 | 526234151:526057405 | 34378398:34374318 | 213634018:777210284 | 822572239:577947904 | 709605383:326330305 | 623225983:521010431 | 195823310:967071818 | ","317638732:16983799 | 276165886:632579410 | 545689195:545514789 | 279792547:279788467 | 991653907:793605521 | 873357912:873153872 | 719738062:713802696 | 322209648:317019044 | 18118647:749011794 | "
234,"860618486:860614322 | 526386639:526209893 | 180919366:180915286 | 782568343:590181267 | 668316170:507436184 | 354473578:993137242 | 420971799:754628001 | 133149558:127759034 | 844252275:187594048 | ","560356461:412069793 | 706081055:394176288 | 565399867:669981937 | 319927396:907185868 | 167080455:654425780 | 452214893:44952588 | 505432583:500242907 | 644926272:443499482 | 994244767:806296331 | 605363701:605173499 | 103525234:103353328 | 893891965:893724533 | 762291376:504668070 | "
235,"677906049:677776913 | 390364824:222759610 | 851459925:902571621 | 303944604:241560670 | 872588948:733226491 | 794915173:608750432 | 699730659:202838076 | 12537889:75240430 | 732765707:732598269 | 682536700:385891645 | ","369594723:772708026 | "
236,"677906049:677776913 | 238259780:42498167 | 994763584:514252545 | 202467479:131365755 | 694149600:827983682 | ","560356461:412069793 | 421928983:821362539 | 539366472:781833785 | 479446548:154279371 | 943376393:634098173 | 491539913:18423954 | "
237,"560356461:412069793 | 258471530:80207320 | 207719974:137069780 | 213429375:47238817 | 179209437:978800256 | 873357912:873153872 | 213634018:777210284 | 499739297:916384934 | ","317638732:16983799 | 276165886:632579410 | 545689195:545514789 | 279792547:279788467 | 991653907:793605521 | 873357912:873153872 | 719738062:713802696 | 322209648:317019044 | 18118647:749011794 | "
238,"273215751:273061447 | 97858105:919595076 | 701953635:246512188 | ","860618486:860614322 | 440245030:270391114 | 826101928:822181504 | 729601284:502043168 | 148229375:45801097 | 643333827:351741369 | 491761823:446549023 | "
239,"677906049:677776913 | 127616703:931855099 | 482016667:887209859 | 672202927:836235258 | 278653096:890279659 | 38677161:242519177 | 390773708:872811718 | ","860618486:860614322 | 440245030:270391114 | 826101928:822181504 | 729601284:502043168 | 148229375:45801097 | 643333827:351741369 | 491761823:446549023 | "
240,"469688335:464904895 | 936190862:757927692 | 620597861:455712695 | 688447738:682702094 | 898147962:140679232 | ","677906049:677776913 | 383030742:314420761 | 511364212:389806116 | 831732330:874963152 | 401832426:240929648 | 28400708:946717882 | "
241,"860618486:860614322 | 526538493:526361747 | 132383153:132256653 | 786222819:786013931 | 102064395:923801366 | 524933533:62025890 | ","443417408:837441483 | 393210776:79616696 | 768313719:511122516 | 917151399:3246877 | 984675280:356839546 | 664874469:975293262 | 234899114:229492472 | 903797449:903791467 | 917332926:311512557 | 229993218:333021490 | "
242,"376588530:768468518 | 96754728:276182786 | 480699952:481059239 | 297871480:191246542 | ","443417408:837441483 | 587049062:223140137 | 225483619:480121986 | 953066614:298340490 | 493232157:187835332 | 230771804:909527838 | 155792797:993013641 | 461372998:131692350 | 191283966:801499585 | 340126683:588424174 | "
243,"677906049:677776913 | 545669509:545495103 | 693326338:693322260 | 895798337:797280200 | 577905604:698473527 | 736039592:673401335 | 766593902:148022232 | ","560356461:412069793 | 706081055:394176288 | 565399867:669981937 | 762867114:118281147 | 370419575:713156137 | 627979820:45177769 | 577905604:698473527 | 366667408:310326061 | 225490825:177380611 | "
244,"860618486:860614322 | 758899335:758893635 | 825311940:543541594 | 841691230:947775193 | 70687510:496658146 | 726151365:719826093 | 299325483:187943108 | 154596648:661262933 | 699565722:843438288 | 195823310:967071818 | ","560356461:412069793 | 298208657:629160944 | 450625683:708536444 | 585802187:65053432 | 643400568:253264338 | 157709065:992085325 | 466457865:898641089 | 60498988:486469624 | 993388366:987646472 | 544742578:582773749 | 432326454:12336079 | 274230080:702212287 | 191283966:801499585 | 340126683:588424174 | "
245,"860618486:860614322 | 526092667:525915921 | 850780632:850654160 | 108496811:365008010 | 164128287:256906431 | 369227270:881466538 | ","774370015:177483379 | 919426689:919307687 | 545689195:545514789 | 279792547:279788467 | 991653907:793605521 | 74095193:67769899 | 799165693:269901501 | 230146466:691561445 | "
246,"860618486:860614322 | 526538493:526361747 | 132383153:132256653 | 786222819:786013931 | 154917600:628763480 | 990069914:314630298 | ","717646481:471228176 | 105600863:97296740 | 91236601:527001716 | 460339605:478112284 | 956332529:246400844 | 195823310:967071818 | "
247,"677906049:677776913 | 37369610:103192649 | 400747390:597757353 | 286203345:683859274 | 321355343:693815646 | 700769376:830197758 | 26517626:943197497 | ","860618486:860614322 | 857928366:688074450 | 813335378:691777298 | 899267087:863501241 | 351578262:240137791 | 977806849:799372575 | 10707789:346588532 | 327639038:643291794 | "
248,"273215751:273061447 | 87105678:908842649 | 245822902:257855831 | 284372138:601363421 | 949497214:356267010 | 85409233:889325644 | 687900623:357979393 | 857971411:697097573 | 457992669:922956777 | ","10198902:402136808 | 509973957:709252511 | 462795103:244497118 | 406273334:400522874 | 917631999:751118361 | 85409233:889325644 | 687900623:357979393 | 857971411:697097573 | 850765119:683726649 | 614644781:557951552 | "
249,"677906049:677776913 | 390364824:222759610 | 952580063:948659657 | 975825274:970407090 | 11723983:834148384 | 794915173:608750432 | 699730659:202838076 | 966454722:463959948 | 162262909:706812115 | 990893250:887961939 | 950235951:185842087 | 329342674:836298536 | 191283966:801499585 | 340126683:588424174 | ","860618486:860614322 | 526446795:526270049 | 653722335:214990170 | 906223901:891689369 | 875244934:735882479 | 367334094:152569420 | 958170391:746445551 | 479237427:732058282 | 363623907:95706492 | "
250,"273215751:273061447 | 97858105:919595076 | 701953635:246512188 | ","860618486:860614322 | 526033394:525856648 | 634357736:630437162 | 217148415:408926016 | 364235341:340356094 | 925149116:15354330 | 894978:814198385 | 990184725:812186087 | 327639038:643291794 | "
251,"273215751:273061447 | 338790327:812636221 | 280883491:495067060 | ","677906049:677776913 | 349872898:281262943 | 646676352:525143306 | 125805201:700732592 | 401832768:240929990 | 547500127:507183197 | 844006802:407787018 | 173586853:718941686 | 963330014:976471768 | "
252,"273215751:273061447 | 97858105:919595076 | 701953635:246512188 | ","560356461:412069793 | 7481841:338434104 | 778472855:882869091 | 970886246:81368891 | 699635810:512224664 | 474256570:846661689 | 781191296:266624033 | 822764129:633551813 | "
253,"560356461:412069793 | 421928983:821362539 | 539366472:781833785 | 479446548:154279371 | 943376393:634098173 | 491539913:18423954 | ","273215751:273061447 | 291633830:765479706 | 961841611:339311251 | 427046045:789861610 | 492846212:883408388 | "
254,"273215751:273061447 | 719095506:718910010 | 386002578:915517652 | ","860618486:860614322 | 886517542:716663626 | 513471630:391911846 | 877774433:564890797 | 265554923:811125496 | 912189914:144571914 | 609718421:609712813 | 385091512:595119749 | "
255,"860618486:860614322 | 457318605:287464689 | 233807384:229886926 | 182774089:499946652 | 918431431:913241893 | 913898296:908451208 | 776848427:598849787 | 738293014:122787168 | 808889023:820191113 | 654589017:987955203 | 191283966:801499585 | 340126683:588424174 | ","273215751:273061447 | 911837636:733574600 | 523059511:535416168 | 796405678:383664163 | 62706251:550071802 | 626495720:278412620 | 967812215:967644797 | 883704109:883513575 | 776848427:598849787 | 738293014:122787168 | 808889023:820191113 | 654589017:987955203 | 191283966:801499585 | 340126683:588424174 | "
256,"860618486:860614322 | 526033394:525856648 | 634357736:630437162 | 365418870:694185893 | 617002752:426829696 | 967334415:784760389 | 401132842:400937826 | 799850557:799683139 | 489697338:802263233 | ","560356461:412069793 | 421928983:821362539 | 539366472:781833785 | 66116369:351463201 | 209940841:201972446 | 173598076:643653593 | "
257,"273215751:273061447 | 114949350:936686321 | 14885124:853981309 | 699852707:484739605 | ","560356461:412069793 | 421928983:821362539 | 539366472:781833785 | 863062174:782879749 | 726544360:138919159 | 985107227:913855830 | "
258,"273215751:273061447 | 87105678:908842649 | 245822902:257855831 | 284372138:601363421 | 357449382:967313171 | 241291971:804960416 | 762932164:153544247 | 644319750:130399386 | 576138124:533985189 | 576017546:497429812 | ","560356461:412069793 | 201906239:196155781 | 490654830:484337816 | 357449382:967313171 | 241291971:804960416 | 248971784:639638460 | 966912832:812438853 | 650287569:814397398 | 440297454:245167201 | 466845030:301960296 | 399282648:849665437 | "
259,"443417408:837441483 | 367508751:131586360 | 345918397:88727194 | 886458108:709900870 | 140747905:134422593 | 560145358:359402480 | 421928983:821362539 | 539366472:781833785 | 479478324:154311147 | 289179479:979901208 | 388988669:235581872 | ","852652916:144542244 | 30068748:450524301 | 623169743:245688854 | 979718136:296384805 | 479881919:555779664 | 190031815:343265439 | 156728161:49732745 | "
260,"560356461:412069793 | 421928983:821362539 | 539366472:781833785 | 479463750:154296573 | 829784523:520506271 | 313426008:172047146 | 357294622:795085521 | 116821755:973750730 | 191283966:801499585 | 340126683:588424174 | ","54371985:50368727 | 49091513:43612333 | 313426008:172047146 | 580105426:151623149 | 101024072:609790970 | 219504386:650055006 | 212164183:702845327 | "
261,"677906049:677776913 | 349872898:281262943 | 646676352:525143306 | 125805201:700732592 | 401832768:240929990 | 359144011:985623939 | 682909064:910479194 | 547547082:475969761 | ","860618486:860614322 | 430902746:261048830 | 848167067:844246661 | 539347336:222336358 | 367334094:152569420 | 81766845:266348552 | 133464327:554341902 | "
262,"774810261:923089743 | 915126521:911475544 | ","443417408:837441483 | 367520048:131597657 | 951667507:192300451 | 469982659:575076803 | 820328279:344419916 | 912515428:747961792 | 517857138:86451176 | 269220270:558647818 | 917332926:311512557 | 229993218:333021490 | "
263,"677906049:677776913 | 110543128:914781524 | 826101928:822181504 | 687900623:357979393 | 857971411:697097573 | 427454941:892419049 | ","10198902:402136808 | 509973957:709252511 | 462795103:244497118 | 406273334:400522874 | 917631999:751118361 | 85409233:889325644 | 324919229:97361147 | "
264,"410783682:907296383 | 457153136:358849603 | ","677906049:677776913 | 916262082:910855464 | 180919366:180915286 | 380048510:373842476 | 347379868:342192158 | 133853089:19485277 | 654277544:83453839 | "
265,"860618486:860614322 | 567961682:398107766 | 994763584:514252545 | 202467479:131365755 | 88293695:702843999 | ","677906049:677776913 | 528226464:332464851 | 219785010:215863782 | 743513670:707747828 | 288732911:300727220 | 19885181:960738748 | 300951839:524043066 | "
266,"860618486:860614322 | 430902746:261048830 | 848167067:844246661 | 402871785:995674069 | 948653203:787772883 | 842188319:19775242 | 708897440:897022650 | ","458278041:850158029 | 719251878:911208065 | "
267,"677906049:677776913 | 101200844:905439240 | 745583054:952718427 | 269067755:620395014 | 800252855:689510217 | 917363856:663357276 | ","860618486:860614322 | 825115087:559643688 | 358814742:590619748 | 330925853:408209220 | 335840637:953795592 | 137058475:92398232 | 363382553:777401877 | 202203398:14792252 | 100514168:528018907 | "
268,"469688335:464904895 | 896408507:896402525 | 135961714:96147472 | ","677906049:677776913 | 915908837:910502219 | 634357736:630437162 | 110260540:302038139 | 972268917:773314809 | 153142460:642818318 | 379866003:181113599 | 101447859:44625996 | 881101324:516974874 | "
269,"273215751:273061447 | 87105678:908842649 | 245822902:257855831 | 284372138:601363421 | 179513779:979104598 | 140747905:134422593 | 786222819:786013931 | 992048307:465894172 | ","560356461:412069793 | 979415281:238935887 | 254827721:507511058 | 502217951:687672016 | 666037326:478626180 | 917179062:756278260 | 749317331:556366343 | 239313637:182621128 | 421199067:228529369 | 531118058:242096150 | 799172463:37399422 | 614644781:557951552 | "
270,"443417408:837441483 | 367508751:131586360 | 345918397:88727194 | 886458108:709900870 | 140747905:134422593 | 560145358:359402480 | 421928983:821362539 | 539366472:781833785 | 194877298:139565906 | 481887551:772609977 | 37481695:430159462 | ","171097252:46996256 | 737108000:956590412 | 662762211:830510326 | 251171280:912616215 | 805631767:528606202 | 199489934:284138487 | 325629733:552229289 | 191283966:801499585 | 340126683:588424174 | "
271,"860618486:860614322 | 825115087:559643688 | 358814742:590619748 | 330925853:408209220 | 335840637:953795592 | 137058475:92398232 | 363382553:777401877 | 202203398:14792252 | 938726268:339613514 | 145504327:661994488 | ","560356461:412069793 | 607854351:652976390 | 336518234:562784448 | 575235715:548825599 | 344529438:208530720 | 137058297:92398054 | 363211495:777230819 | 490547731:312549091 | 100514168:528018907 | "
272,"118710876:510590864 | 902972868:876248336 | ","860618486:860614322 | 304226175:298747017 | 952580063:948659657 | 975825274:970407090 | 356610017:356604057 | 676279636:688741905 | 20844622:128278080 | 827126140:655030072 | 990184725:812186087 | 279962656:58050236 | "
273,"860618486:860614322 | 526234151:526057405 | 34378398:34374318 | 213634018:777210284 | 822572239:577947904 | 709605383:326330305 | 623225983:521010431 | 195823310:967071818 | ","317638732:16983799 | 276165886:632579410 | 545689195:545514789 | 279792547:279788467 | 991653907:793605521 | 873357912:873153872 | 719738062:713802696 | 322209648:317019044 | 807036089:314484252 | 66043517:885364040 | "
274,"677906049:677776913 | 390589087:222983873 | 936743938:440620884 | 739205774:570572828 | 44001950:645567789 | 598004791:591959267 | 354164061:348845185 | 812755088:812569414 | 990184725:812186087 | 327639038:643291794 | ","273215751:273061447 | 992048307:465894172 | "
275,"860618486:860614322 | 526033394:525856648 | 634357736:630437162 | 217148415:408926016 | 364235341:340356094 | 925149116:15354330 | 894978:814198385 | 990184725:812186087 | 327639038:643291794 | ","273215751:273061447 | 894127793:894121811 | 691874585:254491244 | "
276,"273215751:273061447 | 97858105:919595076 | 701953635:246512188 | ","860618486:860614322 | 570631790:305160413 | 46966882:279442452 | 248971784:639638460 | 250746347:362968540 | 630971426:1589642 | 576017546:497429812 | "
277,"677906049:677776913 | 390589087:222983873 | 936743938:440620884 | 739205774:570572828 | 44001950:645567789 | 598004791:591959267 | 354164061:348845185 | 812755088:812569414 | 990184725:812186087 | 327639038:643291794 | ","677906049:677776913 | 916033622:910627004 | 875925391:872004587 | 781481169:916744477 | 764991650:796158331 | 96529636:256661637 | "
278,"860618486:860614322 | 526426583:526249837 | 297786418:529415708 | 772680736:764800207 | 413556950:271343192 | 718056673:867921810 | ","560356461:412069793 | 421928983:821362539 | 539366472:781833785 | 863062174:782879749 | 726544360:138919159 | 985107227:913855830 | "
279,"677906049:677776913 | 37369610:103192649 | 400747390:597757353 | 679792246:334732573 | 89400312:84210250 | 346440265:693758388 | ","560356461:412069793 | 49781404:309302301 | 497939881:593273236 | 399712636:18677611 | 534720501:436219117 | 150305058:897495612 | 146252940:14757823 | 740362857:975444678 | "
280,"677906049:677776913 | 383030742:314420761 | 511364212:389806116 | 621052018:664282840 | 887083343:806402244 | ","677906049:677776913 | 545669509:545495103 | 693326338:693322260 | 895798337:797280200 | 577905604:698473527 | 736039592:673401335 | 766593902:148022232 | "
281,"860618486:860614322 | 825115087:559643688 | 358814742:590619748 | 330925853:408209220 | 335840637:953795592 | 137058475:92398232 | 363382553:777401877 | 202203398:14792252 | 100514168:528018907 | ","677906049:677776913 | 916302026:910895408 | 219305550:219301470 | 633104357:438519353 | 799850557:799683139 | 489697338:802263233 | "
282,"118710876:510590864 | 902972868:876248336 | ","860618486:860614322 | 526092667:525915921 | 850780632:850654160 | 108496811:365008010 | 164128287:256906431 | 369227270:881466538 | "
283,"560356461:412069793 | 421928983:821362539 | 539366472:781833785 | 248206713:192895323 | 316213009:608683975 | 786309694:291102476 | ","273215751:273061447 | 97858105:919595076 | 701953635:246512188 | "
284,"273215751:273061447 | 383355654:72578373 | 182342403:3091671 | 752290646:227695476 | 492913344:477959944 | 614644781:557951552 | ","361831635:858344176 | 318419720:28801375 | 724152292:252338834 | 951419384:815464106 | 734130925:257366156 | 524908358:950756713 | 9157897:204029554 | 411666350:445577379 | 720525558:593139227 | 195823310:967071818 | "
285,"677906049:677776913 | 545676596:545502190 | 181491452:177570756 | 296414735:480574283 | 138459731:938445601 | 304682637:754034672 | 296833644:524290652 | ","560356461:412069793 | 48077786:379030037 | 773925151:273340554 | 479819840:935690143 | 357692219:100396719 | 515133024:317643253 | 284657396:306225262 | 401658068:513045570 | 835771393:663436545 | 135107154:222030999 | 614644781:557951552 | "
286,"560356461:412069793 | 421928983:821362539 | 539366472:781833785 | 15465851:875944337 | 167840149:125605368 | 606681263:354210348 | 371573262:809334323 | 795976783:332619417 | ","560356461:412069793 | 259011411:80747201 | 337223819:905683565 | 929319567:696344944 | 822864497:438841825 | 516211097:327451902 | "
287,"860618486:860614322 | 526234151:526057405 | 34378398:34374318 | 213634018:777210284 | 499739297:916384934 | ","677906049:677776913 | 390364824:222759610 | 952580063:948659657 | 975825274:970407090 | 11723983:834148384 | 794915173:608750432 | 699730659:202838076 | 966454722:463959948 | 162262909:706812115 | 717690603:526819929 | "
288,"273215751:273061447 | 338790327:812636221 | 280883491:495067060 | ","677906049:677776913 | 399523272:231918058 | 548989161:427439601 | 474029337:520460274 | 426217251:467925032 | 694029092:184054739 | "
289,"860618486:860614322 | 567961682:398107766 | 994763584:514252545 | 202467479:131365755 | 88293695:702843999 | ","458395549:850275537 | 736191265:210007986 | 997938993:200261576 | 548263858:798930868 | "
290,"273215751:273061447 | 291633830:765479706 | 961841611:339311251 | 427046045:789861610 | 492846212:883408388 | ","376588530:768468518 | 96754728:276182786 | 480699952:481059239 | 297871480:191246542 | "
291,"369594723:772708026 | ","560356461:412069793 | 7481841:338434104 | 778472855:882869091 | 21697459:195525133 | 849676100:746438472 | 351195412:659932583 | 651315758:775479718 | "
292,"860618486:860614322 | 526033394:525856648 | 634357736:630437162 | 397441061:726208084 | 74695045:316555154 | 236243758:550547980 | 588477025:588283099 | 488504094:301092948 | 887083343:806402244 | ","860618486:860614322 | 440245030:270391114 | 826101928:822181504 | 288048111:233747508 | 108522774:750757734 | 833786360:894250204 | 194315729:164753708 | "
293,"443417408:837441483 | 367508751:131586360 | 345918397:88727194 | 886458108:709900870 | 140747905:134422593 | 560129285:359386407 | 407292992:972900712 | ","443417408:837441483 | 367472199:131549808 | 377571835:613311296 | 835771393:663436545 | 188321856:882961025 | 917332926:311512557 | 136451393:623645858 | 909103057:923900102 | 402541435:712960198 | 195823310:967071818 | "
294,"585384166:492481745 | 138459731:938445601 | 304682637:754034672 | 235381730:791106155 | 506937989:55173000 | 204415553:204206249 | 614644781:557951552 | ","560356461:412069793 | 48077786:379030037 | 773925151:273340554 | 479819840:935690143 | 357692219:100396719 | 515133024:317643253 | 284657396:306225262 | 401658068:513045570 | 476730202:449269844 | 838290884:386525899 | 191283966:801499585 | 340126683:588424174 | "
295,"860618486:860614322 | 526426583:526249837 | 297786418:529415708 | 772680736:764800207 | 413556950:271343192 | 718056673:867921810 | ","560356461:412069793 | 421928983:821362539 | 539366472:781833785 | 863034980:782852555 | 612314461:24689310 | 833758716:11393909 | "
296,"677906049:677776913 | 390364824:222759610 | 952580063:948659657 | 975825274:970407090 | 11723983:834148384 | 794915173:608750432 | 699730659:202838076 | 966454722:463959948 | 162262909:706812115 | 717690603:526819929 | ","860618486:860614322 | 430902746:261048830 | 848167067:844246661 | 402871785:995674069 | 948653203:787772883 | 842188319:19775242 | 708897440:897022650 | "
297,"677906049:677776913 | 915908837:910502219 | 634357736:630437162 | 365418870:694185893 | 617002752:426829696 | 987366772:327571953 | 530712887:343301607 | 466845030:301960296 | 399282648:849665437 | ","560356461:412069793 | 421928983:821362539 | 539366472:781833785 | 767572088:281916879 | 299820486:83416017 | 195683960:136538160 | "
298,"579115614:727202862 | 204554701:493624237 | 545689195:545514789 | 279792547:279788467 | 991958249:793909863 | 140747905:134422593 | 786222819:786013931 | 489235964:855113737 | 715450506:285677079 | 395004739:851128096 | ","560356461:412069793 | 7481841:338434104 | 778472855:882869091 | 970886246:81368891 | 48720123:883279069 | 715450506:285677079 | 965129952:948270461 | 501556900:767707452 | 935954540:155912762 | 171614224:794458756 | 191283966:801499585 | 340126683:588424174 | "
299,"677906049:677776913 | 349872898:281262943 | 646676352:525143306 | 125805201:700732592 | 401832768:240929990 | 547500127:507183197 | 844006802:407787018 | 173586853:718941686 | 869784843:741176513 | 482703731:964781537 | 160344969:234475381 | 195823310:967071818 | ","860618486:860614322 | 570631790:305160413 | 646676352:525143306 | 209672376:784599769 | 7989368:179491666 | 640309274:189374564 | 129147325:128088070 | 487458448:309315752 | 328839301:328667725 | 483572365:961279535 | "
300,"560356461:412069793 | 421928983:821362539 | 539366472:781833785 | 767572088:281916879 | 299820486:83416017 | 195683960:136538160 | ","273215751:273061447 | 114949350:936686321 | 14885124:853981309 | 699852707:484739605 | "
301,"677906049:677776913 | 915908837:910502219 | 634357736:630437162 | 457128748:402233915 | 404420742:412061030 | 388279454:531584987 | 479720299:479523703 | 641631939:463633299 | ","879951887:203808345 | 432226627:299962207 | 491892985:324287723 | 578003589:572647165 | 827308813:219508105 | 24746497:195111497 | 39639431:109648241 | 404420742:412061030 | 388279454:531584987 | 479720299:479523703 | 827149421:821407531 | 703953237:96189659 | 473372572:256599330 | 191283966:801499585 | 340126683:588424174 | "
302,"860618486:860614322 | 526033394:525856648 | 634357736:630437162 | 217148415:408926016 | 364235341:340356094 | 925149116:15354330 | 894978:814198385 | 990184725:812186087 | 327639038:643291794 | ","80306601:228586115 | 808903072:244035492 | "
303,"860618486:860614322 | 825115087:559643688 | 358814742:590619748 | 330925853:408209220 | 335840637:953795592 | 137058475:92398232 | 363382553:777401877 | 202203398:14792252 | 100514168:528018907 | ","560356461:412069793 | 607854351:652976390 | 336518234:562784448 | 575235715:548825599 | 344529438:208530720 | 137058297:92398054 | 363211495:777230819 | 490547731:312549091 | 938726268:339613514 | 797867555:794578562 | 359840220:359635892 | 614644781:557951552 | "
304,"677906049:677776913 | 383030742:314420761 | 511364212:389806116 | 621052018:664282840 | 887083343:806402244 | ","560356461:412069793 | 607854351:652976390 | 914081670:243961221 | 875877479:842031534 | 549890828:471274438 | 621052018:664282840 | 738293014:122787168 | 897002196:445753874 | 904510157:237876338 | 195823310:967071818 | "
305,"860618486:860614322 | 526033394:525856648 | 191844508:240564247 | 227849802:673119964 | 350854775:724729833 | 435748753:136516665 | 635945915:743705480 | ","201849299:593768611 | 974235234:979567017 | 851821692:912171008 | 491892985:324287723 | 578003589:572647165 | 506989833:487383087 | 441601660:419957335 | 194181388:247149308 | "
306,"677906049:677776913 | 127616703:931855099 | 482016667:887209859 | 672202927:836235258 | 278653096:890279659 | 38677161:242519177 | 390773708:872811718 | ","860618486:860614322 | 886517542:716663626 | 513471630:391911846 | 877774433:564890797 | 265554923:811125496 | 912189914:144571914 | 609718421:609712813 | 385091512:595119749 | "
307,"579115614:727202862 | 204554701:493624237 | 545689195:545514789 | 279792547:279788467 | 923643575:864170257 | 549890828:471274438 | 850802510:374260604 | 799850557:799683139 | 889814934:202380764 | ","560356461:412069793 | 673063796:4016072 | 41026793:296398138 | 225355611:52889888 | 390607226:470980 | 549890828:471274438 | 850802510:374260604 | 359112416:371515167 | 308062003:61973516 | 841402538:353448694 | "
308,"560356461:412069793 | 421928983:821362539 | 539366472:781833785 | 863034980:782852555 | 612314461:24689310 | 833758716:11393909 | ","677906049:677776913 | 37369610:103192649 | 400747390:597757353 | 286203345:683859274 | 321355343:693815646 | 700769376:830197758 | 26517626:943197497 | "
309,"400214179:230412545 | 848461631:619658165 | 287758075:742005072 | ","550166143:911199274 | 551280121:858123170 | 191368860:923173070 | "
310,"443417408:837441483 | 367508751:131586360 | 345918397:88727194 | 322992623:651486733 | 85409233:889325644 | 687900623:357979393 | 857971411:697097573 | 457992669:922956777 | ","10198902:402136808 | 509973957:709252511 | 462795103:244497118 | 406273334:400522874 | 917631999:751118361 | 85409233:889325644 | 687900623:357979393 | 837461813:244945965 | 4576952:761511263 | 191283966:801499585 | 340126683:588424174 | "
311,"273215751:273061447 | 894127793:894121811 | 691874585:254491244 | ","677906049:677776913 | 37369610:103192649 | 400747390:597757353 | 286203345:683859274 | 321355343:693815646 | 700769376:830197758 | 26517626:943197497 | "
312,"860618486:860614322 | 319247761:313768603 | 821311138:821184646 | 167516823:28950683 | 401832426:240929648 | 355754862:611184451 | 965636699:910048522 | 910423836:984554246 | 191283966:801499585 | 340126683:588424174 | ","579115614:727202862 | 204554701:493624237 | 545689195:545514789 | 279792547:279788467 | 747260099:607760127 | 829675890:823350586 | 251383998:112817860 | 161173494:586060669 | 12160765:561890892 | 957046952:761915893 | 170874000:844585209 | "
313,"579115614:727202862 | 204554701:493624237 | 545689195:545514789 | 279792547:279788467 | 566298490:412453553 | 424825107:888814093 | 679792246:334732573 | 771409721:610517795 | ","560356461:412069793 | 49781404:309302301 | 497939881:593273236 | 399712636:18677611 | 534720501:436219117 | 150305058:897495612 | 146252940:14757823 | 100050598:149873074 | 895746862:439896529 | 191283966:801499585 | 340126683:588424174 | "
314,"677906049:677776913 | 390364824:222759610 | 851459925:902571621 | 303944604:241560670 | 872588948:733226491 | 794915173:608750432 | 699730659:202838076 | 12537889:75240430 | 732765707:732598269 | 712089372:415444317 | ","860618486:860614322 | 526446795:526270049 | 400608043:400481549 | 550340303:550136665 | 53923507:53738725 | 555630360:996269307 | 325627742:553928444 | 387989317:938035332 | 34448370:457302332 | 279940165:73334393 | 951698673:40814224 | 367570741:132195071 | 191283966:801499585 | 340126683:588424174 | "
315,"677906049:677776913 | 916262082:910855464 | 180919366:180915286 | 380048510:373842476 | 347379868:342192158 | 133853089:19485277 | 654277544:83453839 | ","677906049:677776913 | 915908837:910502219 | 634357736:630437162 | 110260540:302038139 | 972268917:773314809 | 153142460:642818318 | 379866003:181113599 | 101447859:44625996 | 881101324:516974874 | "
316,"860618486:860614322 | 440245030:270391114 | 826101928:822181504 | 729601284:502043168 | 148229375:45801097 | 643333827:351741369 | 491761823:446549023 | ","860618486:860614322 | 526033394:525856648 | 191844508:240564247 | 227849802:673119964 | 350854775:724729833 | 508211315:232016642 | "
317,"273215751:273061447 | 489235964:855113737 | 715450506:285677079 | 394972995:851096352 | ","860618486:860614322 | 526033394:525856648 | 191844508:240564247 | 227849802:673119964 | 350854775:724729833 | 508211315:232016642 | "
318,"860618486:860614322 | 319247761:313768603 | 821311138:821184646 | 167516823:28950683 | 401832426:240929648 | 355754862:611184451 | 696680598:226269276 | ","579115614:727202862 | 204554701:493624237 | 545689195:545514789 | 279792547:279788467 | 747260099:607760127 | 829675890:823350586 | 251383998:112817860 | 161173494:586060669 | 12160765:561890892 | 957046952:761915893 | 170874000:844585209 | "
319,"80306601:228586115 | 832545264:943355990 | 476001397:763332508 | 661971591:557521183 | 191283966:801499585 | 340126683:588424174 | ","962859072:311341053 | 332908310:509897981 | 694019578:122515323 | 687393093:201937099 | 913777999:101773382 | 833358224:788581278 | 917332926:311512557 | 136451393:623645858 | 184015707:642724046 | 152620295:463039054 | 191283966:801499585 | 340126683:588424174 | "
320,"273215751:273061447 | 64259621:885996592 | 409379334:783708245 | 23466938:820590507 | 195823310:967071818 | ","560356461:412069793 | 979415281:238935887 | 254827721:507511058 | 502217951:687672016 | 666037326:478626180 | 917179062:756278260 | 749317331:556366343 | 239313637:182621128 | 421199067:228529369 | 852337801:407554457 | "
321,"677906049:677776913 | 915908837:910502219 | 634357736:630437162 | 110260540:302038139 | 972268917:773314809 | 153142460:642818318 | 379866003:181113599 | 101447859:44625996 | 881101324:516974874 | ","860618486:860614322 | 758905148:758899448 | 861562043:861435573 | 518157072:165990453 | 39039587:298782933 | 731854901:508084144 | 38111017:357217899 | 651245424:477817620 | 444391197:332951034 | 302139697:779847295 | 399282648:849665437 | "
322,"860618486:860614322 | 526033394:525856648 | 634357736:630437162 | 397441061:726208084 | 74695045:316555154 | 236243758:550547980 | 588477025:588283099 | 488504094:301092948 | 738293014:122787168 | 300392606:644880650 | ","273215751:273061447 | 894169201:894163219 | 623757335:623751935 | 204329421:611099224 | 977752023:540945189 | 21574012:329585344 | 167911930:422349870 | 254452951:691913168 | 642526699:327442246 | 776848427:598849787 | 738293014:122787168 | 300392606:644880650 | "
323,"677906049:677776913 | 349872898:281262943 | 646676352:525143306 | 125805201:700732592 | 401832768:240929990 | 359144011:985623939 | 682909064:910479194 | 547547082:475969761 | ","860618486:860614322 | 825115087:559643688 | 358814742:590619748 | 330925853:408209220 | 335840637:953795592 | 137058475:92398232 | 363382553:777401877 | 202203398:14792252 | 100514168:528018907 | "
324,"560356461:412069793 | 258471530:80207320 | 207719974:137069780 | 213429375:47238817 | 296099170:289634358 | 440798764:244714896 | 296414735:480574283 | 138459731:938445601 | 304682637:754034672 | 296833644:524290652 | ","560356461:412069793 | 48077786:379030037 | 773925151:273340554 | 479819840:935690143 | 357692219:100396719 | 515133024:317643253 | 284657396:306225262 | 401658068:513045570 | 532571289:930576623 | "
325,"579115614:727202862 | 204554701:493624237 | 545689195:545514789 | 279792547:279788467 | 991958249:793909863 | 140747905:134422593 | 560145358:359402480 | 421928983:821362539 | 539366472:781833785 | 66116369:351463201 | 209940841:201972446 | 173598076:643653593 | ","56456287:52453029 | 159714224:466511354 | 828147262:737580062 | 470541729:935936636 | 927796095:886685326 | 25594452:361475193 | 14885124:853981309 | 990318419:918863159 | 917332926:311512557 | 229993218:333021490 | "
326,"118710876:510590864 | 29128155:415362851 | 895496465:620258209 | 773402965:24279756 | 195823310:967071818 | ","736615292:856640234 | 710375883:73297715 | 895611222:620372966 | 192128930:443005722 | 223704419:792089074 | 54158609:25043550 | 661013058:79886308 | 831587332:971457924 | 195823310:967071818 | "
327,"273215751:273061447 | 945379224:551608033 | 117502479:379264672 | 812028493:621267029 | 513665811:677752695 | ","443417408:837441483 | 367520048:131597657 | 951667507:192300451 | 469982659:575076803 | 511809962:292982787 | 413941410:311831240 | 344641685:255089981 | 460462214:417747201 | "
328,"888441660:627380291 | 69420524:581599271 | ","677906049:677776913 | 349872898:281262943 | 646676352:525143306 | 125805201:700732592 | 401832768:240929990 | 547500127:507183197 | 844006802:407787018 | 173586853:718941686 | 963330014:976471768 | "
329,"860618486:860614322 | 428525183:258671267 | 563329038:559408636 | 274745353:72281746 | 864586396:703709808 | 545773451:572164474 | ","860618486:860614322 | 526426583:526249837 | 798472118:798345626 | 455337241:459148730 | 466845030:301960296 | 399282648:849665437 | "
330,"740325961:336990810 | 199413588:556755683 | 375592179:478128777 | 548263858:798930868 | ","860618486:860614322 | 526033394:525856648 | 634357736:630437162 | 365418870:694185893 | 617002752:426829696 | 967334415:784760389 | 401132842:400937826 | 799850557:799683139 | 489697338:802263233 | "
331,"860618486:860614322 | 857928366:688074450 | 813335378:691777298 | 899267087:863501241 | 351578262:240137791 | 977806849:799372575 | 10707789:346588532 | 327639038:643291794 | ","774810261:923089743 | 915126521:911475544 | "
332,"677906049:677776913 | 915908837:910502219 | 634357736:630437162 | 457128748:402233915 | 404420742:412061030 | 388279454:531584987 | 479720299:479523703 | 641631939:463633299 | ","469688335:464904895 | 936190862:757927692 | 620597861:455712695 | 688447738:682702094 | 898147962:140679232 | "
333,"273215751:273061447 | 719095506:718910010 | 386002578:915517652 | ","860618486:860614322 | 304450438:298971280 | 888960483:121435674 | 527374027:731653981 | 890103237:883878909 | 225603649:225418427 | 275981930:822551897 | "
334,"254513013:407382003 | 383207791:38264588 | 933458806:186452296 | 244788180:742554235 | 288090394:974229820 | ","677906049:677776913 | 390364824:222759610 | 952580063:948659657 | 975825274:970407090 | 11723983:834148384 | 794915173:608750432 | 699730659:202838076 | 966454722:463959948 | 162262909:706812115 | 717690603:526819929 | "
335,"860618486:860614322 | 567961682:398107766 | 994763584:514252545 | 202467479:131365755 | 88293695:702843999 | ","560356461:412069793 | 421928983:821362539 | 539366472:781833785 | 767572088:281916879 | 299820486:83416017 | 195683960:136538160 | "
336,"860618486:860614322 | 304226175:298747017 | 952580063:948659657 | 975825274:970407090 | 356610017:356604057 | 676279636:688741905 | 20844622:128278080 | 827126140:655030072 | 990184725:812186087 | 279962656:58050236 | ","677906049:677776913 | 916322238:910915620 | 653722335:214990170 | 906223901:891689369 | 22172788:866881086 | 457098915:456035468 | 37926942:117541210 | 470881070:583703830 | 64470012:617084782 | 943303482:994246777 | 673759562:781186880 | 629751906:111818151 | 124919213:987176512 | 614644781:557951552 | "
337,"860618486:860614322 | 526426583:526249837 | 798472118:798345626 | 455337241:459148730 | 466845030:301960296 | 428835320:879218109 | ","560356461:412069793 | 673063796:4016072 | 41026793:296398138 | 225355611:52889888 | 179401869:978992688 | 806836870:800511566 | 455337241:459148730 | 791527006:710432806 | 92138192:909346605 | 489196820:154042520 | 195127702:194995922 | 614644781:557951552 | "
338,"860618486:860614322 | 526033394:525856648 | 634357736:630437162 | 217148415:408926016 | 364235341:340356094 | 925149116:15354330 | 894978:814198385 | 990184725:812186087 | 327639038:643291794 | ","677906049:677776913 | 545675322:545500916 | 861562043:861435573 | 411269197:59102576 | 972268917:773314809 | 169821052:748316066 | 696015347:534690855 | 581475057:408047253 | 799850557:799683139 | 489697338:802263233 | "
339,"677906049:677776913 | 916033622:910627004 | 875925391:872004587 | 781481169:916744477 | 764991650:796158331 | 96529636:256661637 | ","560356461:412069793 | 298208657:629160944 | 450625683:708536444 | 585802187:65053432 | 355933746:965797535 | 758405145:232129564 | 266528899:773940100 | 877421252:363960984 | 696781452:660872760 | 812715054:672871366 | 483962227:372561258 | "
340,"560356461:412069793 | 258471530:80207320 | 207719974:137069780 | 213429375:47238817 | 179513779:979104598 | 140747905:134422593 | 786222819:786013931 | 114949350:936686321 | 14885124:853981309 | 699884451:484771349 | ","415569004:267282336 | 239556877:894614855 | 906378993:233009140 | 526192346:698952814 | 254096538:293936408 | 917332926:311512557 | 136451393:623645858 | 639863476:245498018 | 325107972:129992346 | 614644781:557951552 | "
341,"677906049:677776913 | 349872898:281262943 | 646676352:525143306 | 125805201:700732592 | 401832768:240929990 | 359144011:985623939 | 682909064:910479194 | 547547082:475969761 | ","458278041:850158029 | 719251878:911208065 | "
342,"273215751:273061447 | 87105678:908842649 | 245822902:257855831 | 284372138:601363421 | 949497214:356267010 | 85409233:889325644 | 729601284:502043168 | 148229375:45801097 | 643333827:351741369 | 891879419:846666563 | ","560356461:412069793 | 607854351:652976390 | 336518234:562784448 | 5127343:186414044 | 131791838:240267566 | 639203695:253456304 | 735281555:77576689 | 769356570:378650620 | 643333827:351741369 | 848652441:407940937 | 614644781:557951552 | "
343,"579115614:727202862 | 204554701:493624237 | 545689195:545514789 | 279792547:279788467 | 991958249:793909863 | 140747905:134422593 | 560145358:359402480 | 259011411:80747201 | 337223819:905683565 | 929319567:696344944 | 822864497:438841825 | 516211097:327451902 | ","894943403:633866356 | 605989001:741573573 | 75781830:187169357 | 665637407:620413872 | 810952836:320911428 | 881251289:773022694 | 640021833:302509138 | 30914532:580529532 | 191283966:801499585 | 340126683:588424174 | "
344,"560356461:412069793 | 421928983:821362539 | 539366472:781833785 | 863062174:782879749 | 726544360:138919159 | 985107227:913855830 | ","677906049:677776913 | 101200844:905439240 | 293179005:171646367 | 23528340:604464261 | 498055186:511331365 | 549091731:354380082 | 447078854:189380081 | 889189067:332605326 | "
345,"254463299:407332289 | 537452977:844302003 | ","860618486:860614322 | 526033394:525856648 | 634357736:630437162 | 365418870:694185893 | 617002752:426829696 | 967334415:784760389 | 401132842:400937826 | 799850557:799683139 | 489697338:802263233 | "
346,"677906049:677776913 | 916092946:910686328 | 569769880:569643400 | 139724221:752163758 | 962781424:235645508 | 689278227:802516170 | ","860618486:860614322 | 304226175:298747017 | 952580063:948659657 | 975825274:970407090 | 356610017:356604057 | 676279636:688741905 | 20844622:128278080 | 827126140:655030072 | 990184725:812186087 | 279962656:58050236 | "
347,"860618486:860614322 | 526538493:526361747 | 132383153:132256653 | 816757963:553958421 | 915126521:911475544 | ","443417408:837441483 | 367520048:131597657 | 951667507:192300451 | 469982659:575076803 | 820328279:344419916 | 912515428:747961792 | 517857138:86451176 | 269220270:558647818 | 917332926:311512557 | 136451393:623645858 | 909103057:923900102 | 402541435:712960198 | 195823310:967071818 | "
348,"677906049:677776913 | 110543128:914781524 | 826101928:822181504 | 687900623:357979393 | 857971411:697097573 | 427454941:892419049 | ","273215751:273061447 | 338790327:812636221 | 280883491:495067060 | "
349,"273215751:273061447 | 894127793:894121811 | 691874585:254491244 | ","860618486:860614322 | 526033394:525856648 | 634357736:630437162 | 397441061:726208084 | 74695045:316555154 | 236243758:550547980 | 588477025:588283099 | 488504094:301092948 | 887083343:806402244 | "
350,"677906049:677776913 | 916033622:910627004 | 875925391:872004587 | 781481169:916744477 | 764991650:796158331 | 777307411:943763285 | 242604112:724667524 | 75891783:935418664 | 191283966:801499585 | 340126683:588424174 | ","560356461:412069793 | 298208657:629160944 | 450625683:708536444 | 585802187:65053432 | 355933746:965797535 | 758405145:232129564 | 266528899:773940100 | 877421252:363960984 | 696781452:660872760 | 812715054:672871366 | 483962227:372561258 | "
351,"677906049:677776913 | 916092946:910686328 | 569769880:569643400 | 139724221:752163758 | 962781424:235645508 | 689278227:802516170 | ","273215751:273061447 | 489235964:855113737 | 715450506:285677079 | 394972995:851096352 | "
352,"860618486:860614322 | 526426583:526249837 | 798472118:798345626 | 455337241:459148730 | 466845030:301960296 | 399282648:849665437 | ","273215751:273061447 | 894127793:894121811 | 691874585:254491244 | "
353,"860618486:860614322 | 430902746:261048830 | 848167067:844246661 | 402871785:995674069 | 948653203:787772883 | 842188319:19775242 | 313190240:609581379 | 401558094:406326865 | 307089957:192727239 | 195823310:967071818 | ","820849454:298378775 | 736427194:677599264 | 392757192:613926741 | 522857369:697840109 | 892216615:696389159 | 158108967:454500556 | "
354,"677906049:677776913 | 915908837:910502219 | 634357736:630437162 | 250752951:579519974 | 604633735:414467511 | 80709155:904700712 | 202203398:14792252 | 100514168:528018907 | ","273215751:273061447 | 489235964:855113737 | 715450506:285677079 | 394972995:851096352 | "
355,"443417408:837441483 | 367508751:131586360 | 345918397:88727194 | 886458108:709900870 | 140747905:134422593 | 786222819:786013931 | 97858105:919595076 | 701953635:246512188 | ","560356461:412069793 | 7481841:338434104 | 778472855:882869091 | 970886246:81368891 | 699635810:512224664 | 474256570:846661689 | 781191296:266624033 | 822764129:633551813 | "
356,"677906049:677776913 | 916302026:910895408 | 219305550:219301470 | 633104357:438519353 | 799850557:799683139 | 489697338:802263233 | ","677906049:677776913 | 91362664:964453044 | 273689382:450030551 | 201107817:492444813 | 299041376:187659001 | 787784351:494943326 | 265949781:969577915 | "
357,"410783682:907296383 | 457153136:358849603 | ","860618486:860614322 | 526092667:525915921 | 850780632:850654160 | 108496811:365008010 | 164128287:256906431 | 369227270:881466538 | "
358,"273215751:273061447 | 719095506:718910010 | 386002578:915517652 | ","677906049:677776913 | 915908837:910502219 | 634357736:630437162 | 250752951:579519974 | 604633735:414467511 | 80709155:904700712 | 202203398:14792252 | 100514168:528018907 | "
359,"677906049:677776913 | 383030742:314420761 | 511364212:389806116 | 850802510:374260604 | 799850557:799683139 | 489697338:802263233 | ","560356461:412069793 | 673063796:4016072 | 41026793:296398138 | 225355611:52889888 | 390607226:470980 | 549890828:471274438 | 850802510:374260604 | 359112416:371515167 | 549922093:921179050 | "
360,"273215751:273061447 | 87105678:908842649 | 245822902:257855831 | 284372138:601363421 | 179513779:979104598 | 140747905:134422593 | 560145358:359402480 | 421928983:821362539 | 539366472:781833785 | 479495526:154328349 | 175587609:866309306 | 613655004:550619462 | ","54371985:50368727 | 49091513:43612333 | 313426008:172047146 | 580105426:151623149 | 101024072:609790970 | 804635987:151705069 | "
361,"579115614:727202862 | 204554701:493624237 | 545689195:545514789 | 279792547:279788467 | 991958249:793909863 | 140747905:134422593 | 560145358:359402480 | 259011411:80747201 | 337223819:905683565 | 929319567:696344944 | 197448249:292745475 | 240700173:12518226 | ","894943403:633866356 | 221189842:679836705 | 884887512:37025680 | 734409905:43067774 | 535666976:82448938 | 57684373:792711940 | 490344242:642535076 | 929812619:751812811 | 206923607:751884718 | 382919185:549169138 | "
362,"273215751:273061447 | 87105678:908842649 | 245822902:257855831 | 284372138:601363421 | 179513779:979104598 | 140747905:134422593 | 786222819:786013931 | 296880915:770726791 | 701773947:713950076 | 521858062:104893334 | 917332926:311512557 | 229993218:333021490 | ","443417408:837441483 | 393210776:79616696 | 768313719:511122516 | 564577864:233537884 | 551031442:290045402 | 609422467:813291117 | 371985590:187794102 | 917332926:311512557 | 136451393:623645858 | 274718567:806144205 | "
363,"677906049:677776913 | 916413936:911007318 | 132383153:132256653 | 295490664:32691152 | 159006086:903256638 | 828417968:229659284 | 35408175:920934840 | ","443417408:837441483 | 367520048:131597657 | 951667507:192300451 | 469982659:575076803 | 299060980:823152656 | 458473275:55820924 | 828417968:229659284 | 574822893:967527722 | "
364,"273215751:273061447 | 383355654:72578373 | 652614521:95841864 | ","560356461:412069793 | 421928983:821362539 | 539366472:781833785 | 863034980:782852555 | 612314461:24689310 | 833758716:11393909 | "
365,"273215751:273061447 | 992048307:465894172 | ","560356461:412069793 | 979415281:238935887 | 254827721:507511058 | 502217951:687672016 | 666037326:478626180 | 917179062:756278260 | 749317331:556366343 | 239313637:182621128 | 57171049:84410439 | "
366,"860618486:860614322 | 430902746:261048830 | 848167067:844246661 | 402871785:995674069 | 948653203:787772883 | 842188319:19775242 | 708897440:897022650 | ","273215751:273061447 | 97858105:919595076 | 701953635:246512188 | "
367,"888441660:627380291 | 69420524:581599271 | ","443417408:837441483 | 367508751:131586360 | 426111903:265367379 | 584302702:253557293 | 189461931:752165349 | 570812357:878994599 | "
368,"560356461:412069793 | 258471530:80207320 | 207719974:137069780 | 213429375:47238817 | 966570789:373340585 | 72919659:171243227 | 672202927:836235258 | 278653096:890279659 | 38677161:242519177 | 390773708:872811718 | ","273215751:273061447 | 911837636:733574600 | 523059511:535416168 | 796405678:383664163 | 689070458:218231843 | 198253083:703540790 | 653159678:850431757 | 346366347:185041711 | 819057220:641058446 | 791527006:710432806 | 422949643:631026488 | 191283966:801499585 | 340126683:588424174 | "
369,"254463299:407332289 | 537452977:844302003 | ","443417408:837441483 | 367520048:131597657 | 705677182:946310099 | 172261880:276298204 | 459773427:248433635 | 354718419:154351932 | 714855860:227973314 | 197276297:473695309 | "
370,"560356461:412069793 | 258471530:80207320 | 207719974:137069780 | 213429375:47238817 | 296099170:289634358 | 440798764:244714896 | 296414735:480574283 | 138459731:938445601 | 304682637:754034672 | 296833644:524290652 | ","560356461:412069793 | 48077786:379030037 | 773925151:273340554 | 479819840:935690143 | 357692219:100396719 | 515133024:317643253 | 284657396:306225262 | 401658068:513045570 | 532571289:930576623 | "
371,"273215751:273061447 | 154917600:628763480 | 990069914:314630298 | ","677906049:677776913 | 110543128:914781524 | 826101928:822181504 | 687900623:357979393 | 857971411:697097573 | 427454941:892419049 | "
372,"677906049:677776913 | 915908837:910502219 | 634357736:630437162 | 250752951:579519974 | 604633735:414467511 | 80709155:904700712 | 202203398:14792252 | 100514168:528018907 | ","585384166:492481745 | 138459731:938445601 | 304682637:754034672 | 296833644:524290652 | "
373,"677906049:677776913 | 349872898:281262943 | 646676352:525143306 | 125805201:700732592 | 401832768:240929990 | 547500127:507183197 | 844006802:407787018 | 173586853:718941686 | 963330014:976471768 | ","273215751:273061447 | 489235964:855113737 | 715450506:285677079 | 394972995:851096352 | "
374,"273215751:273061447 | 64259621:885996592 | 409379334:783708245 | 23466938:820590507 | 195823310:967071818 | ","560356461:412069793 | 979415281:238935887 | 254827721:507511058 | 502217951:687672016 | 666037326:478626180 | 917179062:756278260 | 749317331:556366343 | 239313637:182621128 | 421199067:228529369 | 404757087:654704981 | 257693955:277186136 | 195823310:967071818 | "
375,"677906049:677776913 | 390364824:222759610 | 851459925:902571621 | 303944604:241560670 | 872588948:733226491 | 794915173:608750432 | 699730659:202838076 | 12537889:75240430 | 732765707:732598269 | 682536700:385891645 | ","860618486:860614322 | 526446795:526270049 | 400608043:400481549 | 550340303:550136665 | 53923507:53738725 | 555630360:996269307 | 325627742:553928444 | 387989317:938035332 | 34448370:457302332 | 678145122:273366228 | "
376,"400214179:230412545 | 848461631:619658165 | 73798646:765871136 | 513665811:677752695 | ","550166143:911199274 | 551280121:858123170 | 6173187:933005589 | 831751520:138390840 | "
377,"860618486:860614322 | 526234151:526057405 | 34378398:34374318 | 213634018:777210284 | 499739297:916384934 | ","677906049:677776913 | 383030742:314420761 | 511364212:389806116 | 850802510:374260604 | 799850557:799683139 | 489697338:802263233 | "
378,"560356461:412069793 | 259011411:80747201 | 337223819:905683565 | 929319567:696344944 | 197448249:292745475 | 240700173:12518226 | ","458395549:850275537 | 736191265:210007986 | 997938993:200261576 | 548263858:798930868 | "
379,"273215751:273061447 | 114949350:936686321 | 14885124:853981309 | 990317834:918862574 | 441463417:441457443 | 521797354:521797210 | 614644781:557951552 | ","415569004:267282336 | 239556877:894614855 | 906378993:233009140 | 526192346:698952814 | 254096538:293936408 | 917332926:311512557 | 136451393:623645858 | 909103057:923900102 | 402541435:712960198 | 195823310:967071818 | "
380,"273215751:273061447 | 992048307:465894172 | ","560356461:412069793 | 979415281:238935887 | 254827721:507511058 | 502217951:687672016 | 666037326:478626180 | 917179062:756278260 | 749317331:556366343 | 239313637:182621128 | 57171049:84410439 | "
381,"860618486:860614322 | 526033394:525856648 | 191844508:240564247 | 227849802:673119964 | 350854775:724729833 | 508211315:232016642 | ","273215751:273061447 | 154917600:628763480 | 990069914:314630298 | "
382,"860618486:860614322 | 526386639:526209893 | 180919366:180915286 | 782568343:590181267 | 668316170:507436184 | 354473578:993137242 | 420971799:754628001 | 133149558:127759034 | 317556525:651212715 | 696680598:226269276 | ","560356461:412069793 | 706081055:394176288 | 565399867:669981937 | 319927396:907185868 | 167080455:654425780 | 452214893:44952588 | 505432583:500242907 | 644926272:443499482 | 994244767:806296331 | 605363701:605173499 | 103525234:103353328 | 893891965:893724533 | 443944884:371118326 | 965636699:910048522 | 910423836:984554246 | 191283966:801499585 | 340126683:588424174 | "
383,"579115614:727202862 | 204554701:493624237 | 545689195:545514789 | 279792547:279788467 | 699285133:374785993 | 769660771:243775158 | 269067755:620395014 | 800252855:689510217 | 918348912:664342332 | ","820849454:298378775 | 539667885:173367491 | 347961893:74037279 | 406273334:400522874 | 908289715:741776077 | 282892355:846573470 | 631656065:804279401 | 392708651:322058385 | 905860315:694358064 | "
384,"677906049:677776913 | 390364824:222759610 | 851459925:902571621 | 303944604:241560670 | 872588948:733226491 | 794915173:608750432 | 699730659:202838076 | 12537889:75240430 | 732765707:732598269 | 505888282:270512634 | 696680598:226269276 | ","860618486:860614322 | 526446795:526270049 | 400608043:400481549 | 550340303:550136665 | 53923507:53738725 | 555630360:996269307 | 325627742:553928444 | 387989317:938035332 | 34448370:457302332 | 279940165:73334393 | 951698673:40814224 | 367570741:132195071 | 191283966:801499585 | 340126683:588424174 | "
385,"860618486:860614322 | 857928366:688074450 | 549538060:722565629 | 904738861:925844692 | 892876546:418882457 | 10707789:346588532 | 327639038:643291794 | ","560356461:412069793 | 421928983:821362539 | 539366472:781833785 | 248206713:192895323 | 316213009:608683975 | 786309694:291102476 | "
386,"677906049:677776913 | 916262082:910855464 | 180919366:180915286 | 380048510:373842476 | 347379868:342192158 | 133853089:19485277 | 654277544:83453839 | ","677906049:677776913 | 238259780:42498167 | 994763584:514252545 | 202467479:131365755 | 694149600:827983682 | "
387,"273215751:273061447 | 894127793:894121811 | 691874585:254491244 | ","677906049:677776913 | 915908837:910502219 | 634357736:630437162 | 250752951:579519974 | 604633735:414467511 | 80709155:904700712 | 202203398:14792252 | 100514168:528018907 | "
388,"860618486:860614322 | 457318605:287464689 | 233807384:229886926 | 182774089:499946652 | 918431431:913241893 | 913898296:908451208 | 776848427:598849787 | 738293014:122787168 | 300392606:644880650 | ","273215751:273061447 | 911837636:733574600 | 523059511:535416168 | 796405678:383664163 | 62706251:550071802 | 626495720:278412620 | 967812215:967644797 | 883704109:883513575 | 776848427:598849787 | 887083343:806402244 | "
389,"458278041:850158029 | 829653290:448748649 | 712848251:80126064 | ","443417408:837441483 | 668738573:304829648 | 103460495:856869297 | 333240545:977596418 | 814490324:688949810 | 706046265:185917899 | "
390,"860618486:860614322 | 526386639:526209893 | 180919366:180915286 | 782568343:590181267 | 668316170:507436184 | 354473578:993137242 | 420971799:754628001 | 133149558:127759034 | 844252275:187594048 | ","118710876:510590864 | 902972868:876248336 | "
391,"677906049:677776913 | 916092946:910686328 | 569769880:569643400 | 139724221:752163758 | 962781424:235645508 | 957718657:251694070 | 667209083:751105878 | ","560356461:412069793 | 298208657:629160944 | 450625683:708536444 | 585802187:65053432 | 179187433:978778252 | 418574036:412248744 | 720087392:776131869 | 920179350:832492304 | 501789118:759037209 | 795444378:631117628 | "
392,"560356461:412069793 | 258471530:80207320 | 207719974:137069780 | 213429375:47238817 | 179513779:979104598 | 140747905:134422593 | 786222819:786013931 | 97858105:919595076 | 701953635:246512188 | ","560356461:412069793 | 7481841:338434104 | 778472855:882869091 | 970886246:81368891 | 699635810:512224664 | 474256570:846661689 | 781191296:266624033 | 316863359:891404903 | 317177456:955655602 | 247655539:819823762 | 191283966:801499585 | 340126683:588424174 | "
393,"888572883:627511514 | 644004427:950841393 | 657519202:801897057 | 854712178:619324572 | 195823310:967071818 | ","443417408:837441483 | 367520048:131597657 | 705677182:946310099 | 172261880:276298204 | 459773427:248433635 | 859457335:672045017 | 310633207:119811378 | 282709909:872925566 | 438358871:379837958 | 191283966:801499585 | 340126683:588424174 | "
394,"560356461:412069793 | 201867317:196116859 | 673542829:483420301 | 250660265:758334340 | 783243671:262625114 | 195823310:967071818 | ","443417408:837441483 | 367520048:131597657 | 420199125:976115727 | 856056025:349798585 | 780638981:288098693 | 372789132:218270582 | 723831774:717872908 | 614644781:557951552 | "
395,"860618486:860614322 | 304450438:298971280 | 888960483:121435674 | 527374027:731653981 | 890103237:883878909 | 225603649:225418427 | 492773612:381372643 | 889322652:436339352 | ","201849299:593768611 | 974235234:979567017 | 382316803:190715167 | 545689195:545514789 | 279792547:279788467 | 732462776:592962804 | 855481230:90887876 | 630076442:334118022 | 313341092:349212698 | 838649581:832907691 | 23934892:908860176 | "
396,"376588530:768468518 | 96754728:276182786 | 480699952:481059239 | 297871480:191246542 | ","677906049:677776913 | 528226464:332464851 | 219785010:215863782 | 743513670:707747828 | 288732911:300727220 | 19885181:960738748 | 300951839:524043066 | "
397,"860618486:860614322 | 430902746:261048830 | 848167067:844246661 | 402871785:995674069 | 948653203:787772883 | 842188319:19775242 | 313190240:609581379 | 414587961:81717435 | ","820849454:298378775 | 736427194:677599264 | 392757192:613926741 | 522857369:697840109 | 892216615:696389159 | 908326100:885629056 | 284429202:278383644 | 987866368:987662722 | 614644781:557951552 | "
398,"273215751:273061447 | 787707356:153611862 | 38919515:610317702 | ","677906049:677776913 | 37369610:103192649 | 589827229:495350476 | 575083335:340348778 | "
399,"273215751:273061447 | 87105678:908842649 | 245822902:257855831 | 284372138:601363421 | 179513779:979104598 | 140747905:134422593 | 40704709:893919936 | 199413588:556755683 | 375592179:478128777 | 548263858:798930868 | ","443417408:837441483 | 367520048:131597657 | 951667507:192300451 | 469982659:575076803 | 151384505:398226335 | 758897754:584921015 | 130307475:930055343 | "
400,"677906049:677776913 | 91362664:964453044 | 273689382:450030551 | 201107817:492444813 | 299041376:187659001 | 787784351:494943326 | 265949781:969577915 | ","560356461:412069793 | 421928983:821362539 | 539366472:781833785 | 479463750:154296573 | 829784523:520506271 | 716206248:333461544 | "
401,"860618486:860614322 | 526033394:525856648 | 191844508:240564247 | 227849802:673119964 | 350854775:724729833 | 508211315:232016642 | ","458395549:850275537 | 736191265:210007986 | 997938993:200261576 | 548263858:798930868 | "
402,"888441660:627380291 | 69420524:581599271 | ","860618486:860614322 | 857928366:688074450 | 549538060:722565629 | 904738861:925844692 | 892876546:418882457 | 10707789:346588532 | 327639038:643291794 | "
403,"560356461:412069793 | 421928983:821362539 | 539366472:781833785 | 479463750:154296573 | 829784523:520506271 | 716206248:333461544 | ","560356461:412069793 | 421928983:821362539 | 539366472:781833785 | 767572088:281916879 | 299820486:83416017 | 195683960:136538160 | "
404,"677906049:677776913 | 37369610:103192649 | 400747390:597757353 | 286203345:683859274 | 321355343:693815646 | 700769376:830197758 | 26517626:943197497 | ","860618486:860614322 | 440245030:270391114 | 826101928:822181504 | 553970651:994940939 | 321355343:693815646 | 700769376:830197758 | 33113470:643328955 | 637912939:183684091 | 340285136:747696438 | "
405,"458395549:850275537 | 736191265:210007986 | 997938993:200261576 | 548263858:798930868 | ","410783682:907296383 | 457153136:358849603 | "
406,"443417408:837441483 | 367508751:131586360 | 345918397:88727194 | 120230852:288144564 | 424825107:888814093 | 679792246:334732573 | 771409721:610517795 | ","560356461:412069793 | 49781404:309302301 | 497939881:593273236 | 399712636:18677611 | 534720501:436219117 | 150305058:897495612 | 146252940:14757823 | 293491275:166066193 | 145667995:689817673 | 195823310:967071818 | "
407,"860618486:860614322 | 570631790:305160413 | 46966882:279442452 | 248971784:639638460 | 250746347:362968540 | 630971426:1589642 | 576017546:497429812 | ","560356461:412069793 | 201906239:196155781 | 490654830:484337816 | 357449382:967313171 | 241291971:804960416 | 248971784:639638460 | 966912832:812438853 | 650287569:814397398 | 440297454:245167201 | 466845030:301960296 | 399282648:849665437 | "
408,"860618486:860614322 | 526426583:526249837 | 798472118:798345626 | 455337241:459148730 | 466845030:301960296 | 399282648:849665437 | ","254463299:407332289 | 537452977:844302003 | "
409,"560356461:412069793 | 421928983:821362539 | 539366472:781833785 | 15465851:875944337 | 167840149:125605368 | 606681263:354210348 | 371573262:809334323 | 795976783:332619417 | ","750143835:626042835 | 541831592:848688678 | 156293066:325034099 | 525918580:349848157 | 241959192:187295871 | 790416640:976070186 | 615706695:686030259 | 316732095:77697362 | 560668249:618112049 | "
410,"254513013:407382003 | 383207791:38264588 | 933458806:186452296 | 244788180:742554235 | 288090394:974229820 | ","860618486:860614322 | 570631790:305160413 | 46966882:279442452 | 248971784:639638460 | 250746347:362968540 | 630971426:1589642 | 576017546:497429812 | "
411,"253542962:401822474 | 159006086:903256638 | 828417968:229659284 | 646303492:771643064 | 732393477:660862882 | ","443417408:837441483 | 367520048:131597657 | 951667507:192300451 | 469982659:575076803 | 299060980:823152656 | 458473275:55820924 | 828417968:229659284 | 760478161:805404125 | 371358080:371172860 | 414233790:414229898 | 614644781:557951552 | "
412,"860618486:860614322 | 526033394:525856648 | 191844508:240564247 | 227849802:673119964 | 350854775:724729833 | 508211315:232016642 | ","860618486:860614322 | 857928366:688074450 | 549538060:722565629 | 904738861:925844692 | 892876546:418882457 | 10707789:346588532 | 327639038:643291794 | "
413,"677906049:677776913 | 383030742:314420761 | 511364212:389806116 | 831732330:874963152 | 401832426:240929648 | 355754862:611184451 | 482703731:964781537 | 160344969:234475381 | 195823310:967071818 | ","560356461:412069793 | 258471530:80207320 | 207719974:137069780 | 213429375:47238817 | 390607226:470980 | 549890828:471274438 | 915599505:958830329 | 7598987:179101285 | 362855009:911942660 | 489196820:154042520 | 195127702:194995922 | 614644781:557951552 | "
414,"677906049:677776913 | 528226464:332464851 | 219785010:215863782 | 743513670:707747828 | 288732911:300727220 | 19885181:960738748 | 300951839:524043066 | ","677906049:677776913 | 238259780:42498167 | 994763584:514252545 | 202467479:131365755 | 694149600:827983682 | "
415,"253542962:401822474 | 159006086:903256638 | 828417968:229659284 | 35408175:920934840 | ","672133831:820413331 | 446880041:135409300 | 845825233:580168952 | "
416,"860618486:860614322 | 526426583:526249837 | 297786418:529415708 | 772680736:764800207 | 413556950:271343192 | 718056673:867921810 | ","376588530:768468518 | 96754728:276182786 | 480699952:481059239 | 297871480:191246542 | "
417,"560356461:412069793 | 421928983:821362539 | 539366472:781833785 | 479463750:154296573 | 829784523:520506271 | 716206248:333461544 | ","677906049:677776913 | 390364824:222759610 | 851459925:902571621 | 303944604:241560670 | 872588948:733226491 | 794915173:608750432 | 699730659:202838076 | 12537889:75240430 | 732765707:732598269 | 682536700:385891645 | "
418,"677906049:677776913 | 37369610:103192649 | 400747390:597757353 | 284390490:682046419 | 846998500:222676626 | 214466854:961175465 | 440577391:338172473 | ","273215751:273061447 | 114949350:936686321 | 14885124:853981309 | 699852707:484739605 | "
419,"677906049:677776913 | 528226464:332464851 | 953210908:184598889 | 440834819:204724347 | 785541408:558662625 | 694000854:586176398 | 929618480:469726842 | ","860618486:860614322 | 886517542:716663626 | 513471630:391911846 | 877774433:564890797 | 265554923:811125496 | 912189914:144571914 | 609718421:609712813 | 385091512:595119749 | "
420,"860618486:860614322 | 304450438:298971280 | 888960483:121435674 | 527374027:731653981 | 890103237:883878909 | 225603649:225418427 | 275981930:822551897 | ","677906049:677776913 | 101200844:905439240 | 293179005:171646367 | 23528340:604464261 | 498055186:511331365 | 549091731:354380082 | 447078854:189380081 | 889189067:332605326 | "
421,"560356461:412069793 | 421928983:821362539 | 539366472:781833785 | 767572088:281916879 | 299820486:83416017 | 103086578:294727038 | 118225766:11912380 | 206275235:189333056 | 191283966:801499585 | 340126683:588424174 | ","254513013:407382003 | 786535865:517344148 | 853442171:663312925 | 41254683:277099466 | 831351389:943568347 | 85283950:885584189 | 661966012:206007561 | 887083947:299427703 | 18205001:896590530 | 614644781:557951552 | "
422,"677906049:677776913 | 915908837:910502219 | 634357736:630437162 | 457128748:402233915 | 404420742:412061030 | 388279454:531584987 | 479720299:479523703 | 641631939:463633299 | ","879951887:203808345 | 432226627:299962207 | 491892985:324287723 | 578003589:572647165 | 827308813:219508105 | 24746497:195111497 | 39639431:109648241 | 404420742:412061030 | 388279454:531584987 | 479720299:479523703 | 641631939:463633299 | "
423,"560356461:412069793 | 421928983:821362539 | 539366472:781833785 | 479463750:154296573 | 829784523:520506271 | 716206248:333461544 | ","740325961:336990810 | 199413588:556755683 | 375592179:478128777 | 548263858:798930868 | "
424,"860618486:860614322 | 825115087:559643688 | 358814742:590619748 | 330925853:408209220 | 335840637:953795592 | 137058475:92398232 | 363382553:777401877 | 202203398:14792252 | 100514168:528018907 | ","560356461:412069793 | 421928983:821362539 | 539366472:781833785 | 767572088:281916879 | 299820486:83416017 | 195683960:136538160 | "
425,"677906049:677776913 | 383030742:314420761 | 511364212:389806116 | 621052018:664282840 | 887083343:806402244 | ","560356461:412069793 | 421928983:821362539 | 539366472:781833785 | 767572088:281916879 | 299820486:83416017 | 195683960:136538160 | "
426,"560356461:412069793 | 421928983:821362539 | 539366472:781833785 | 248206713:192895323 | 316213009:608683975 | 786309694:291102476 | ","677906049:677776913 | 101200844:905439240 | 293179005:171646367 | 23528340:604464261 | 498055186:511331365 | 549091731:354380082 | 447078854:189380081 | 889189067:332605326 | "
427,"273215751:273061447 | 102064395:923801366 | 524933533:62025890 | ","860618486:860614322 | 758899335:758893635 | 825311940:543541594 | 841691230:947775193 | 70687510:496658146 | 726151365:719826093 | 279089973:826236366 | "
428,"560356461:412069793 | 421928983:821362539 | 539366472:781833785 | 248206713:192895323 | 316213009:608683975 | 786309694:291102476 | ","80306601:228586115 | 808903072:244035492 | "
429,"458278041:850158029 | 719251878:911208065 | ","860618486:860614322 | 526426583:526249837 | 297786418:529415708 | 772680736:764800207 | 413556950:271343192 | 718056673:867921810 | "
430,"677906049:677776913 | 127616703:931855099 | 482016667:887209859 | 672202927:836235258 | 278653096:890279659 | 38677161:242519177 | 819057220:641058446 | 734492016:854851844 | ","273215751:273061447 | 911837636:733574600 | 523059511:535416168 | 796405678:383664163 | 689070458:218231843 | 198253083:703540790 | 653159678:850431757 | 346366347:185041711 | 390773708:872811718 | "
431,"560356461:412069793 | 421928983:821362539 | 539366472:781833785 | 767572088:281916879 | 299820486:83416017 | 103086578:294727038 | 118225766:11912380 | 206275235:189333056 | 191283966:801499585 | 340126683:588424174 | ","254513013:407382003 | 786535865:517344148 | 853442171:663312925 | 41254683:277099466 | 831351389:943568347 | 85283950:885584189 | 661966012:206007561 | 837758440:350696594 | "
432,"458278041:850158029 | 719251878:911208065 | ","860618486:860614322 | 440245030:270391114 | 826101928:822181504 | 191145120:861223897 | 14885124:853981309 | 554302117:830611614 | "
433,"369594723:772708026 | ","677906049:677776913 | 545669509:545495103 | 693326338:693322260 | 895798337:797280200 | 577905604:698473527 | 736039592:673401335 | 766593902:148022232 | "
434,"677906049:677776913 | 383030742:314420761 | 511364212:389806116 | 831732330:874963152 | 401832426:240929648 | 28400708:946717882 | ","254463299:407332289 | 537452977:844302003 | "
435,"273215751:273061447 | 291633830:765479706 | 961841611:339311251 | 427046045:789861610 | 492846212:883408388 | ","253542962:401822474 | 159006086:903256638 | 828417968:229659284 | 35408175:920934840 | "
436,"860618486:860614322 | 857928366:688074450 | 549538060:722565629 | 904738861:925844692 | 892876546:418882457 | 10707789:346588532 | 327639038:643291794 | ","273215751:273061447 | 87105678:908842649 | 245822902:257855831 | 284372138:601363421 | 61454511:140546542 | 78923300:562116272 | 616686278:217515067 | 621452757:205781241 | 657526018:656462327 | 581475057:408047253 | 799850557:799683139 | 489697338:802263233 | "
437,"443417408:837441483 | 367508751:131586360 | 345918397:88727194 | 885953009:709395771 | 893665048:697581302 | 457128748:402233915 | 404420742:412061030 | 388279454:531584987 | 479720299:479523703 | 641631939:463633299 | ","879951887:203808345 | 432226627:299962207 | 491892985:324287723 | 578003589:572647165 | 827308813:219508105 | 24746497:195111497 | 39639431:109648241 | 404420742:412061030 | 388279454:531584987 | 479720299:479523703 | 641631939:463633299 | "
438,"677906049:677776913 | 915908837:910502219 | 634357736:630437162 | 250752951:579519974 | 604633735:414467511 | 80709155:904700712 | 202203398:14792252 | 100514168:528018907 | ","560356461:412069793 | 706081055:394176288 | 856948819:666774047 | 245620639:743418484 | 613981801:576154917 | 194129842:634440995 | 604633735:414467511 | 80709155:904700712 | 202203398:14792252 | 100514168:528018907 | "
439,"860618486:860614322 | 526092667:525915921 | 850780632:850654160 | 108496811:365008010 | 164128287:256906431 | 269975073:931660217 | 18916203:877065456 | ","774370015:177483379 | 919426689:919307687 | 545689195:545514789 | 279792547:279788467 | 991653907:793605521 | 74095193:67769899 | 799165693:269901501 | 230146466:691561445 | "
440,"677906049:677776913 | 545669509:545495103 | 693326338:693322260 | 895798337:797280200 | 577905604:698473527 | 736039592:673401335 | 766593902:148022232 | ","560356461:412069793 | 421928983:821362539 | 539366472:781833785 | 863062174:782879749 | 726544360:138919159 | 985107227:913855830 | "
441,"560356461:412069793 | 201867317:196116859 | 879827622:986029268 | ","860618486:860614322 | 758899335:758893635 | 825311940:543541594 | 841691230:947775193 | 70687510:496658146 | 726151365:719826093 | 279089973:826236366 | "
442,"860618486:860614322 | 440245030:270391114 | 826101928:822181504 | 729601284:502043168 | 148229375:45801097 | 643333827:351741369 | 491761823:446549023 | ","273215751:273061447 | 296880915:770726791 | 701773947:713950076 | 521858062:104893334 | 917332926:311512557 | 229993218:333021490 | "
443,"273215751:273061447 | 383355654:72578373 | 652614521:95841864 | ","253542962:401822474 | 159006086:903256638 | 828417968:229659284 | 35408175:920934840 | "
444,"560356461:412069793 | 258471530:80207320 | 207719974:137069780 | 213429375:47238817 | 179361925:978952744 | 19898873:19694831 | 782568343:590181267 | 668316170:507436184 | 354473578:993137242 | 420971799:754628001 | 133149558:127759034 | 873804947:217146720 | ","560356461:412069793 | 706081055:394176288 | 565399867:669981937 | 319927396:907185868 | 167080455:654425780 | 452214893:44952588 | 505432583:500242907 | 644926272:443499482 | 994244767:806296331 | 605363701:605173499 | 103525234:103353328 | 893891965:893724533 | 443944884:371118326 | 482703731:964781537 | 160344969:234475381 | 195823310:967071818 | "
445,"376588530:768468518 | 96754728:276182786 | 480699952:481059239 | 297871480:191246542 | ","254463299:407332289 | 537452977:844302003 | "
446,"254463299:407332289 | 537452977:844302003 | ","677906049:677776913 | 528226464:332464851 | 219785010:215863782 | 743513670:707747828 | 288732911:300727220 | 19885181:960738748 | 300951839:524043066 | "
447,"585384166:492481745 | 138459731:938445601 | 304682637:754034672 | 235381730:791106155 | 167710939:21559442 | 854712178:619324572 | 195823310:967071818 | ","560356461:412069793 | 48077786:379030037 | 773925151:273340554 | 479819840:935690143 | 357692219:100396719 | 515133024:317643253 | 284657396:306225262 | 401658068:513045570 | 835771393:663436545 | 135107154:222030999 | 614644781:557951552 | "
448,"458395549:850275537 | 736191265:210007986 | 997938993:200261576 | 548263858:798930868 | ","860618486:860614322 | 526033394:525856648 | 634357736:630437162 | 397441061:726208084 | 74695045:316555154 | 236243758:550547980 | 588477025:588283099 | 488504094:301092948 | 887083343:806402244 | "
449,"560356461:412069793 | 258471530:80207320 | 207719974:137069780 | 213429375:47238817 | 179513779:979104598 | 363177409:167092729 | 208898787:294994128 | 307640179:921452611 | ","413516622:265229954 | 363335014:193478604 | 850235347:820327508 | 55643227:854073744 | 16956220:265988691 | 177146343:669813511 | 292552104:161075121 | 515777434:408805921 | 956332529:246400844 | 195823310:967071818 | "
450,"677906049:677776913 | 916302026:910895408 | 219305550:219301470 | 633104357:438519353 | 799850557:799683139 | 489697338:802263233 | ","560356461:412069793 | 258471530:80207320 | 207719974:137069780 | 213429375:47238817 | 671406253:281270037 | 241502395:718338215 | 505823439:912564630 | 318017115:572830450 | 227225158:459607161 | 701840392:514429248 | 784762553:214299735 | 336620897:521215148 | 904510157:237876338 | 195823310:967071818 | "
451,"860618486:860614322 | 428525183:258671267 | 563329038:559408636 | 274745353:72281746 | 864586396:703709808 | 545773451:572164474 | ","677906049:677776913 | 915908837:910502219 | 634357736:630437162 | 250752951:579519974 | 604633735:414467511 | 80709155:904700712 | 202203398:14792252 | 100514168:528018907 | "
452,"677906049:677776913 | 528226464:332464851 | 953210908:184598889 | 440834819:204724347 | 785541408:558662625 | 694000854:586176398 | 929618480:469726842 | ","560356461:412069793 | 421928983:821362539 | 539366472:781833785 | 767572088:281916879 | 299820486:83416017 | 195683960:136538160 | "
453,"273215751:273061447 | 97858105:919595076 | 701953635:246512188 | ","560356461:412069793 | 7481841:338434104 | 778472855:882869091 | 970886246:81368891 | 699635810:512224664 | 474256570:846661689 | 781191296:266624033 | 822764129:633551813 | "
454,"579115614:727202862 | 204554701:493624237 | 545689195:545514789 | 279792547:279788467 | 144969021:85495705 | 553139831:116137703 | 330925853:408209220 | 335840637:953795592 | 137058475:92398232 | 363382553:777401877 | 202203398:14792252 | 100514168:528018907 | ","560356461:412069793 | 607854351:652976390 | 336518234:562784448 | 575235715:548825599 | 344529438:208530720 | 137058297:92398054 | 363211495:777230819 | 490547731:312549091 | 100514168:528018907 | "
455,"560356461:412069793 | 421928983:821362539 | 539366472:781833785 | 479463750:154296573 | 829784523:520506271 | 716206248:333461544 | ","54371985:50368727 | 49091513:43612333 | 313426008:172047146 | 580105426:151623149 | 101024072:609790970 | 804635987:151705069 | "
456,"579115614:727202862 | 204554701:493624237 | 545689195:545514789 | 279792547:279788467 | 838436092:832047436 | 440798764:244714896 | 686556765:15078036 | 289409569:799839778 | ","443417408:837441483 | 367508751:131586360 | 426111903:265367379 | 584302702:253557293 | 189461931:752165349 | 570812357:878994599 | "
457,"860618486:860614322 | 526033394:525856648 | 634357736:630437162 | 217148415:408926016 | 364235341:340356094 | 925149116:15354330 | 894978:814198385 | 906317550:728318910 | 321094845:10605100 | ","677906049:677776913 | 545675322:545500916 | 861562043:861435573 | 411269197:59102576 | 972268917:773314809 | 169821052:748316066 | 696015347:534690855 | 581475057:408047253 | 799850557:799683139 | 177087010:542008494 | 950235951:185842087 | 329342674:836298536 | 191283966:801499585 | 340126683:588424174 | "
458,"677906049:677776913 | 915908837:910502219 | 634357736:630437162 | 365418870:694185893 | 617002752:426829696 | 987366772:327571953 | 530712887:343301607 | 466845030:301960296 | 399282648:849665437 | ","253542962:401822474 | 159006086:903256638 | 828417968:229659284 | 35408175:920934840 | "
459,"677906049:677776913 | 916033622:910627004 | 875925391:872004587 | 781481169:916744477 | 764991650:796158331 | 96529636:256661637 | ","860618486:860614322 | 526386639:526209893 | 180919366:180915286 | 782568343:590181267 | 668316170:507436184 | 354473578:993137242 | 420971799:754628001 | 133149558:127759034 | 844252275:187594048 | "
460,"560356461:412069793 | 258471530:80207320 | 207719974:137069780 | 213429375:47238817 | 179513779:979104598 | 140747905:134422593 | 786222819:786013931 | 945379224:551608033 | 117502479:379264672 | 203420899:289815519 | ","443417408:837441483 | 367520048:131597657 | 951667507:192300451 | 469982659:575076803 | 511809962:292982787 | 413941410:311831240 | 344641685:255089981 | 460462214:417747201 | "
461,"677906049:677776913 | 383030742:314420761 | 511364212:389806116 | 850802510:374260604 | 799850557:799683139 | 489697338:802263233 | ","560356461:412069793 | 421928983:821362539 | 539366472:781833785 | 248206713:192895323 | 316213009:608683975 | 786309694:291102476 | "
462,"677906049:677776913 | 528226464:332464851 | 953210908:184598889 | 440834819:204724347 | 785541408:558662625 | 694000854:586176398 | 929618480:469726842 | ","273215751:273061447 | 102064395:923801366 | 524933533:62025890 | "
463,"677906049:677776913 | 349872898:281262943 | 646676352:525143306 | 125805201:700732592 | 401832768:240929990 | 359144011:985623939 | 682909064:910479194 | 547547082:475969761 | ","860618486:860614322 | 526033394:525856648 | 191844508:240564247 | 227849802:673119964 | 350854775:724729833 | 508211315:232016642 | "
464,"273215751:273061447 | 894127793:894121811 | 691874585:254491244 | ","740325961:336990810 | 199413588:556755683 | 375592179:478128777 | 548263858:798930868 | "
465,"860618486:860614322 | 440245030:270391114 | 826101928:822181504 | 288048111:233747508 | 108522774:750757734 | 833786360:894250204 | 167558571:456927541 | 47797014:529879020 | 854429521:53708038 | 195823310:967071818 | ","525869692:747921644 | 726823047:650571253 | 286637113:490479273 | 491892985:324287723 | 578003589:572647165 | 917631999:751118361 | 85409233:889325644 | 288048111:233747508 | 108496981:750731941 | 958328723:236685215 | 654589017:987955203 | 191283966:801499585 | 340126683:588424174 | "
466,"443417408:837441483 | 367508751:131586360 | 345918397:88727194 | 740675959:69170060 | 544113900:468632266 | 440834819:204724347 | 785541408:558662625 | 694000854:586176398 | 862390148:400806374 | ","860618486:860614322 | 929747171:811751837 | 487803319:923858223 | 616686278:217515067 | 621452757:205781241 | 383306528:350332067 | 513858662:305475060 | 250746005:362968198 | 571672641:735782470 | 696680598:226269276 | "
467,"740325961:336990810 | 199413588:556755683 | 375592179:478128777 | 501556900:767707452 | 481746242:940454577 | 421535364:44379891 | 195823310:967071818 | ","443417408:837441483 | 367520048:131597657 | 951667507:192300451 | 469982659:575076803 | 151384505:398226335 | 758897754:584921015 | 130307475:930055343 | "
468,"254463299:407332289 | 537452977:844302003 | ","273215751:273061447 | 718924959:718739463 | 616408452:909980995 | 189970719:111071496 | 241052076:557966963 | "
469,"888572883:627511514 | 964137167:476082985 | ","677906049:677776913 | 383030742:314420761 | 511364212:389806116 | 831732330:874963152 | 401832426:240929648 | 28400708:946717882 | "
470,"677906049:677776913 | 238259780:42498167 | 994763584:514252545 | 202467479:131365755 | 694149600:827983682 | ","560356461:412069793 | 803832718:491927951 | 278349268:382750786 | 915798099:498146139 | 77213859:483983662 | 312756420:319287151 | 202467479:131365755 | 215940309:26709149 | 482703731:964781537 | 160344969:234475381 | 195823310:967071818 | "
471,"860618486:860614322 | 430902746:261048830 | 848167067:844246661 | 402871785:995674069 | 948653203:787772883 | 842188319:19775242 | 708897440:897022650 | ","677906049:677776913 | 390589087:222983873 | 936743938:440620884 | 739205774:570572828 | 44001950:645567789 | 598004791:591959267 | 354164061:348845185 | 812755088:812569414 | 990184725:812186087 | 327639038:643291794 | "
472,"677906049:677776913 | 916302026:910895408 | 219305550:219301470 | 633104357:438519353 | 799850557:799683139 | 489697338:802263233 | ","273215751:273061447 | 489235964:855113737 | 715450506:285677079 | 394972995:851096352 | "
473,"273215751:273061447 | 489235964:855113737 | 715450506:285677079 | 394972995:851096352 | ","677906049:677776913 | 383030742:314420761 | 511364212:389806116 | 850802510:374260604 | 799850557:799683139 | 489697338:802263233 | "
474,"740325961:336990810 | 199413588:556755683 | 375592179:478128777 | 548263858:798930868 | ","253542962:401822474 | 159006086:903256638 | 828417968:229659284 | 35408175:920934840 | "
475,"677906049:677776913 | 383030742:314420761 | 511364212:389806116 | 831732330:874963152 | 401832426:240929648 | 28400708:946717882 | ","672133831:820413331 | 446880041:135409300 | 845825233:580168952 | "
476,"677906049:677776913 | 390364824:222759610 | 851459925:902571621 | 303944604:241560670 | 872588948:733226491 | 794915173:608750432 | 699730659:202838076 | 12537889:75240430 | 732765707:732598269 | 682536700:385891645 | ","273215751:273061447 | 114949350:936686321 | 14885124:853981309 | 699852707:484739605 | "
477,"860618486:860614322 | 440245030:270391114 | 826101928:822181504 | 729601284:502043168 | 148229375:45801097 | 643333827:351741369 | 491761823:446549023 | ","410783682:907296383 | 457153136:358849603 | "
478,"860618486:860614322 | 430902746:261048830 | 848167067:844246661 | 402871785:995674069 | 948653203:787772883 | 842188319:19775242 | 313190240:609581379 | 450121966:597953843 | 57168817:942806104 | 191283966:801499585 | 340126683:588424174 | ","820849454:298378775 | 736427194:677599264 | 392757192:613926741 | 522857369:697840109 | 892216615:696389159 | 158108967:454500556 | "
479,"273215751:273061447 | 154917600:628763480 | 990069914:314630298 | ","860618486:860614322 | 457318605:287464689 | 233807384:229886926 | 182774089:499946652 | 918431431:913241893 | 913898296:908451208 | 776848427:598849787 | 887083343:806402244 | "
480,"677906049:677776913 | 238259780:42498167 | 994763584:514252545 | 202467479:131365755 | 694149600:827983682 | ","458395549:850275537 | 736191265:210007986 | 997938993:200261576 | 548263858:798930868 | "
481,"888441660:627380291 | 69420524:581599271 | ","677906049:677776913 | 110543128:914781524 | 826101928:822181504 | 687900623:357979393 | 857971411:697097573 | 427454941:892419049 | "
482,"677906049:677776913 | 101200844:905439240 | 293179005:171646367 | 23528340:604464261 | 498055186:511331365 | 549091731:354380082 | 447078854:189380081 | 889189067:332605326 | ","273215751:273061447 | 894127793:894121811 | 691874585:254491244 | "
483,"677906049:677776913 | 915908837:910502219 | 634357736:630437162 | 250752951:579519974 | 604633735:414467511 | 80709155:904700712 | 202203398:14792252 | 100514168:528018907 | ","560356461:412069793 | 706081055:394176288 | 856948819:666774047 | 245620639:743418484 | 613981801:576154917 | 194129842:634440995 | 604633735:414467511 | 80709155:904700712 | 202203398:14792252 | 100514168:528018907 | "
484,"579115614:727202862 | 204554701:493624237 | 545689195:545514789 | 279792547:279788467 | 838436092:832047436 | 440798764:244714896 | 686556765:15078036 | 289409569:799839778 | ","443417408:837441483 | 367508751:131586360 | 426111903:265367379 | 584302702:253557293 | 189461931:752165349 | 244219753:770290153 | 976529249:318183970 | 761090779:181635707 | 191283966:801499585 | 340126683:588424174 | "
485,"273215751:273061447 | 87105678:908842649 | 245822902:257855831 | 284372138:601363421 | 318370685:397455826 | 424825107:888814093 | 679792246:334732573 | 771409721:610517795 | ","560356461:412069793 | 49781404:309302301 | 497939881:593273236 | 399712636:18677611 | 534720501:436219117 | 150305058:897495612 | 146252940:14757823 | 338494471:71972695 | 768387594:768204458 | 614644781:557951552 | "
486,"860618486:860614322 | 526033394:525856648 | 191844508:240564247 | 227849802:673119964 | 350854775:724729833 | 508211315:232016642 | ","458278041:850158029 | 719251878:911208065 | "
487,"254513013:407382003 | 383207791:38264588 | 933458806:186452296 | 244788180:742554235 | 288090394:974229820 | ","560356461:412069793 | 421928983:821362539 | 539366472:781833785 | 767572088:281916879 | 299820486:83416017 | 195683960:136538160 | "
488,"677906049:677776913 | 915908837:910502219 | 634357736:630437162 | 365418870:694185893 | 617002752:426829696 | 987366772:327571953 | 530712887:343301607 | 466845030:301960296 | 399282648:849665437 | ","677906049:677776913 | 916262082:910855464 | 180919366:180915286 | 380048510:373842476 | 347379868:342192158 | 133853089:19485277 | 654277544:83453839 | "
489,"273215751:273061447 | 97858105:919595076 | 701953635:246512188 | ","273215751:273061447 | 291633830:765479706 | 961841611:339311251 | 427046045:789861610 | 492846212:883408388 | "
490,"677906049:677776913 | 915908837:910502219 | 634357736:630437162 | 250752951:579519974 | 604633735:414467511 | 80709155:904700712 | 202203398:14792252 | 100514168:528018907 | ","860618486:860614322 | 857928366:688074450 | 549538060:722565629 | 904738861:925844692 | 892876546:418882457 | 10707789:346588532 | 327639038:643291794 | "
491,"273215751:273061447 | 291633830:765479706 | 961841611:339311251 | 427046045:789861610 | 492846212:883408388 | ","677906049:677776913 | 238259780:42498167 | 994763584:514252545 | 202467479:131365755 | 694149600:827983682 | "
492,"560356461:412069793 | 201867317:196116859 | 879827622:986029268 | ","860618486:860614322 | 304450438:298971280 | 888960483:121435674 | 527374027:731653981 | 890103237:883878909 | 225603649:225418427 | 275981930:822551897 | "
493,"273215751:273061447 | 87105678:908842649 | 245822902:257855831 | 284372138:601363421 | 949497214:356267010 | 85409233:889325644 | 191145120:861223897 | 14885124:853981309 | 583854789:860164286 | ","303623853:706737170 | 781538717:660017070 | 212691820:16864356 | 603246697:81481283 | 85409233:889325644 | 191145120:861223897 | 454061608:968283084 | 65846858:598622864 | 118447649:35167307 | 160344969:234475381 | 195823310:967071818 | "
494,"469688335:464904895 | 896408507:896402525 | 135961714:96147472 | ","443417408:837441483 | 393210776:79616696 | 817725238:844797971 | 365369434:358893858 | 843095543:390198307 | 424680931:302798314 | 574672125:516266511 | 391388439:740169264 | 510206432:666849850 | "
495,"677906049:677776913 | 915908837:910502219 | 634357736:630437162 | 457128748:402233915 | 404420742:412061030 | 388279454:531584987 | 479720299:479523703 | 641631939:463633299 | ","860618486:860614322 | 304226175:298747017 | 952580063:948659657 | 975825274:970407090 | 356610017:356604057 | 676279636:688741905 | 20844622:128278080 | 827126140:655030072 | 990184725:812186087 | 279962656:58050236 | "
496,"560356461:412069793 | 421928983:821362539 | 539366472:781833785 | 479463750:154296573 | 829784523:520506271 | 716206248:333461544 | ","860618486:860614322 | 526426583:526249837 | 297786418:529415708 | 772680736:764800207 | 413556950:271343192 | 718056673:867921810 | "
497,"560356461:412069793 | 201867317:196116859 | 673542829:483420301 | 772289302:510185469 | 533322531:12703970 | 191283966:801499585 | 340126683:588424174 | ","443417408:837441483 | 367520048:131597657 | 420199125:976115727 | 856056025:349798585 | 780638981:288098693 | 250660265:758334340 | 783243671:262625114 | 195823310:967071818 | "
498,"677906049:677776913 | 349872898:281262943 | 646676352:525143306 | 125805201:700732592 | 401832768:240929990 | 547500127:507183197 | 844006802:407787018 | 173586853:718941686 | 963330014:976471768 | ","273215751:273061447 | 718924959:718739463 | 616408452:909980995 | 189970719:111071496 | 241052076:557966963 | "
499,"677906049:677776913 | 528226464:332464851 | 219785010:215863782 | 743513670:707747828 | 288732911:300727220 | 19885181:960738748 | 235514575:16904613 | 135758631:141326183 | ","387568291:22023368 | 195740186:361775513 | 663453988:656957841 | 406273334:400522874 | 934467758:767954120 | 264573520:68489890 | 657507083:380341905 | 964597159:336420713 | 952179864:118640145 | 191283966:801499585 | 340126683:588424174 | "
500,"560356461:412069793 | 421928983:821362539 | 539366472:781833785 | 15465851:875944337 | 167840149:125605368 | 606681263:354210348 | 371573262:809334323 | 795976783:332619417 | ","560308612:412021944 | 857184704:967226830 | "
501,"560356461:412069793 | 421928983:821362539 | 539366472:781833785 | 66116369:351463201 | 209940841:201972446 | 618503166:536892054 | 564920042:2656008 | 644848982:448995586 | 614644781:557951552 | ","56456287:52453029 | 159714224:466511354 | 828147262:737580062 | 470541729:935936636 | 927796095:886685326 | 25594452:361475193 | 14885124:853981309 | 990318419:918863159 | 917332926:311512557 | 136451393:623645858 | 184015707:642724046 | 152620295:463039054 | 191283966:801499585 | 340126683:588424174 | "
502,"860618486:860614322 | 428525183:258671267 | 563329038:559408636 | 274745353:72281746 | 864586396:703709808 | 545773451:572164474 | ","560356461:412069793 | 258471530:80207320 | 207719974:137069780 | 213429375:47238817 | 798452883:871284882 | 530193772:861261001 | 709029988:428341344 | 257777239:499559433 | 189332866:366270401 | 274745353:72281746 | 87101919:87096519 | 345860086:176178874 | "
503,"560356461:412069793 | 421928983:821362539 | 539366472:781833785 | 479446548:154279371 | 943376393:634098173 | 491539913:18423954 | ","273215751:273061447 | 894127793:894121811 | 691874585:254491244 | "
504,"677906049:677776913 | 916413936:911007318 | 103870097:99948589 | 208898787:294994128 | 307640179:921452611 | ","413516622:265229954 | 363335014:193478604 | 850235347:820327508 | 55643227:854073744 | 16956220:265988691 | 177146343:669813511 | 69115224:993328778 | "
505,"677906049:677776913 | 528226464:332464851 | 953210908:184598889 | 440834819:204724347 | 785541408:558662625 | 694000854:586176398 | 929618480:469726842 | ","273215751:273061447 | 102064395:923801366 | 524933533:62025890 | "
506,"860618486:860614322 | 30364939:764893559 | 895958120:915847875 | 989572722:430060652 | 44715265:454114481 | 459376874:473696943 | 148602475:640823247 | 288743391:283001537 | 195127702:194995922 | 614644781:557951552 | ","560356461:412069793 | 298208657:629160944 | 450625683:708536444 | 585802187:65053432 | 179193235:978784054 | 356406729:277800035 | 420878885:237774013 | 564236633:659384345 | 459376874:473696943 | 148602475:640823247 | 482703731:964781537 | 160344969:234475381 | 195823310:967071818 | "
507,"677906049:677776913 | 916092946:910686328 | 569769880:569643400 | 139724221:752163758 | 962781424:235645508 | 689278227:802516170 | ","560356461:412069793 | 298208657:629160944 | 450625683:708536444 | 585802187:65053432 | 179187433:978778252 | 418574036:412248744 | 720087392:776131869 | 920179350:832492304 | 501789118:759037209 | 795444378:631117628 | "
508,"560356461:412069793 | 421928983:821362539 | 539366472:781833785 | 479463750:154296573 | 829784523:520506271 | 716206248:333461544 | ","253542962:401822474 | 159006086:903256638 | 828417968:229659284 | 35408175:920934840 | "
509,"677906049:677776913 | 399523272:231918058 | 548989161:427439601 | 474029337:520460274 | 426217251:467925032 | 694029092:184054739 | ","273215751:273061447 | 383355654:72578373 | 652614521:95841864 | "
510,"677906049:677776913 | 545676596:545502190 | 181491452:177570756 | 296414735:480574283 | 138459731:938445601 | 304682637:754034672 | 296833644:524290652 | ","560356461:412069793 | 48077786:379030037 | 773925151:273340554 | 479819840:935690143 | 357692219:100396719 | 515133024:317643253 | 284657396:306225262 | 401658068:513045570 | 476730202:449269844 | 838290884:386525899 | 191283966:801499585 | 340126683:588424174 | "
511,"677906049:677776913 | 383030742:314420761 | 511364212:389806116 | 831732330:874963152 | 401832426:240929648 | 28400708:946717882 | ","560356461:412069793 | 258471530:80207320 | 207719974:137069780 | 213429375:47238817 | 390607226:470980 | 549890828:471274438 | 915599505:958830329 | 7598987:179101285 | 248505265:270222271 | "
512,"677906049:677776913 | 916413936:911007318 | 132383153:132256653 | 169308610:838250567 | 719251878:911208065 | ","443417408:837441483 | 668738573:304829648 | 103460495:856869297 | 333240545:977596418 | 814490324:688949810 | 764711173:264061868 | 770967544:418491530 | "
513,"860618486:860614322 | 526033394:525856648 | 634357736:630437162 | 365418870:694185893 | 617002752:426829696 | 967334415:784760389 | 401132842:400937826 | 799850557:799683139 | 489697338:802263233 | ","677906049:677776913 | 545675322:545500916 | 861562043:861435573 | 156805831:80929488 | 556684054:366506708 | 517570347:286544499 | 943091169:755679435 | 504134124:498378176 | 990184725:812186087 | 327639038:643291794 | "
514,"560356461:412069793 | 421928983:821362539 | 539366472:781833785 | 479446548:154279371 | 943376393:634098173 | 491539913:18423954 | ","410783682:907296383 | 457153136:358849603 | "
515,"860618486:860614322 | 758899335:758893635 | 825311940:543541594 | 841691230:947775193 | 70687510:496658146 | 726151365:719826093 | 279089973:826236366 | ","273215751:273061447 | 489235964:855113737 | 715450506:285677079 | 394972995:851096352 | "
516,"677906049:677776913 | 528226464:332464851 | 953210908:184598889 | 440834819:204724347 | 785541408:558662625 | 694000854:586176398 | 929618480:469726842 | ","560356461:412069793 | 421928983:821362539 | 539366472:781833785 | 863062174:782879749 | 726544360:138919159 | 985107227:913855830 | "
517,"458278041:850158029 | 719251878:911208065 | ","677906049:677776913 | 915908837:910502219 | 634357736:630437162 | 250752951:579519974 | 604633735:414467511 | 80709155:904700712 | 202203398:14792252 | 100514168:528018907 | "
518,"860618486:860614322 | 825115087:559643688 | 358814742:590619748 | 330925853:408209220 | 335840637:953795592 | 137058475:92398232 | 363382553:777401877 | 202203398:14792252 | 100514168:528018907 | ","560356461:412069793 | 607854351:652976390 | 336518234:562784448 | 575235715:548825599 | 344529438:208530720 | 137058297:92398054 | 363211495:777230819 | 490547731:312549091 | 100514168:528018907 | "
519,"677906049:677776913 | 37369610:103192649 | 589827229:495350476 | 575083335:340348778 | ","860618486:860614322 | 526033394:525856648 | 634357736:630437162 | 365418870:694185893 | 617002752:426829696 | 967334415:784760389 | 401132842:400937826 | 799850557:799683139 | 489697338:802263233 | "
520,"677906049:677776913 | 101200844:905439240 | 745583054:952718427 | 269067755:620395014 | 800252855:689510217 | 917363856:663357276 | ","560356461:412069793 | 421928983:821362539 | 539366472:781833785 | 15465851:875944337 | 167840149:125605368 | 606681263:354210348 | 371573262:809334323 | 795976783:332619417 | "
521,"677906049:677776913 | 399523272:231918058 | 548989161:427439601 | 474029337:520460274 | 426217251:467925032 | 694029092:184054739 | ","560356461:412069793 | 201856626:196106168 | 12633612:6316600 | 532735299:495287776 | "
522,"273215751:273061447 | 718924959:718739463 | 616408452:909980995 | 189970719:111071496 | 241052076:557966963 | ","677906049:677776913 | 545669509:545495103 | 693326338:693322260 | 895798337:797280200 | 577905604:698473527 | 736039592:673401335 | 766593902:148022232 | "
523,"560356461:412069793 | 258471530:80207320 | 207719974:137069780 | 213429375:47238817 | 179513779:979104598 | 140747905:134422593 | 364035586:141006388 | ","560356461:412069793 | 7481841:338434104 | 778472855:882869091 | 21697459:195525133 | 849676100:746438472 | 351195412:659932583 | 859719867:315338056 | 492056185:841863753 | 325319075:182659659 | 614644781:557951552 | "
524,"560356461:412069793 | 201867317:196116859 | 879827622:986029268 | ","677906049:677776913 | 915908837:910502219 | 634357736:630437162 | 457128748:402233915 | 404420742:412061030 | 388279454:531584987 | 479720299:479523703 | 641631939:463633299 | "
525,"273215751:273061447 | 97858105:919595076 | 474256570:846661689 | 781191296:266624033 | 5009661:4818183 | 614644781:557951552 | ","560356461:412069793 | 7481841:338434104 | 778472855:882869091 | 970886246:81368891 | 699635810:512224664 | 474256570:846661689 | 781191296:266624033 | 316863359:891404903 | 317177456:955655602 | 247655539:819823762 | 191283966:801499585 | 340126683:588424174 | "
526,"677906049:677776913 | 390364824:222759610 | 952580063:948659657 | 975825274:970407090 | 11723983:834148384 | 794915173:608750432 | 699730659:202838076 | 966454722:463959948 | 162262909:706812115 | 717690603:526819929 | ","860618486:860614322 | 526446795:526270049 | 653722335:214990170 | 906223901:891689369 | 875244934:735882479 | 367334094:152569420 | 958170391:746445551 | 479237427:732058282 | 363623907:95706492 | "
527,"860618486:860614322 | 526426583:526249837 | 297786418:529415708 | 772680736:764800207 | 413556950:271343192 | 718056673:867921810 | ","677906049:677776913 | 916262082:910855464 | 180919366:180915286 | 380048510:373842476 | 347379868:342192158 | 133853089:19485277 | 654277544:83453839 | "
528,"860618486:860614322 | 570631790:305160413 | 46966882:279442452 | 248971784:639638460 | 250746347:362968540 | 630971426:1589642 | 576017546:497429812 | ","677906049:677776913 | 91362664:964453044 | 273689382:450030551 | 201107817:492444813 | 299041376:187659001 | 787784351:494943326 | 265949781:969577915 | "
529,"677906049:677776913 | 37369610:103192649 | 589827229:495350476 | 575083335:340348778 | ","677906049:677776913 | 349872898:281262943 | 646676352:525143306 | 125805201:700732592 | 401832768:240929990 | 547500127:507183197 | 844006802:407787018 | 173586853:718941686 | 963330014:976471768 | "
530,"860618486:860614322 | 319247761:313768603 | 821311138:821184646 | 167516823:28950683 | 401832426:240929648 | 355754862:611184451 | 965636699:910048522 | 910423836:984554246 | 191283966:801499585 | 340126683:588424174 | ","579115614:727202862 | 204554701:493624237 | 545689195:545514789 | 279792547:279788467 | 747260099:607760127 | 829675890:823350586 | 251383998:112817860 | 161173494:586060669 | 12160765:561890892 | 957046952:761915893 | 940995940:382083395 | 288743391:283001537 | 195127702:194995922 | 614644781:557951552 | "
531,"860618486:860614322 | 526538493:526361747 | 132383153:132256653 | 786222819:786013931 | 787707356:153611862 | 38919515:610317702 | ","443417408:837441483 | 367520048:131597657 | 528738441:769371376 | 990265653:94848750 | 503763696:793828012 | 347191515:181777194 | 775449020:148719925 | 233441863:586043700 | 499769234:318819626 | 169585436:114369693 | 905165448:337206453 | 191283966:801499585 | 340126683:588424174 | "
532,"273215751:273061447 | 154917600:628763480 | 990069914:314630298 | ","717646481:471228176 | 105600863:97296740 | 91236601:527001716 | 460339605:478112284 | 956332529:246400844 | 195823310:967071818 | "
533,"273215751:273061447 | 114949350:936686321 | 14885124:853981309 | 699852707:484739605 | ","860618486:860614322 | 304226175:298747017 | 952580063:948659657 | 975825274:970407090 | 356610017:356604057 | 676279636:688741905 | 20844622:128278080 | 827126140:655030072 | 990184725:812186087 | 279962656:58050236 | "
534,"560356461:412069793 | 421928983:821362539 | 539366472:781833785 | 863062174:782879749 | 726544360:138919159 | 985107227:913855830 | ","677906049:677776913 | 37369610:103192649 | 400747390:597757353 | 284390490:682046419 | 846998500:222676626 | 214466854:961175465 | 440577391:338172473 | "
535,"860618486:860614322 | 526426583:526249837 | 297786418:529415708 | 772680736:764800207 | 413556950:271343192 | 718056673:867921810 | ","848092065:997590619 | 418592446:423948611 | 432863079:496322159 | 406273334:400522874 | 900492545:760881189 | 492111507:54933663 | 569019286:561138761 | "
536,"458278041:850158029 | 829653290:448748649 | 580342231:585962156 | 661971591:557521183 | 191283966:801499585 | 340126683:588424174 | ","443417408:837441483 | 668738573:304829648 | 103460495:856869297 | 333240545:977596418 | 814490324:688949810 | 764711173:264061868 | 259480758:459403812 | 681342379:285462951 | 191283966:801499585 | 340126683:588424174 | "
537,"560356461:412069793 | 421928983:821362539 | 539366472:781833785 | 15465851:875944337 | 167840149:125605368 | 606681263:354210348 | 371573262:809334323 | 795976783:332619417 | ","273215751:273061447 | 787707356:153611862 | 38919515:610317702 | "
538,"860618486:860614322 | 526092667:525915921 | 850780632:850654160 | 108496811:365008010 | 164128287:256906431 | 369227270:881466538 | ","560356461:412069793 | 421928983:821362539 | 539366472:781833785 | 15465851:875944337 | 167840149:125605368 | 606681263:354210348 | 371573262:809334323 | 795976783:332619417 | "
539,"860618486:860614322 | 30364939:764893559 | 895958120:915847875 | 989572722:430060652 | 44715265:454114481 | 459376874:473696943 | 606676760:865520549 | ","860618486:860614322 | 430902746:261048830 | 848167067:844246661 | 402871785:995674069 | 948653203:787772883 | 842188319:19775242 | 708897440:897022650 | "
540,"273215751:273061447 | 177889370:867111948 | 498570787:892893964 | 100839501:889429550 | 614644781:557951552 | ","560356461:412069793 | 258957564:80693354 | 163558546:967731099 | 252632304:252431540 | 486259829:384149535 | 498570787:892893964 | 100839501:889429550 | 748700589:230742744 | 293005890:49074877 | "
541,"677906049:677776913 | 545669509:545495103 | 693326338:693322260 | 895798337:797280200 | 577905604:698473527 | 736039592:673401335 | 766593902:148022232 | ","677906049:677776913 | 37369610:103192649 | 589827229:495350476 | 575083335:340348778 | "
542,"677906049:677776913 | 915908837:910502219 | 634357736:630437162 | 457128748:402233915 | 404420742:412061030 | 388279454:531584987 | 479720299:479523703 | 641631939:463633299 | ","677906049:677776913 | 623991013:428229400 | 54560917:58273067 | 398125422:313217098 | 744069620:395055677 | "
543,"677906049:677776913 | 623991013:428229400 | 54560917:58273067 | 398125422:313217098 | 744069620:395055677 | ","677906049:677776913 | 545669509:545495103 | 693326338:693322260 | 895798337:797280200 | 577905604:698473527 | 736039592:673401335 | 766593902:148022232 | "
544,"860618486:860614322 | 526033394:525856648 | 634357736:630437162 | 365418870:694185893 | 617002752:426829696 | 967334415:784760389 | 401132842:400937826 | 799850557:799683139 | 489697338:802263233 | ","254463299:407332289 | 537452977:844302003 | "
545,"80306601:228586115 | 808903072:244035492 | ","273215751:273061447 | 97858105:919595076 | 701953635:246512188 | "
546,"579115614:727202862 | 204554701:493624237 | 545689195:545514789 | 279792547:279788467 | 126310746:801811613 | 867530903:527600235 | 904738861:925844692 | 892876546:418882457 | 926840621:262721355 | 321094845:10605100 | ","273215751:273061447 | 87105678:908842649 | 245822902:257855831 | 284372138:601363421 | 61454511:140546542 | 78923300:562116272 | 616686278:217515067 | 621452757:205781241 | 657526018:656462327 | 581475057:408047253 | 799850557:799683139 | 177087010:542008494 | 950235951:185842087 | 329342674:836298536 | 191283966:801499585 | 340126683:588424174 | "
547,"860618486:860614322 | 526426583:526249837 | 297786418:529415708 | 772680736:764800207 | 413556950:271343192 | 718056673:867921810 | ","860618486:860614322 | 526033394:525856648 | 634357736:630437162 | 365418870:694185893 | 617002752:426829696 | 967334415:784760389 | 401132842:400937826 | 799850557:799683139 | 489697338:802263233 | "
548,"860618486:860614322 | 857928366:688074450 | 813335378:691777298 | 899267087:863501241 | 351578262:240137791 | 977806849:799372575 | 10707789:346588532 | 784762553:214299735 | 437068873:159490580 | 654589017:987955203 | 191283966:801499585 | 340126683:588424174 | ","303623853:706737170 | 781538717:660017070 | 212691820:16864356 | 620082456:98317042 | 201779174:123186682 | 64438587:36527490 | 198395205:491710632 | 388326161:592168321 | 10707789:346588532 | 784762553:214299735 | 437068873:159490580 | 654589017:987955203 | 191283966:801499585 | 340126683:588424174 | "
549,"860618486:860614322 | 758899335:758893635 | 825311940:543541594 | 841691230:947775193 | 70687510:496658146 | 726151365:719826093 | 299325483:187943108 | 154596648:661262933 | 699565722:843438288 | 195823310:967071818 | ","560356461:412069793 | 298208657:629160944 | 450625683:708536444 | 585802187:65053432 | 643400568:253264338 | 157709065:992085325 | 466457865:898641089 | 60498988:486469624 | 993388366:987646472 | 544742578:582773749 | 278125486:609928348 | "
550,"677906049:677776913 | 390589087:222983873 | 936743938:440620884 | 739205774:570572828 | 44001950:645567789 | 598004791:591959267 | 354164061:348845185 | 812755088:812569414 | 990184725:812186087 | 327639038:643291794 | ","560356461:412069793 | 201906239:196155781 | 490654830:484337816 | 546684381:333999535 | 680096377:601505025 | 148089637:480768675 | 359962146:543669156 | 298108984:594028138 | 800165605:542404759 | 108131773:263051220 | 185475646:629622391 | 77727970:958786500 | 990184725:812186087 | 327639038:643291794 | "
551,"677906049:677776913 | 916413936:911007318 | 132383153:132256653 | 786222819:786013931 | 97858105:919595076 | 701953635:246512188 | ","560356461:412069793 | 7481841:338434104 | 778472855:882869091 | 970886246:81368891 | 699635810:512224664 | 474256570:846661689 | 781191296:266624033 | 822764129:633551813 | "
552,"273215751:273061447 | 87105678:908842649 | 245822902:257855831 | 284372138:601363421 | 179513779:979104598 | 140747905:134422593 | 786222819:786013931 | 992048307:465894172 | ","560356461:412069793 | 979415281:238935887 | 254827721:507511058 | 502217951:687672016 | 666037326:478626180 | 917179062:756278260 | 749317331:556366343 | 239313637:182621128 | 421199067:228529369 | 531118058:242096150 | 799172463:37399422 | 614644781:557951552 | "
553,"740325961:336990810 | 199413588:556755683 | 375592179:478128777 | 501556900:767707452 | 864771416:774773610 | ","443417408:837441483 | 367520048:131597657 | 951667507:192300451 | 469982659:575076803 | 151384505:398226335 | 758897754:584921015 | 617106695:900969533 | 647899415:469901679 | 725958444:721637430 | 191283966:801499585 | 340126683:588424174 | "
554,"672133831:820413331 | 446880041:135409300 | 845825233:580168952 | ","860618486:860614322 | 440245030:270391114 | 826101928:822181504 | 191145120:861223897 | 14885124:853981309 | 554302117:830611614 | "
555,"273215751:273061447 | 338790327:812636221 | 280883491:495067060 | ","677906049:677776913 | 390364824:222759610 | 851459925:902571621 | 303944604:241560670 | 872588948:733226491 | 794915173:608750432 | 699730659:202838076 | 12537889:75240430 | 732765707:732598269 | 682536700:385891645 | "
556,"677906049:677776913 | 37369610:103192649 | 400747390:597757353 | 679792246:334732573 | 89400312:84210250 | 21187741:792730073 | 145667995:689817673 | 195823310:967071818 | ","560356461:412069793 | 49781404:309302301 | 497939881:593273236 | 399712636:18677611 | 534720501:436219117 | 150305058:897495612 | 146252940:14757823 | 740362857:975444678 | "
557,"443417408:837441483 | 367508751:131586360 | 345918397:88727194 | 886458108:709900870 | 140747905:134422593 | 560145358:359402480 | 259011411:80747201 | 337223819:905683565 | 929319567:696344944 | 197448249:292745475 | 240700173:12518226 | ","894943403:633866356 | 221189842:679836705 | 884887512:37025680 | 734409905:43067774 | 535666976:82448938 | 57684373:792711940 | 490344242:642535076 | 929812619:751812811 | 206923607:751884718 | 446399726:851498405 | 887965419:552996933 | 191283966:801499585 | 340126683:588424174 | "
558,"677906049:677776913 | 349872898:281262943 | 646676352:525143306 | 125805201:700732592 | 401832768:240929990 | 547500127:507183197 | 844006802:407787018 | 173586853:718941686 | 963330014:976471768 | ","677906049:677776913 | 349872898:281262943 | 646676352:525143306 | 125805201:700732592 | 401832768:240929990 | 359144011:985623939 | 682909064:910479194 | 547547082:475969761 | "
559,"677906049:677776913 | 545676596:545502190 | 181491452:177570756 | 247950882:774677380 | 854223026:161015641 | ","443417408:837441483 | 367520048:131597657 | 705677182:946310099 | 172261880:276298204 | 459773427:248433635 | 354718419:154351932 | 714855860:227973314 | 197276297:473695309 | "
560,"443417408:837441483 | 367508751:131586360 | 345918397:88727194 | 886458108:709900870 | 140747905:134422593 | 786222819:786013931 | 514570498:880470217 | ","560356461:412069793 | 258957564:80693354 | 163558546:967731099 | 252632304:252431540 | 486259829:384149535 | 498570787:892893964 | 100839501:889429550 | 748700589:230742744 | 251919726:75823421 | 257693955:277186136 | 195823310:967071818 | "
561,"677906049:677776913 | 127616703:931855099 | 482016667:887209859 | 672202927:836235258 | 278653096:890279659 | 38677161:242519177 | 390773708:872811718 | ","560356461:412069793 | 421928983:821362539 | 539366472:781833785 | 863034980:782852555 | 612314461:24689310 | 833758716:11393909 | "
562,"677906049:677776913 | 916302026:910895408 | 219305550:219301470 | 633104357:438519353 | 799850557:799683139 | 489697338:802263233 | ","560356461:412069793 | 258471530:80207320 | 207719974:137069780 | 213429375:47238817 | 671406253:281270037 | 241502395:718338215 | 505823439:912564630 | 318017115:572830450 | 227225158:459607161 | 701840392:514429248 | 327639038:643291794 | "
563,"254513013:407382003 | 383207791:38264588 | 933458806:186452296 | 244788180:742554235 | 288090394:974229820 | ","860618486:860614322 | 440245030:270391114 | 826101928:822181504 | 729601284:502043168 | 148229375:45801097 | 643333827:351741369 | 491761823:446549023 | "
564,"677906049:677776913 | 37369610:103192649 | 400747390:597757353 | 679792246:334732573 | 771409721:610517795 | ","860618486:860614322 | 857928366:688074450 | 549538060:722565629 | 904738861:925844692 | 892876546:418882457 | 10707789:346588532 | 327639038:643291794 | "
565,"888572883:627511514 | 964137167:476082985 | ","560356461:412069793 | 259011411:80747201 | 337223819:905683565 | 929319567:696344944 | 197448249:292745475 | 240700173:12518226 | "
566,"273215751:273061447 | 114949350:936686321 | 14885124:853981309 | 990317834:918862574 | 647899415:469901679 | 725958444:721637430 | 191283966:801499585 | 340126683:588424174 | ","415569004:267282336 | 239556877:894614855 | 906378993:233009140 | 526192346:698952814 | 254096538:293936408 | 917332926:311512557 | 136451393:623645858 | 639863476:245498018 | 325107972:129992346 | 614644781:557951552 | "
567,"677906049:677776913 | 37369610:103192649 | 400747390:597757353 | 679792246:334732573 | 771409721:610517795 | ","80306601:228586115 | 808903072:244035492 | "
568,"560356461:412069793 | 421928983:821362539 | 539366472:781833785 | 66116369:351463201 | 209940841:201972446 | 173598076:643653593 | ","860618486:860614322 | 526033394:525856648 | 634357736:630437162 | 397441061:726208084 | 74695045:316555154 | 236243758:550547980 | 588477025:588283099 | 488504094:301092948 | 887083343:806402244 | "
569,"860618486:860614322 | 857928366:688074450 | 549538060:722565629 | 904738861:925844692 | 892876546:418882457 | 10707789:346588532 | 327639038:643291794 | ","118710876:510590864 | 902972868:876248336 | "
570,"273215751:273061447 | 718924959:718739463 | 616408452:909980995 | 189970719:111071496 | 241052076:557966963 | ","273215751:273061447 | 894127793:894121811 | 691874585:254491244 | "
571,"672133831:820413331 | 446880041:135409300 | 845825233:580168952 | ","443417408:837441483 | 196410274:915233673 | 435834860:960160277 | 774180460:120629137 | 239313637:182621128 | 57171049:84410439 | "
572,"740325961:336990810 | 199413588:556755683 | 375592179:478128777 | 548263858:798930868 | ","443417408:837441483 | 367520048:131597657 | 951667507:192300451 | 469982659:575076803 | 151384505:398226335 | 758897754:584921015 | 130307475:930055343 | "
573,"677906049:677776913 | 916302026:910895408 | 219305550:219301470 | 633104357:438519353 | 799850557:799683139 | 177087010:542008494 | 629751906:111818151 | 124919213:987176512 | 614644781:557951552 | ","560356461:412069793 | 258471530:80207320 | 207719974:137069780 | 213429375:47238817 | 671406253:281270037 | 241502395:718338215 | 505823439:912564630 | 318017115:572830450 | 227225158:459607161 | 701840392:514429248 | 784762553:214299735 | 336620897:521215148 | 904510157:237876338 | 195823310:967071818 | "
574,"560356461:412069793 | 259011411:80747201 | 337223819:905683565 | 929319567:696344944 | 197448249:292745475 | 240700173:12518226 | ","273215751:273061447 | 338790327:812636221 | 280883491:495067060 | "
575,"560356461:412069793 | 421928983:821362539 | 539366472:781833785 | 767572088:281916879 | 299820486:83416017 | 195683960:136538160 | ","677906049:677776913 | 390364824:222759610 | 952580063:948659657 | 975825274:970407090 | 11723983:834148384 | 794915173:608750432 | 699730659:202838076 | 966454722:463959948 | 162262909:706812115 | 717690603:526819929 | "
576,"860618486:860614322 | 886517542:716663626 | 513471630:391911846 | 877774433:564890797 | 265554923:811125496 | 912189914:144571914 | 609718421:609712813 | 385091512:595119749 | ","774810261:923089743 | 915126521:911475544 | "
577,"273215751:273061447 | 992048307:465894172 | ","677906049:677776913 | 916262082:910855464 | 180919366:180915286 | 380048510:373842476 | 347379868:342192158 | 133853089:19485277 | 654277544:83453839 | "
578,"677906049:677776913 | 383030742:314420761 | 511364212:389806116 | 831732330:874963152 | 401832426:240929648 | 28400708:946717882 | ","774810261:923089743 | 915126521:911475544 | "
579,"677906049:677776913 | 37369610:103192649 | 400747390:597757353 | 284390490:682046419 | 846998500:222676626 | 214466854:961175465 | 440577391:338172473 | ","560356461:412069793 | 49781404:309302301 | 497939881:593273236 | 530042581:277348772 | 537840343:646363595 | 315906473:81473726 | 768810377:780929028 | 728055126:719885264 | 893473627:80803291 | "
580,"579115614:727202862 | 204554701:493624237 | 545689195:545514789 | 279792547:279788467 | 991958249:793909863 | 140747905:134422593 | 560145358:359402480 | 421928983:821362539 | 539366472:781833785 | 194877298:139565906 | 481887551:772609977 | 37481695:430159462 | ","171097252:46996256 | 737108000:956590412 | 662762211:830510326 | 251171280:912616215 | 805631767:528606202 | 831801159:69090424 | 216322533:941884844 | 614644781:557951552 | "
581,"253542962:401822474 | 159006086:903256638 | 828417968:229659284 | 646303492:771643064 | 162152896:986224104 | 137046199:36849159 | 195823310:967071818 | ","443417408:837441483 | 367520048:131597657 | 951667507:192300451 | 469982659:575076803 | 299060980:823152656 | 458473275:55820924 | 828417968:229659284 | 760478161:805404125 | 971412791:738010800 | "
582,"560356461:412069793 | 421928983:821362539 | 539366472:781833785 | 767572088:281916879 | 299820486:83416017 | 195683960:136538160 | ","677906049:677776913 | 37369610:103192649 | 400747390:597757353 | 286203345:683859274 | 321355343:693815646 | 700769376:830197758 | 26517626:943197497 | "
583,"560356461:412069793 | 258471530:80207320 | 207719974:137069780 | 213429375:47238817 | 179513779:979104598 | 140747905:134422593 | 816757963:553958421 | 915126521:911475544 | ","443417408:837441483 | 367520048:131597657 | 951667507:192300451 | 469982659:575076803 | 820328279:344419916 | 912515428:747961792 | 517857138:86451176 | 269220270:558647818 | 917332926:311512557 | 136451393:623645858 | 909103057:923900102 | 402541435:712960198 | 195823310:967071818 | "
584,"579115614:727202862 | 204554701:493624237 | 545689195:545514789 | 279792547:279788467 | 991453150:793404764 | 893665048:697581302 | 397441061:726208084 | 74695045:316555154 | 236243758:550547980 | 588477025:588283099 | 488504094:301092948 | 887083343:806402244 | ","273215751:273061447 | 894169201:894163219 | 623757335:623751935 | 204329421:611099224 | 977752023:540945189 | 21574012:329585344 | 167911930:422349870 | 254452951:691913168 | 642526699:327442246 | 776848427:598849787 | 738293014:122787168 | 808889023:820191113 | 654589017:987955203 | 191283966:801499585 | 340126683:588424174 | "
585,"677906049:677776913 | 916413936:911007318 | 132383153:132256653 | 786222819:786013931 | 718924959:718739463 | 616408452:909980995 | 189970719:111071496 | 641169672:958084503 | ","443417408:837441483 | 392884594:79290514 | 556807317:348537026 | 891494709:445618804 | 939761354:124482448 | 191884350:457549067 | 579263814:86219671 | 195823310:967071818 | "
586,"579115614:727202862 | 204554701:493624237 | 545689195:545514789 | 279792547:279788467 | 991958249:793909863 | 140747905:134422593 | 295490664:32691152 | 159006086:903256638 | 828417968:229659284 | 35408175:920934840 | ","443417408:837441483 | 367520048:131597657 | 951667507:192300451 | 469982659:575076803 | 299060980:823152656 | 458473275:55820924 | 828417968:229659284 | 760478161:805404125 | 971412791:738010800 | "
587,"677906049:677776913 | 383030742:314420761 | 511364212:389806116 | 831732330:874963152 | 401832426:240929648 | 28400708:946717882 | ","860618486:860614322 | 526426583:526249837 | 297786418:529415708 | 772680736:764800207 | 413556950:271343192 | 718056673:867921810 | "
588,"273215751:273061447 | 787707356:153611862 | 775449020:148719925 | 337935694:188297552 | 611582655:430633029 | 195823310:967071818 | ","443417408:837441483 | 367520048:131597657 | 528738441:769371376 | 990265653:94848750 | 503763696:793828012 | 347191515:181777194 | 775449020:148719925 | 233441863:586043700 | 499769234:318819626 | 169585436:114369693 | 905165448:337206453 | 191283966:801499585 | 340126683:588424174 | "
589,"443417408:837441483 | 367508751:131586360 | 345918397:88727194 | 461958426:988684048 | 83285565:646953638 | 527374027:731653981 | 890103237:883878909 | 225635425:225450203 | 95853379:640674864 | ","201849299:593768611 | 974235234:979567017 | 382316803:190715167 | 545689195:545514789 | 279792547:279788467 | 732462776:592962804 | 855481230:90887876 | 630076442:334118022 | 313341092:349212698 | 838649581:832907691 | 964597159:336420713 | 952179864:118640145 | 191283966:801499585 | 340126683:588424174 | "
590,"860618486:860614322 | 440245030:270391114 | 826101928:822181504 | 288048111:233747508 | 108522774:750757734 | 833786360:894250204 | 194315729:164753708 | ","560356461:412069793 | 421928983:821362539 | 539366472:781833785 | 479446548:154279371 | 943376393:634098173 | 491539913:18423954 | "
591,"560308612:412021944 | 857184704:967226830 | ","376588530:768468518 | 96754728:276182786 | 480699952:481059239 | 297871480:191246542 | "
592,"579115614:727202862 | 204554701:493624237 | 545689195:545514789 | 279792547:279788467 | 923643575:864170257 | 549890828:471274438 | 621052018:664282840 | 887083343:806402244 | ","560356461:412069793 | 607854351:652976390 | 914081670:243961221 | 875877479:842031534 | 549890828:471274438 | 621052018:664282840 | 887083343:806402244 | "
593,"579115614:727202862 | 204554701:493624237 | 545689195:545514789 | 279792547:279788467 | 126310746:801811613 | 851861994:773245620 | 899267087:863501241 | 351578262:240137791 | 977806849:799372575 | 926840621:262721355 | 321094845:10605100 | ","303623853:706737170 | 781538717:660017070 | 212691820:16864356 | 620082456:98317042 | 201779174:123186682 | 64438587:36527490 | 198395205:491710632 | 388326161:592168321 | 10707789:346588532 | 784762553:214299735 | 437068873:159490580 | 654589017:987955203 | 191283966:801499585 | 340126683:588424174 | "
594,"369594723:772708026 | ","860618486:860614322 | 526033394:525856648 | 634357736:630437162 | 217148415:408926016 | 364235341:340356094 | 925149116:15354330 | 894978:814198385 | 990184725:812186087 | 327639038:643291794 | "
595,"560356461:412069793 | 421928983:821362539 | 539366472:781833785 | 479446548:154279371 | 943376393:634098173 | 790049678:678013680 | 311951547:192100433 | ","852652916:144542244 | 30068748:450524301 | 623169743:245688854 | 979718136:296384805 | 479881919:555779664 | 190031815:343265439 | 308488381:957470377 | 575550873:802150433 | 195823310:967071818 | "
596,"560356461:412069793 | 421928983:821362539 | 539366472:781833785 | 767572088:281916879 | 299820486:83416017 | 195683960:136538160 | ","254513013:407382003 | 786535865:517344148 | 853442171:663312925 | 41254683:277099466 | 831351389:943568347 | 85283950:885584189 | 520946295:386234400 | "
597,"560356461:412069793 | 258471530:80207320 | 207719974:137069780 | 213429375:47238817 | 179513779:979104598 | 140747905:134422593 | 786222819:786013931 | 338790327:812636221 | 280883491:495067060 | ","443417408:837441483 | 393210776:79616696 | 768313719:511122516 | 606487276:275447314 | 976802698:370808616 | 606950503:867427068 | 155971355:975021764 | 966303048:966126178 | 512843484:456150945 | 203690509:702414764 | 975759694:708843688 | 195823310:967071818 | "
598,"677906049:677776913 | 127616703:931855099 | 482016667:887209859 | 672202927:836235258 | 278653096:890279659 | 38677161:242519177 | 390773708:872811718 | ","273215751:273061447 | 911837636:733574600 | 523059511:535416168 | 796405678:383664163 | 689070458:218231843 | 198253083:703540790 | 653159678:850431757 | 346366347:185041711 | 390773708:872811718 | "
599,"860618486:860614322 | 526033394:525856648 | 634357736:630437162 | 217148415:408926016 | 364235341:340356094 | 925149116:15354330 | 894978:814198385 | 990184725:812186087 | 784762553:214299735 | 336620897:521215148 | 904510157:237876338 | 195823310:967071818 | ","677906049:677776913 | 545675322:545500916 | 861562043:861435573 | 411269197:59102576 | 972268917:773314809 | 169821052:748316066 | 696015347:534690855 | 581475057:408047253 | 799850557:799683139 | 177087010:542008494 | 629751906:111818151 | 124919213:987176512 | 614644781:557951552 | "
600,"860618486:860614322 | 570631790:305160413 | 46966882:279442452 | 248971784:639638460 | 250746347:362968540 | 630971426:1589642 | 534710245:338626769 | 734492016:854851844 | ","560356461:412069793 | 201906239:196155781 | 490654830:484337816 | 357449382:967313171 | 241291971:804960416 | 248971784:639638460 | 966912832:812438853 | 650287569:814397398 | 440297454:245167201 | 466845030:301960296 | 561267184:769344051 | 288743391:283001537 | 195127702:194995922 | 614644781:557951552 | "
601,"860618486:860614322 | 526234151:526057405 | 34378398:34374318 | 213634018:777210284 | 499739297:916384934 | ","317638732:16983799 | 276165886:632579410 | 545689195:545514789 | 279792547:279788467 | 991653907:793605521 | 873357912:873153872 | 719738062:713802696 | 322209648:317019044 | 18118647:749011794 | "
602,"677906049:677776913 | 915908837:910502219 | 634357736:630437162 | 365418870:694185893 | 617002752:426829696 | 987366772:327571953 | 530712887:343301607 | 466845030:301960296 | 561267184:769344051 | 482703731:964781537 | 160344969:234475381 | 195823310:967071818 | ","860618486:860614322 | 758905148:758899448 | 861562043:861435573 | 156805831:80929488 | 556684054:366506708 | 787306825:296300393 | 346404769:170411312 | 227054100:459436103 | 154834855:154649633 | 740470456:754684617 | 631086584:651985797 | 422949643:631026488 | 191283966:801499585 | 340126683:588424174 | "
603,"273215751:273061447 | 719095506:718910010 | 141483953:771468316 | 734702100:6106326 | 565591614:270820215 | 614644781:557951552 | ","443417408:837441483 | 393055141:79461061 | 56338709:14047279 | 778167401:191698561 | 382561156:547145141 | 501556900:767707452 | 481746242:940454577 | 421535364:44379891 | 195823310:967071818 | "
604,"677906049:677776913 | 37369610:103192649 | 400747390:597757353 | 284390490:682046419 | 846998500:222676626 | 214466854:961175465 | 440577391:338172473 | ","254463299:407332289 | 537452977:844302003 | "
605,"560356461:412069793 | 421928983:821362539 | 539366472:781833785 | 66116369:351463201 | 209940841:201972446 | 173598076:643653593 | ","56456287:52453029 | 159714224:466511354 | 828147262:737580062 | 470541729:935936636 | 927796095:886685326 | 25594452:361475193 | 14885124:853981309 | 990318419:918863159 | 917332926:311512557 | 229993218:333021490 | "
606,"273215751:273061447 | 718924959:718739463 | 616408452:909980995 | 189970719:111071496 | 241052076:557966963 | ","443417408:837441483 | 392884594:79290514 | 556807317:348537026 | 891494709:445618804 | 132601834:858955924 | "
607,"860618486:860614322 | 526033394:525856648 | 634357736:630437162 | 217148415:408926016 | 364235341:340356094 | 925149116:15354330 | 894978:814198385 | 990184725:812186087 | 327639038:643291794 | ","273215751:273061447 | 102064395:923801366 | 524933533:62025890 | "
608,"860618486:860614322 | 526386639:526209893 | 180919366:180915286 | 782568343:590181267 | 668316170:507436184 | 354473578:993137242 | 420971799:754628001 | 133149558:127759034 | 844252275:187594048 | ","253542962:401822474 | 159006086:903256638 | 828417968:229659284 | 35408175:920934840 | "
609,"860618486:860614322 | 526426583:526249837 | 297786418:529415708 | 772680736:764800207 | 413556950:271343192 | 718056673:867921810 | ","677906049:677776913 | 349872898:281262943 | 646676352:525143306 | 125805201:700732592 | 401832768:240929990 | 359144011:985623939 | 682909064:910479194 | 547547082:475969761 | "
610,"888572883:627511514 | 964137167:476082985 | ","860618486:860614322 | 526033394:525856648 | 634357736:630437162 | 397441061:726208084 | 74695045:316555154 | 236243758:550547980 | 588477025:588283099 | 488504094:301092948 | 887083343:806402244 | "
611,"677906049:677776913 | 915908837:910502219 | 634357736:630437162 | 110260540:302038139 | 972268917:773314809 | 153142460:642818318 | 379866003:181113599 | 101447859:44625996 | 881101324:516974874 | ","560356461:412069793 | 201856626:196106168 | 12633612:6316600 | 532735299:495287776 | "
612,"860618486:860614322 | 857928366:688074450 | 813335378:691777298 | 899267087:863501241 | 351578262:240137791 | 977806849:799372575 | 10707789:346588532 | 327639038:643291794 | ","774810261:923089743 | 915126521:911475544 | "
613,"560356461:412069793 | 201867317:196116859 | 879827622:986029268 | ","254513013:407382003 | 383207791:38264588 | 933458806:186452296 | 244788180:742554235 | 288090394:974229820 | "
614,"774810261:923089743 | 319842791:674563731 | 493225794:478296666 | 581666192:721536780 | 191283966:801499585 | 340126683:588424174 | ","443417408:837441483 | 367520048:131597657 | 951667507:192300451 | 469982659:575076803 | 820328279:344419916 | 912515428:747961792 | 517857138:86451176 | 269220270:558647818 | 917332926:311512557 | 136451393:623645858 | 909103057:923900102 | 402541435:712960198 | 195823310:967071818 | "
615,"273215751:273061447 | 114949350:936686321 | 14885124:853981309 | 699852707:484739605 | ","672133831:820413331 | 446880041:135409300 | 845825233:580168952 | "
616,"677906049:677776913 | 528226464:332464851 | 219785010:215863782 | 743513670:707747828 | 288732911:300727220 | 19885181:960738748 | 235514575:16904613 | 203690509:702414764 | 975759694:708843688 | 195823310:967071818 | ","387568291:22023368 | 195740186:361775513 | 663453988:656957841 | 406273334:400522874 | 934467758:767954120 | 264573520:68489890 | 657507083:380341905 | 289121809:301116118 | 202100997:368561289 | 195823310:967071818 | "
617,"458395549:850275537 | 736191265:210007986 | 997938993:200261576 | 548263858:798930868 | ","672133831:820413331 | 446880041:135409300 | 845825233:580168952 | "
618,"253542962:401822474 | 159006086:903256638 | 828417968:229659284 | 35408175:920934840 | ","888441660:627380291 | 69420524:581599271 | "
619,"443417408:837441483 | 367508751:131586360 | 345918397:88727194 | 886306254:709749016 | 19898873:19694831 | 782568343:590181267 | 668316170:507436184 | 354473578:993137242 | 420971799:754628001 | 133149558:127759034 | 873804947:217146720 | ","560356461:412069793 | 706081055:394176288 | 565399867:669981937 | 319927396:907185868 | 167080455:654425780 | 452214893:44952588 | 505432583:500242907 | 644926272:443499482 | 994244767:806296331 | 605363701:605173499 | 103525234:103353328 | 893891965:893724533 | 443944884:371118326 | 696680598:226269276 | "
620,"254513013:407382003 | 383207791:38264588 | 933458806:186452296 | 244788180:742554235 | 288090394:974229820 | ","860618486:860614322 | 825115087:559643688 | 358814742:590619748 | 330925853:408209220 | 335840637:953795592 | 137058475:92398232 | 363382553:777401877 | 202203398:14792252 | 100514168:528018907 | "
621,"860618486:860614322 | 430902746:261048830 | 848167067:844246661 | 402871785:995674069 | 948653203:787772883 | 842188319:19775242 | 708897440:897022650 | ","820849454:298378775 | 736427194:677599264 | 392757192:613926741 | 522857369:697840109 | 892216615:696389159 | 158108967:454500556 | "
622,"579115614:727202862 | 204554701:493624237 | 545689195:545514789 | 279792547:279788467 | 991958249:793909863 | 140747905:134422593 | 816757963:553958421 | 915126521:911475544 | ","443417408:837441483 | 367520048:131597657 | 951667507:192300451 | 469982659:575076803 | 820328279:344419916 | 912515428:747961792 | 517857138:86451176 | 269220270:558647818 | 917332926:311512557 | 136451393:623645858 | 639863476:245498018 | 325107972:129992346 | 614644781:557951552 | "
623,"677906049:677776913 | 101200844:905439240 | 293179005:171646367 | 23528340:604464261 | 498055186:511331365 | 549091731:354380082 | 447078854:189380081 | 889189067:332605326 | ","820849454:298378775 | 714382075:486677948 | 277568857:156063780 | 473823907:108143820 | 257994333:667565310 | 440631464:239530840 | 211066715:42720183 | 831356415:661932354 | "
624,"273215751:273061447 | 87105678:908842649 | 245822902:257855831 | 284372138:601363421 | 179513779:979104598 | 140747905:134422593 | 87619099:756561056 | 96754728:276182786 | 480699952:481059239 | 327424152:220799214 | ","443417408:837441483 | 587049062:223140137 | 225483619:480121986 | 953066614:298340490 | 493232157:187835332 | 230771804:909527838 | 155792797:993013641 | 461372998:131692350 | 191283966:801499585 | 340126683:588424174 | "
625,"560356461:412069793 | 201856626:196106168 | 12633612:6316600 | 532735299:495287776 | ","254513013:407382003 | 383207791:38264588 | 933458806:186452296 | 244788180:742554235 | 288090394:974229820 | "
626,"677906049:677776913 | 37369610:103192649 | 400747390:597757353 | 286203345:683859274 | 321355343:693815646 | 700769376:830197758 | 26517626:943197497 | ","860618486:860614322 | 526386639:526209893 | 180919366:180915286 | 782568343:590181267 | 668316170:507436184 | 354473578:993137242 | 420971799:754628001 | 133149558:127759034 | 844252275:187594048 | "
627,"672133831:820413331 | 446880041:135409300 | 845825233:580168952 | ","860618486:860614322 | 30364939:764893559 | 895958120:915847875 | 989572722:430060652 | 44715265:454114481 | 459376874:473696943 | 606676760:865520549 | "
628,"443417408:837441483 | 367508751:131586360 | 345918397:88727194 | 886458108:709900870 | 140747905:134422593 | 560145358:359402480 | 421928983:821362539 | 539366472:781833785 | 864046238:783863813 | 530307341:942680331 | 523773797:319167009 | ","303717260:456586410 | 941625842:820106603 | 838229269:577866320 | 872209878:647454042 | 279983747:310860538 | "
629,"560356461:412069793 | 259011411:80747201 | 337223819:905683565 | 929319567:696344944 | 197448249:292745475 | 240700173:12518226 | ","894943403:633866356 | 221189842:679836705 | 884887512:37025680 | 734409905:43067774 | 535666976:82448938 | 57684373:792711940 | 490344242:642535076 | 929812619:751812811 | 414631838:308426114 | "
630,"273215751:273061447 | 87105678:908842649 | 245822902:257855831 | 284372138:601363421 | 179513779:979104598 | 140747905:134422593 | 560145358:359402480 | 201888402:196137944 | 959272428:952955416 | 208743414:873355144 | ","443417408:837441483 | 367520048:131597657 | 312591448:772214576 | 918473085:906857604 | 870516579:705767635 | 256072283:991724075 | 922245011:237178902 | 424100308:884415715 | 515590:358292967 | 191283966:801499585 | 340126683:588424174 | "
631,"273215751:273061447 | 718924959:718739463 | 616408452:909980995 | 189970719:111071496 | 556162972:727676358 | 917929408:691573027 | ","443417408:837441483 | 392884594:79290514 | 556807317:348537026 | 891494709:445618804 | 939761354:124482448 | 917929408:691573027 | "
632,"273215751:273061447 | 719095506:718910010 | 141483953:771468316 | 627284128:89228278 | ","443417408:837441483 | 393055141:79461061 | 56338709:14047279 | 778167401:191698561 | 382561156:547145141 | 501556900:767707452 | 838170078:612840950 | 387073633:338489257 | 614644781:557951552 | "
633,"273215751:273061447 | 338790327:812636221 | 280883491:495067060 | ","443417408:837441483 | 393210776:79616696 | 768313719:511122516 | 606487276:275447314 | 976802698:370808616 | 606950503:867427068 | 155971355:975021764 | 966303048:966126178 | 898147962:140679232 | "
634,"677906049:677776913 | 915908837:910502219 | 634357736:630437162 | 110260540:302038139 | 972268917:773314809 | 153142460:642818318 | 379866003:181113599 | 101447859:44625996 | 881101324:516974874 | ","860618486:860614322 | 430902746:261048830 | 848167067:844246661 | 402871785:995674069 | 948653203:787772883 | 842188319:19775242 | 708897440:897022650 | "
635,"677906049:677776913 | 915908837:910502219 | 634357736:630437162 | 110260540:302038139 | 972268917:773314809 | 153142460:642818318 | 379866003:181113599 | 101447859:44625996 | 318745204:984418551 | 403651168:33286451 | 672870783:880947632 | 195823310:967071818 | ","860618486:860614322 | 758905148:758899448 | 861562043:861435573 | 518157072:165990453 | 39039587:298782933 | 731854901:508084144 | 38111017:357217899 | 651245424:477817620 | 444391197:332951034 | 302139697:779847295 | 399282648:849665437 | "
636,"560356461:412069793 | 258471530:80207320 | 207719974:137069780 | 213429375:47238817 | 367180543:773950346 | 544113900:468632266 | 440834819:204724347 | 785541408:558662625 | 694000854:586176398 | 862390148:400806374 | ","860618486:860614322 | 929747171:811751837 | 487803319:923858223 | 616686278:217515067 | 621452757:205781241 | 383306528:350332067 | 513858662:305475060 | 250746005:362968198 | 571672641:735782470 | 482703731:964781537 | 160344969:234475381 | 195823310:967071818 | "
637,"860618486:860614322 | 304226175:298747017 | 952580063:948659657 | 975825274:970407090 | 356610017:356604057 | 676279636:688741905 | 20844622:128278080 | 827126140:655030072 | 990184725:812186087 | 279962656:58050236 | ","273215751:273061447 | 338790327:812636221 | 280883491:495067060 | "
638,"677906049:677776913 | 91362664:964453044 | 273689382:450030551 | 201107817:492444813 | 299041376:187659001 | 787784351:494943326 | 265949781:969577915 | ","273215751:273061447 | 894169201:894163219 | 623757335:623751935 | 326233668:232009914 | 154333696:185033802 | 36729346:859428331 | 464896532:828990774 | 543368319:156030057 | "
639,"443417408:837441483 | 367508751:131586360 | 345918397:88727194 | 886458108:709900870 | 140747905:134422593 | 40704709:893919936 | 199413588:556755683 | 375592179:478128777 | 548263858:798930868 | ","443417408:837441483 | 367520048:131597657 | 951667507:192300451 | 469982659:575076803 | 151384505:398226335 | 758897754:584921015 | 617106695:900969533 | 647899415:469901679 | 725958444:721637430 | 191283966:801499585 | 340126683:588424174 | "
640,"469688335:464904895 | 896408507:896402525 | 135961714:96147472 | ","400214179:230412545 | 848461631:619658165 | 287758075:742005072 | "
641,"118710876:510590864 | 902972868:876248336 | ","458278041:850158029 | 719251878:911208065 | "
642,"677906049:677776913 | 37369610:103192649 | 400747390:597757353 | 679792246:334732573 | 771409721:610517795 | ","560356461:412069793 | 49781404:309302301 | 497939881:593273236 | 399712636:18677611 | 534720501:436219117 | 150305058:897495612 | 533841175:457492576 | "
643,"677906049:677776913 | 110543128:914781524 | 826101928:822181504 | 687900623:357979393 | 857971411:697097573 | 427454941:892419049 | ","860618486:860614322 | 304450438:298971280 | 888960483:121435674 | 527374027:731653981 | 890103237:883878909 | 225603649:225418427 | 275981930:822551897 | "
644,"860618486:860614322 | 440245030:270391114 | 826101928:822181504 | 288048111:233747508 | 108522774:750757734 | 833786360:894250204 | 194315729:164753708 | ","677906049:677776913 | 383030742:314420761 | 511364212:389806116 | 831732330:874963152 | 401832426:240929648 | 28400708:946717882 | "
645,"273215751:273061447 | 945379224:551608033 | 117502479:379264672 | 172883171:259277791 | ","273215751:273061447 | 718924959:718739463 | 616408452:909980995 | 189970719:111071496 | 241052076:557966963 | "
646,"860618486:860614322 | 758899335:758893635 | 825311940:543541594 | 841691230:947775193 | 70687510:496658146 | 726151365:719826093 | 279089973:826236366 | ","560356461:412069793 | 298208657:629160944 | 450625683:708536444 | 585802187:65053432 | 643400568:253264338 | 157709065:992085325 | 466457865:898641089 | 60498988:486469624 | 993388366:987646472 | 887019869:65986120 | "
647,"254463299:407332289 | 537452977:844302003 | ","273215751:273061447 | 945379224:551608033 | 117502479:379264672 | 172883171:259277791 | "
648,"860618486:860614322 | 457318605:287464689 | 233807384:229886926 | 182774089:499946652 | 918431431:913241893 | 913898296:908451208 | 776848427:598849787 | 738293014:122787168 | 690839438:320963007 | 472551898:472361686 | 614644781:557951552 | ","273215751:273061447 | 911837636:733574600 | 523059511:535416168 | 796405678:383664163 | 62706251:550071802 | 626495720:278412620 | 967812215:967644797 | 883704109:883513575 | 776848427:598849787 | 738293014:122787168 | 300392606:644880650 | "
649,"585384166:492481745 | 138459731:938445601 | 304682637:754034672 | 235381730:791106155 | 167710939:21559442 | 854712178:619324572 | 195823310:967071818 | ","560356461:412069793 | 48077786:379030037 | 773925151:273340554 | 479819840:935690143 | 357692219:100396719 | 515133024:317643253 | 284657396:306225262 | 401658068:513045570 | 835771393:663436545 | 135107154:222030999 | 614644781:557951552 | "
650,"860618486:860614322 | 526426583:526249837 | 219305550:219301470 | 633104357:438519353 | 799850557:799683139 | 889814934:202380764 | ","560356461:412069793 | 258471530:80207320 | 207719974:137069780 | 213429375:47238817 | 671406253:281270037 | 241502395:718338215 | 505823439:912564630 | 318017115:572830450 | 227225158:459607161 | 701840392:514429248 | 784762553:214299735 | 336620897:521215148 | 904510157:237876338 | 195823310:967071818 | "
651,"860618486:860614322 | 526538493:526361747 | 132383153:132256653 | 829741452:498683402 | 902972868:876248336 | ","736615292:856640234 | 710375883:73297715 | 895611222:620372966 | 192128930:443005722 | 223704419:792089074 | 54158609:25043550 | 493225794:478296666 | 581666192:721536780 | 191283966:801499585 | 340126683:588424174 | "
652,"774810261:923089743 | 915126521:911475544 | ","443417408:837441483 | 367520048:131597657 | 951667507:192300451 | 469982659:575076803 | 820328279:344419916 | 912515428:747961792 | 517857138:86451176 | 269220270:558647818 | 917332926:311512557 | 136451393:623645858 | 274718567:806144205 | "
653,"579115614:727202862 | 204554701:493624237 | 545689195:545514789 | 279792547:279788467 | 890485731:831012439 | 685202968:606611628 | 125805201:700732592 | 401832768:240929990 | 547500127:507183197 | 844006802:407787018 | 173586853:718941686 | 992882686:6024431 | ","860618486:860614322 | 570631790:305160413 | 646676352:525143306 | 209672376:784599769 | 7989368:179491666 | 640309274:189374564 | 129147325:128088070 | 487458448:309315752 | 328839301:328667725 | 80115236:901976765 | 696680598:226269276 | "
654,"273215751:273061447 | 992048307:465894172 | ","677906049:677776913 | 238259780:42498167 | 994763584:514252545 | 202467479:131365755 | 694149600:827983682 | "
655,"579115614:727202862 | 204554701:493624237 | 545689195:545514789 | 279792547:279788467 | 696907570:372408430 | 822636350:626552776 | 274745353:72281746 | 864586396:703709808 | 546758507:573149530 | ","560356461:412069793 | 258471530:80207320 | 207719974:137069780 | 213429375:47238817 | 798452883:871284882 | 530193772:861261001 | 709029988:428341344 | 257777239:499559433 | 189332866:366270401 | 274745353:72281746 | 87101919:87096519 | 753092264:747618678 | 518230648:776408818 | "
656,"677906049:677776913 | 37369610:103192649 | 589827229:495350476 | 179841397:978720935 | 79641362:918920019 | 903648689:709621467 | 614644781:557951552 | ","560356461:412069793 | 706081055:394176288 | 565399867:669981937 | 15859331:760575620 | 987737238:986255167 | 277189181:152134880 | 607134363:557375279 | 458999797:194027353 | 191283966:801499585 | 340126683:588424174 | "
657,"579115614:727202862 | 204554701:493624237 | 545689195:545514789 | 279792547:279788467 | 991958249:793909863 | 140747905:134422593 | 786222819:786013931 | 718924959:718739463 | 616408452:909980995 | 189970719:111071496 | 641169672:958084503 | ","443417408:837441483 | 392884594:79290514 | 556807317:348537026 | 891494709:445618804 | 939761354:124482448 | 629751906:111818151 | 124919213:987176512 | 614644781:557951552 | "
658,"443417408:837441483 | 367508751:131586360 | 345918397:88727194 | 885953009:709395771 | 491106636:111827548 | 227849802:673119964 | 350854775:724729833 | 509196371:233001698 | ","201849299:593768611 | 974235234:979567017 | 851821692:912171008 | 491892985:324287723 | 578003589:572647165 | 506989833:487383087 | 441601660:419957335 | 844973597:556359658 | 970067212:343960423 | 313341092:349212698 | 614644781:557951552 | "
659,"560356461:412069793 | 258471530:80207320 | 207719974:137069780 | 213429375:47238817 | 179513779:979104598 | 140747905:134422593 | 560145358:359402480 | 259011411:80747201 | 337223819:905683565 | 929319567:696344944 | 197448249:292745475 | 240700173:12518226 | ","894943403:633866356 | 221189842:679836705 | 884887512:37025680 | 734409905:43067774 | 535666976:82448938 | 57684373:792711940 | 490344242:642535076 | 929812619:751812811 | 206923607:751884718 | 382919185:549169138 | "
660,"677906049:677776913 | 916302026:910895408 | 219305550:219301470 | 633104357:438519353 | 799850557:799683139 | 489697338:802263233 | ","860618486:860614322 | 758899335:758893635 | 825311940:543541594 | 841691230:947775193 | 70687510:496658146 | 726151365:719826093 | 279089973:826236366 | "
661,"677906049:677776913 | 390364824:222759610 | 952580063:948659657 | 975825274:970407090 | 356610017:356604057 | 676279636:688741905 | 20844622:128278080 | 827126140:655030072 | 906317550:728318910 | 943944195:266935507 | ","677906049:677776913 | 916322238:910915620 | 653722335:214990170 | 906223901:891689369 | 22172788:866881086 | 457098915:456035468 | 37926942:117541210 | 470881070:583703830 | 64470012:617084782 | 943303482:994246777 | 673759562:781186880 | 950235951:185842087 | 329342674:836298536 | 191283966:801499585 | 340126683:588424174 | "
662,"410783682:907296383 | 457153136:358849603 | ","860618486:860614322 | 758899335:758893635 | 825311940:543541594 | 841691230:947775193 | 70687510:496658146 | 726151365:719826093 | 279089973:826236366 | "
663,"273215751:273061447 | 97858105:919595076 | 474256570:846661689 | 781191296:266624033 | 5009661:4818183 | 614644781:557951552 | ","560356461:412069793 | 7481841:338434104 | 778472855:882869091 | 970886246:81368891 | 699635810:512224664 | 474256570:846661689 | 781191296:266624033 | 316863359:891404903 | 928277199:987846819 | 804954071:824442246 | 614644781:557951552 | "
664,"860618486:860614322 | 304450438:298971280 | 888960483:121435674 | 527374027:731653981 | 890103237:883878909 | 225603649:225418427 | 275981930:822551897 | ","677906049:677776913 | 37369610:103192649 | 589827229:495350476 | 575083335:340348778 | "
665,"677906049:677776913 | 915908837:910502219 | 634357736:630437162 | 250752951:579519974 | 604633735:414467511 | 80709155:904700712 | 202203398:14792252 | 938726268:339613514 | 145504327:661994488 | ","560356461:412069793 | 706081055:394176288 | 856948819:666774047 | 245620639:743418484 | 613981801:576154917 | 194129842:634440995 | 604633735:414467511 | 80709155:904700712 | 202203398:14792252 | 938726268:339613514 | 145504327:661994488 | "
666,"560356461:412069793 | 421928983:821362539 | 539366472:781833785 | 479446548:154279371 | 943376393:634098173 | 790049678:678013680 | 311951547:192100433 | ","852652916:144542244 | 30068748:450524301 | 623169743:245688854 | 979718136:296384805 | 479881919:555779664 | 190031815:343265439 | 564960884:683402562 | 325629733:552229289 | 191283966:801499585 | 340126683:588424174 | "
667,"560356461:412069793 | 421928983:821362539 | 539366472:781833785 | 479446548:154279371 | 943376393:634098173 | 491539913:18423954 | ","273215751:273061447 | 97858105:919595076 | 701953635:246512188 | "
668,"579115614:727202862 | 204554701:493624237 | 545689195:545514789 | 279792547:279788467 | 991958249:793909863 | 140747905:134422593 | 786222819:786013931 | 338790327:812636221 | 280883491:495067060 | ","443417408:837441483 | 393210776:79616696 | 768313719:511122516 | 606487276:275447314 | 976802698:370808616 | 606950503:867427068 | 155971355:975021764 | 966303048:966126178 | 512843484:456150945 | 60565436:458587005 | 177700137:520445704 | 614644781:557951552 | "
669,"585384166:492481745 | 138459731:938445601 | 304682637:754034672 | 296833644:524290652 | ","860618486:860614322 | 304226175:298747017 | 952580063:948659657 | 975825274:970407090 | 356610017:356604057 | 676279636:688741905 | 20844622:128278080 | 827126140:655030072 | 990184725:812186087 | 279962656:58050236 | "
670,"560356461:412069793 | 258471530:80207320 | 207719974:137069780 | 213429375:47238817 | 462945092:869714895 | 353823045:929536377 | 398125422:313217098 | 745054676:396040733 | ","560356461:412069793 | 201871102:196120644 | 304830962:410824336 | 790080915:955253050 | 629949613:426258458 | 305248261:461984115 | 68176268:901379871 | 32277544:226298204 | 605500672:256486707 | 191283966:801499585 | 340126683:588424174 | "
671,"443417408:837441483 | 367508751:131586360 | 345918397:88727194 | 886458108:709900870 | 140747905:134422593 | 786222819:786013931 | 894159569:894153587 | 588338285:470664106 | ","443417408:837441483 | 393210776:79616696 | 768313719:511122516 | 363088720:356613144 | 893286281:330790041 | 268181753:771904939 | 563767016:893509523 | 170861218:40264989 | 195823310:967071818 | "
672,"273215751:273061447 | 787707356:153611862 | 38919515:610317702 | ","677906049:677776913 | 915908837:910502219 | 634357736:630437162 | 457128748:402233915 | 404420742:412061030 | 388279454:531584987 | 479720299:479523703 | 641631939:463633299 | "
673,"579115614:727202862 | 204554701:493624237 | 545689195:545514789 | 279792547:279788467 | 991958249:793909863 | 140747905:134422593 | 786222819:786013931 | 338790327:812636221 | 280883491:495067060 | ","443417408:837441483 | 393210776:79616696 | 768313719:511122516 | 606487276:275447314 | 976802698:370808616 | 606950503:867427068 | 155971355:975021764 | 966303048:966126178 | 512843484:456150945 | 203690509:702414764 | 975759694:708843688 | 195823310:967071818 | "
674,"677906049:677776913 | 37369610:103192649 | 400747390:597757353 | 286203345:683859274 | 321355343:693815646 | 700769376:830197758 | 26517626:943197497 | ","273215751:273061447 | 154917600:628763480 | 990069914:314630298 | "
675,"860618486:860614322 | 526538493:526361747 | 132383153:132256653 | 295490664:32691152 | 159006086:903256638 | 828417968:229659284 | 35408175:920934840 | ","443417408:837441483 | 367520048:131597657 | 951667507:192300451 | 469982659:575076803 | 299060980:823152656 | 458473275:55820924 | 828417968:229659284 | 760478161:805404125 | 139819464:621908372 | 299845748:183874474 | 191283966:801499585 | 340126683:588424174 | "
676,"80306601:228586115 | 808903072:244035492 | ","560356461:412069793 | 421928983:821362539 | 539366472:781833785 | 767572088:281916879 | 299820486:83416017 | 195683960:136538160 | "
677,"677906049:677776913 | 390364824:222759610 | 851459925:902571621 | 303944604:241560670 | 872588948:733226491 | 794915173:608750432 | 699730659:202838076 | 12537889:75240430 | 732765707:732598269 | 505888282:270512634 | 482703731:964781537 | 160344969:234475381 | 195823310:967071818 | ","860618486:860614322 | 526446795:526270049 | 400608043:400481549 | 550340303:550136665 | 53923507:53738725 | 555630360:996269307 | 325627742:553928444 | 387989317:938035332 | 34448370:457302332 | 279940165:73334393 | 71294699:708906370 | 4011496:3802192 | 614644781:557951552 | "
678,"860618486:860614322 | 526538493:526361747 | 132383153:132256653 | 714081533:451282009 | 446880041:135409300 | 845825233:580168952 | ","443417408:837441483 | 196410274:915233673 | 435834860:960160277 | 774180460:120629137 | 239313637:182621128 | 421199067:228529369 | 852337801:407554457 | "
679,"860618486:860614322 | 457318605:287464689 | 482016667:887209859 | 672202927:836235258 | 278653096:890279659 | 38677161:242519177 | 390773708:872811718 | ","273215751:273061447 | 911837636:733574600 | 523059511:535416168 | 796405678:383664163 | 689070458:218231843 | 198253083:703540790 | 653159678:850431757 | 346366347:185041711 | 819057220:641058446 | 466845030:301960296 | 931978183:926647987 | 614644781:557951552 | "
680,"585384166:492481745 | 138459731:938445601 | 304682637:754034672 | 296833644:524290652 | ","560356461:412069793 | 48077786:379030037 | 773925151:273340554 | 479819840:935690143 | 357692219:100396719 | 515133024:317643253 | 284657396:306225262 | 451400087:904412598 | "
681,"273215751:273061447 | 894127793:894121811 | 691874585:254491244 | ","273215751:273061447 | 719095506:718910010 | 386002578:915517652 | "
682,"273215751:273061447 | 291633830:765479706 | 961841611:339311251 | 427046045:789861610 | 492846212:883408388 | ","560356461:412069793 | 421928983:821362539 | 539366472:781833785 | 479446548:154279371 | 943376393:634098173 | 491539913:18423954 | "
683,"560356461:412069793 | 421928983:821362539 | 539366472:781833785 | 479463750:154296573 | 829784523:520506271 | 716206248:333461544 | ","54371985:50368727 | 49091513:43612333 | 313426008:172047146 | 580105426:151623149 | 101024072:609790970 | 804635987:151705069 | "
684,"560356461:412069793 | 421928983:821362539 | 539366472:781833785 | 479463750:154296573 | 829784523:520506271 | 313426008:172047146 | 870996916:137156060 | ","54371985:50368727 | 49091513:43612333 | 313426008:172047146 | 580105426:151623149 | 101024072:609790970 | 219504386:650055006 | 212164183:702845327 | "
685,"677906049:677776913 | 390364824:222759610 | 851459925:902571621 | 303944604:241560670 | 872588948:733226491 | 794915173:608750432 | 699730659:202838076 | 12537889:75240430 | 732765707:732598269 | 682536700:385891645 | ","273215751:273061447 | 992048307:465894172 | "
686,"677906049:677776913 | 127616703:931855099 | 482016667:887209859 | 672202927:836235258 | 278653096:890279659 | 38677161:242519177 | 390773708:872811718 | ","677906049:677776913 | 915908837:910502219 | 634357736:630437162 | 365418870:694185893 | 617002752:426829696 | 987366772:327571953 | 530712887:343301607 | 466845030:301960296 | 399282648:849665437 | "
687,"677906049:677776913 | 528226464:332464851 | 219785010:215863782 | 743513670:707747828 | 288732911:300727220 | 19885181:960738748 | 300951839:524043066 | ","860618486:860614322 | 526033394:525856648 | 634357736:630437162 | 397441061:726208084 | 74695045:316555154 | 236243758:550547980 | 588477025:588283099 | 488504094:301092948 | 887083343:806402244 | "
688,"860618486:860614322 | 886517542:716663626 | 513471630:391911846 | 877774433:564890797 | 265554923:811125496 | 912189914:144571914 | 609718421:609712813 | 385091512:595119749 | ","560356461:412069793 | 357821469:758642661 | 994035620:722257316 | 513425096:59613662 | 127069504:482453680 | 323952652:776989099 | 459759775:258387437 | 164128287:256906431 | 270012646:931697790 | 541095833:205941477 | "
689,"585384166:492481745 | 138459731:938445601 | 304682637:754034672 | 296833644:524290652 | ","273215751:273061447 | 787707356:153611862 | 38919515:610317702 | "
690,"860618486:860614322 | 526092667:525915921 | 850780632:850654160 | 108496811:365008010 | 164128287:256906431 | 369227270:881466538 | ","560356461:412069793 | 421928983:821362539 | 539366472:781833785 | 863062174:782879749 | 726544360:138919159 | 985107227:913855830 | "
691,"443417408:837441483 | 367508751:131586360 | 345918397:88727194 | 886458108:709900870 | 140747905:134422593 | 560145358:359402480 | 201899093:196148635 | 699699071:804152235 | ","443417408:837441483 | 367520048:131597657 | 420199125:976115727 | 856056025:349798585 | 780638981:288098693 | 372789132:218270582 | 723831774:717872908 | 614644781:557951552 | "
692,"560356461:412069793 | 421928983:821362539 | 539366472:781833785 | 479446548:154279371 | 943376393:634098173 | 491539913:18423954 | ","677906049:677776913 | 101200844:905439240 | 293179005:171646367 | 23528340:604464261 | 498055186:511331365 | 549091731:354380082 | 447078854:189380081 | 889189067:332605326 | "
693,"677906049:677776913 | 623991013:428229400 | 54560917:58273067 | 398125422:313217098 | 120776438:593388896 | 242604112:724667524 | 75891783:935418664 | 191283966:801499585 | 340126683:588424174 | ","560356461:412069793 | 201871102:196120644 | 304830962:410824336 | 790080915:955253050 | 629949613:426258458 | 305248261:461984115 | 68176268:901379871 | 97756659:297563779 | 855421812:506407851 | 195823310:967071818 | "
694,"860618486:860614322 | 30364939:764893559 | 895958120:915847875 | 989572722:430060652 | 44715265:454114481 | 459376874:473696943 | 606676760:865520549 | ","560356461:412069793 | 259011411:80747201 | 337223819:905683565 | 929319567:696344944 | 822864497:438841825 | 516211097:327451902 | "
695,"443417408:837441483 | 367508751:131586360 | 345918397:88727194 | 886458108:709900870 | 140747905:134422593 | 829741452:498683402 | 902972868:876248336 | ","736615292:856640234 | 710375883:73297715 | 895611222:620372966 | 192128930:443005722 | 223704419:792089074 | 54158609:25043550 | 517857138:86451176 | 169974845:985762838 | 614644781:557951552 | "
696,"253542962:401822474 | 159006086:903256638 | 828417968:229659284 | 35408175:920934840 | ","443417408:837441483 | 367520048:131597657 | 951667507:192300451 | 469982659:575076803 | 299060980:823152656 | 458473275:55820924 | 828417968:229659284 | 574822893:967527722 | "
697,"560356461:412069793 | 421928983:821362539 | 539366472:781833785 | 863034980:782852555 | 612314461:24689310 | 833758716:11393909 | ","303690066:456559216 | 827395943:705876754 | 704314800:903593358 | 594252567:267506477 | 630708815:900446390 | 885977135:151351310 | 753031358:347111177 | "
698,"860618486:860614322 | 526386639:526209893 | 180919366:180915286 | 380080286:373874252 | 67275674:62086144 | 549868050:381297308 | 54395133:483571379 | ","560356461:412069793 | 706081055:394176288 | 856948819:666774047 | 995705978:791527150 | 857359184:857155144 | 558509657:552603841 | 347379868:342192158 | 628682115:497217512 | 558804718:870715122 | "
699,"273215751:273061447 | 894127793:894121811 | 893286281:330790041 | 523508143:261010420 | ","443417408:837441483 | 393210776:79616696 | 768313719:511122516 | 363088720:356613144 | 893286281:330790041 | 268181753:771904939 | 563767016:893509523 | 170861218:40264989 | 195823310:967071818 | "
700,"860618486:860614322 | 526426583:526249837 | 798472118:798345626 | 455337241:459148730 | 466845030:301960296 | 399282648:849665437 | ","677906049:677776913 | 916302026:910895408 | 219305550:219301470 | 633104357:438519353 | 799850557:799683139 | 489697338:802263233 | "
701,"273215751:273061447 | 383355654:72578373 | 652614521:95841864 | ","560356461:412069793 | 259011411:80747201 | 337223819:905683565 | 929319567:696344944 | 822864497:438841825 | 516211097:327451902 | "
702,"469688335:464904895 | 896408507:896402525 | 135961714:96147472 | ","677906049:677776913 | 916302026:910895408 | 219305550:219301470 | 633104357:438519353 | 799850557:799683139 | 489697338:802263233 | "
703,"677906049:677776913 | 349872898:281262943 | 646676352:525143306 | 125805201:700732592 | 401832768:240929990 | 547500127:507183197 | 844006802:407787018 | 173586853:718941686 | 869784843:741176513 | 288743391:283001537 | 195127702:194995922 | 614644781:557951552 | ","860618486:860614322 | 570631790:305160413 | 646676352:525143306 | 209672376:784599769 | 7989368:179491666 | 640309274:189374564 | 129147325:128088070 | 487458448:309315752 | 328839301:328667725 | 80115236:901976765 | 482703731:964781537 | 160344969:234475381 | 195823310:967071818 | "
704,"888572883:627511514 | 964137167:476082985 | ","410783682:907296383 | 457153136:358849603 | "
705,"888441660:627380291 | 69420524:581599271 | ","860618486:860614322 | 526033394:525856648 | 191844508:240564247 | 227849802:673119964 | 350854775:724729833 | 508211315:232016642 | "
706,"273215751:273061447 | 87105678:908842649 | 245822902:257855831 | 284372138:601363421 | 179361925:978952744 | 19898873:19694831 | 380080286:373874252 | 67275674:62086144 | 549868050:381297308 | 54395133:483571379 | ","560356461:412069793 | 706081055:394176288 | 856948819:666774047 | 995705978:791527150 | 857359184:857155144 | 558509657:552603841 | 347379868:342192158 | 628682115:497217512 | 469638863:286152101 | 397373046:48565403 | 329342674:836298536 | 191283966:801499585 | 340126683:588424174 | "
707,"560308612:412021944 | 834102736:773136354 | 176609971:562820931 | 88212017:636447043 | 195823310:967071818 | ","443417408:837441483 | 367472199:131549808 | 377571835:613311296 | 835771393:663436545 | 188321856:882961025 | 917332926:311512557 | 229993218:333021490 | "
708,"443417408:837441483 | 367508751:131586360 | 345918397:88727194 | 415670933:409975539 | 943925889:232464578 | 151828308:847440334 | 364522072:420900578 | 727136453:720811181 | 499079018:44476864 | ","560356461:412069793 | 298208657:629160944 | 450625683:708536444 | 585802187:65053432 | 643400568:253264338 | 157709065:992085325 | 466457865:898641089 | 60498988:486469624 | 993388366:987646472 | 887019869:65986120 | "
709,"860618486:860614322 | 428525183:258671267 | 563329038:559408636 | 274745353:72281746 | 864586396:703709808 | 545773451:572164474 | ","560356461:412069793 | 259011411:80747201 | 337223819:905683565 | 929319567:696344944 | 822864497:438841825 | 516211097:327451902 | "
710,"860618486:860614322 | 526426583:526249837 | 798472118:798345626 | 455337241:459148730 | 466845030:301960296 | 399282648:849665437 | ","560356461:412069793 | 673063796:4016072 | 41026793:296398138 | 225355611:52889888 | 179401869:978992688 | 806836870:800511566 | 455337241:459148730 | 791527006:710432806 | 856284001:189744566 | "
711,"860618486:860614322 | 526033394:525856648 | 634357736:630437162 | 397441061:726208084 | 74695045:316555154 | 236243758:550547980 | 588477025:588283099 | 488504094:301092948 | 887083343:806402244 | ","560356461:412069793 | 421928983:821362539 | 539366472:781833785 | 767572088:281916879 | 299820486:83416017 | 195683960:136538160 | "
712,"860618486:860614322 | 570631790:305160413 | 46966882:279442452 | 248971784:639638460 | 250746347:362968540 | 630971426:1589642 | 576017546:497429812 | ","560356461:412069793 | 201906239:196155781 | 490654830:484337816 | 357449382:967313171 | 241291971:804960416 | 248971784:639638460 | 966912832:812438853 | 650287569:814397398 | 440297454:245167201 | 466845030:301960296 | 399282648:849665437 | "
713,"860618486:860614322 | 886517542:716663626 | 513471630:391911846 | 877774433:564890797 | 265554923:811125496 | 912189914:144571914 | 609718421:609712813 | 385091512:595119749 | ","273215751:273061447 | 114949350:936686321 | 14885124:853981309 | 699852707:484739605 | "
714,"860618486:860614322 | 526234151:526057405 | 34378398:34374318 | 213634018:777210284 | 499739297:916384934 | ","273215751:273061447 | 894127793:894121811 | 691874585:254491244 | "
715,"118710876:510590864 | 29128155:415362851 | 592889497:248049592 | ","736615292:856640234 | 710375883:73297715 | 895611222:620372966 | 192128930:443005722 | 223704419:792089074 | 54158609:25043550 | 517857138:86451176 | 169974845:985762838 | 614644781:557951552 | "
716,"273215751:273061447 | 338790327:812636221 | 280883491:495067060 | ","677906049:677776913 | 238259780:42498167 | 994763584:514252545 | 202467479:131365755 | 694149600:827983682 | "
717,"560356461:412069793 | 421928983:821362539 | 539366472:781833785 | 248206713:192895323 | 316213009:608683975 | 251171280:912616215 | 830444091:768328304 | 12350834:883360061 | 195823310:967071818 | ","171097252:46996256 | 737108000:956590412 | 662762211:830510326 | 251171280:912616215 | 974584672:386792181 | "
718,"677906049:677776913 | 399523272:231918058 | 548989161:427439601 | 474029337:520460274 | 426217251:467925032 | 694029092:184054739 | ","303623853:706737170 | 781538717:660017070 | 212691820:16864356 | 622167796:447440070 | 758405145:232129564 | 258576673:765987876 | 351562649:429111726 | "
719,"677906049:677776913 | 383030742:314420761 | 511364212:389806116 | 621052018:664282840 | 738293014:122787168 | 300392606:644880650 | ","560356461:412069793 | 607854351:652976390 | 914081670:243961221 | 875877479:842031534 | 549890828:471274438 | 621052018:664282840 | 738293014:122787168 | 808889023:820191113 | 654589017:987955203 | 191283966:801499585 | 340126683:588424174 | "
720,"677906049:677776913 | 915908837:910502219 | 634357736:630437162 | 365418870:694185893 | 617002752:426829696 | 987366772:327571953 | 530712887:343301607 | 466845030:301960296 | 399282648:849665437 | ","860618486:860614322 | 758905148:758899448 | 861562043:861435573 | 156805831:80929488 | 556684054:366506708 | 787306825:296300393 | 346404769:170411312 | 227054100:459436103 | 154834855:154649633 | 954584045:395222983 | "
721,"677906049:677776913 | 390589087:222983873 | 888960483:121435674 | 527374027:731653981 | 890103237:883878909 | 225635425:225450203 | 95853379:640674864 | ","201849299:593768611 | 974235234:979567017 | 382316803:190715167 | 545689195:545514789 | 279792547:279788467 | 732462776:592962804 | 855481230:90887876 | 630076442:334118022 | 313341092:349212698 | 998136899:820138259 | "
722,"273215751:273061447 | 87105678:908842649 | 245822902:257855831 | 284372138:601363421 | 555618566:342933720 | 587515777:508907923 | 474029337:520460274 | 426217251:467925032 | 94146681:584172279 | ","303623853:706737170 | 781538717:660017070 | 212691820:16864356 | 622167796:447440070 | 758405145:232129564 | 258576673:765987876 | 351562649:429111726 | "
723,"560356461:412069793 | 259011411:80747201 | 337223819:905683565 | 929319567:696344944 | 197448249:292745475 | 240700173:12518226 | ","560356461:412069793 | 201856626:196106168 | 12633612:6316600 | 532735299:495287776 | "
724,"273215751:273061447 | 64259621:885996592 | 692580406:296776515 | 773545805:570669363 | 191283966:801499585 | 340126683:588424174 | ","560356461:412069793 | 979415281:238935887 | 254827721:507511058 | 502217951:687672016 | 666037326:478626180 | 917179062:756278260 | 749317331:556366343 | 239313637:182621128 | 421199067:228529369 | 852337801:407554457 | "
725,"860618486:860614322 | 526033394:525856648 | 191844508:240564247 | 227849802:673119964 | 350854775:724729833 | 508211315:232016642 | ","860618486:860614322 | 440245030:270391114 | 826101928:822181504 | 288048111:233747508 | 108522774:750757734 | 833786360:894250204 | 194315729:164753708 | "
726,"677906049:677776913 | 37369610:103192649 | 400747390:597757353 | 284390490:682046419 | 846998500:222676626 | 214466854:961175465 | 440577391:338172473 | ","860618486:860614322 | 440245030:270391114 | 826101928:822181504 | 288048111:233747508 | 108522774:750757734 | 833786360:894250204 | 194315729:164753708 | "
727,"677906049:677776913 | 37369610:103192649 | 400747390:597757353 | 286203345:683859274 | 321355343:693815646 | 700769376:830197758 | 26517626:943197497 | ","860618486:860614322 | 304226175:298747017 | 952580063:948659657 | 975825274:970407090 | 356610017:356604057 | 676279636:688741905 | 20844622:128278080 | 827126140:655030072 | 990184725:812186087 | 279962656:58050236 | "
728,"579115614:727202862 | 204554701:493624237 | 545689195:545514789 | 279792547:279788467 | 991958249:793909863 | 140747905:134422593 | 560145358:359402480 | 259011411:80747201 | 337223819:905683565 | 929319567:696344944 | 822864497:438841825 | 516211097:327451902 | ","894943403:633866356 | 605989001:741573573 | 75781830:187169357 | 665637407:620413872 | 810952836:320911428 | 881251289:773022694 | 52845184:170989937 | 280835672:830450676 | 195823310:967071818 | "
729,"560356461:412069793 | 258471530:80207320 | 207719974:137069780 | 213429375:47238817 | 937777367:344547163 | 822636350:626552776 | 274745353:72281746 | 864586396:703709808 | 546758507:573149530 | ","560356461:412069793 | 258471530:80207320 | 207719974:137069780 | 213429375:47238817 | 798452883:871284882 | 530193772:861261001 | 709029988:428341344 | 257777239:499559433 | 189332866:366270401 | 274745353:72281746 | 87101919:87096519 | 345860086:176178874 | "
730,"273215751:273061447 | 102064395:923801366 | 524933533:62025890 | ","888441660:627380291 | 69420524:581599271 | "
731,"400214179:230412545 | 848461631:619658165 | 73798646:765871136 | 513665811:677752695 | ","550166143:911199274 | 551280121:858123170 | 191368860:923173070 | "
732,"677906049:677776913 | 383030742:314420761 | 511364212:389806116 | 831732330:874963152 | 401832426:240929648 | 28400708:946717882 | ","860618486:860614322 | 526033394:525856648 | 634357736:630437162 | 217148415:408926016 | 364235341:340356094 | 925149116:15354330 | 894978:814198385 | 990184725:812186087 | 327639038:643291794 | "
733,"677906049:677776913 | 383030742:314420761 | 511364212:389806116 | 831732330:874963152 | 401832426:240929648 | 355754862:611184451 | 696680598:226269276 | ","560356461:412069793 | 258471530:80207320 | 207719974:137069780 | 213429375:47238817 | 390607226:470980 | 549890828:471274438 | 915599505:958830329 | 7598987:179101285 | 362855009:911942660 | 673698234:92007644 | 910423836:984554246 | 191283966:801499585 | 340126683:588424174 | "
734,"677906049:677776913 | 37369610:103192649 | 589827229:495350476 | 575083335:340348778 | ","560356461:412069793 | 706081055:394176288 | 565399867:669981937 | 15859331:760575620 | 987737238:986255167 | 277189181:152134880 | 607134363:557375279 | 458999797:194027353 | 191283966:801499585 | 340126683:588424174 | "
735,"560356461:412069793 | 258471530:80207320 | 207719974:137069780 | 213429375:47238817 | 318370685:397455826 | 180730221:779383853 | 575083335:340348778 | ","560356461:412069793 | 706081055:394176288 | 565399867:669981937 | 15859331:760575620 | 987737238:986255167 | 277189181:152134880 | 535655269:82437231 | 708920937:443948497 | 195823310:967071818 | "
736,"369594723:772708026 | ","860618486:860614322 | 428525183:258671267 | 563329038:559408636 | 274745353:72281746 | 864586396:703709808 | 545773451:572164474 | "
737,"677906049:677776913 | 349872898:281262943 | 646676352:525143306 | 125805201:700732592 | 401832768:240929990 | 547500127:507183197 | 844006802:407787018 | 173586853:718941686 | 992882686:6024431 | ","860618486:860614322 | 570631790:305160413 | 646676352:525143306 | 209672376:784599769 | 7989368:179491666 | 640309274:189374564 | 129147325:128088070 | 487458448:309315752 | 328839301:328667725 | 80115236:901976765 | 965636699:910048522 | 910423836:984554246 | 191283966:801499585 | 340126683:588424174 | "
738,"677906049:677776913 | 383030742:314420761 | 511364212:389806116 | 831732330:874963152 | 401832426:240929648 | 28400708:946717882 | ","677906049:677776913 | 545669509:545495103 | 693326338:693322260 | 895798337:797280200 | 577905604:698473527 | 736039592:673401335 | 766593902:148022232 | "
739,"560356461:412069793 | 259011411:80747201 | 337223819:905683565 | 929319567:696344944 | 197448249:292745475 | 240700173:12518226 | ","860618486:860614322 | 526033394:525856648 | 191844508:240564247 | 227849802:673119964 | 350854775:724729833 | 508211315:232016642 | "
740,"677906049:677776913 | 916413936:911007318 | 132383153:132256653 | 560145358:359402480 | 201888402:196137944 | 959272428:952955416 | 208743414:873355144 | ","443417408:837441483 | 367520048:131597657 | 312591448:772214576 | 918473085:906857604 | 870516579:705767635 | 256072283:991724075 | 922245011:237178902 | 110396103:673632089 | 250436730:608214111 | 195823310:967071818 | "
741,"400214179:230412545 | 848461631:619658165 | 287758075:742005072 | ","550166143:911199274 | 551280121:858123170 | 6173187:933005589 | 731029427:812679746 | 956332529:246400844 | 195823310:967071818 | "
742,"677906049:677776913 | 528226464:332464851 | 219785010:215863782 | 743513670:707747828 | 288732911:300727220 | 19885181:960738748 | 235514575:16904613 | 316226873:776678631 | 725838554:458922544 | 191283966:801499585 | 340126683:588424174 | ","387568291:22023368 | 195740186:361775513 | 663453988:656957841 | 406273334:400522874 | 934467758:767954120 | 264573520:68489890 | 657507083:380341905 | 289121809:301116118 | 202100997:368561289 | 195823310:967071818 | "
743,"443417408:837441483 | 367508751:131586360 | 345918397:88727194 | 886153766:709596528 | 873357912:873153872 | 213634018:777210284 | 499739297:916384934 | ","317638732:16983799 | 276165886:632579410 | 545689195:545514789 | 279792547:279788467 | 991653907:793605521 | 873357912:873153872 | 719738062:713802696 | 322209648:317019044 | 807036089:314484252 | 981732599:365954803 | 373304843:271089287 | 191283966:801499585 | 340126683:588424174 | "
744,"860618486:860614322 | 526426583:526249837 | 798472118:798345626 | 455337241:459148730 | 466845030:301960296 | 399282648:849665437 | ","860618486:860614322 | 428525183:258671267 | 563329038:559408636 | 274745353:72281746 | 864586396:703709808 | 545773451:572164474 | "
745,"585384166:492481745 | 138459731:938445601 | 304682637:754034672 | 235381730:791106155 | 167710939:21559442 | 854712178:619324572 | 195823310:967071818 | ","560356461:412069793 | 48077786:379030037 | 773925151:273340554 | 479819840:935690143 | 357692219:100396719 | 515133024:317643253 | 284657396:306225262 | 401658068:513045570 | 835771393:663436545 | 135107154:222030999 | 614644781:557951552 | "
746,"677906049:677776913 | 915908837:910502219 | 634357736:630437162 | 250752951:579519974 | 604633735:414467511 | 80709155:904700712 | 202203398:14792252 | 100514168:528018907 | ","80306601:228586115 | 808903072:244035492 | "
747,"560356461:412069793 | 201867317:196116859 | 879827622:986029268 | ","273215751:273061447 | 945379224:551608033 | 117502479:379264672 | 172883171:259277791 | "
748,"860618486:860614322 | 526033394:525856648 | 634357736:630437162 | 397441061:726208084 | 74695045:316555154 | 236243758:550547980 | 588477025:588283099 | 488504094:301092948 | 738293014:122787168 | 300392606:644880650 | ","273215751:273061447 | 894169201:894163219 | 623757335:623751935 | 204329421:611099224 | 977752023:540945189 | 21574012:329585344 | 167911930:422349870 | 254452951:691913168 | 642526699:327442246 | 776848427:598849787 | 738293014:122787168 | 808889023:820191113 | 654589017:987955203 | 191283966:801499585 | 340126683:588424174 | "
749,"860618486:860614322 | 319247761:313768603 | 821311138:821184646 | 167516823:28950683 | 401832426:240929648 | 28400708:946717882 | ","860618486:860614322 | 457318605:287464689 | 233807384:229886926 | 182774089:499946652 | 918431431:913241893 | 913898296:908451208 | 776848427:598849787 | 887083343:806402244 | "
750,"273215751:273061447 | 945379224:551608033 | 117502479:379264672 | 172883171:259277791 | ","443417408:837441483 | 367520048:131597657 | 951667507:192300451 | 469982659:575076803 | 511809962:292982787 | 413941410:311831240 | 683892228:907789411 | "
751,"273215751:273061447 | 718924959:718739463 | 616408452:909980995 | 189970719:111071496 | 241052076:557966963 | ","677906049:677776913 | 37369610:103192649 | 400747390:597757353 | 284390490:682046419 | 846998500:222676626 | 214466854:961175465 | 440577391:338172473 | "
752,"253542962:401822474 | 159006086:903256638 | 828417968:229659284 | 35408175:920934840 | ","560356461:412069793 | 421928983:821362539 | 539366472:781833785 | 66116369:351463201 | 209940841:201972446 | 173598076:643653593 | "
753,"560356461:412069793 | 259011411:80747201 | 337223819:905683565 | 929319567:696344944 | 197448249:292745475 | 240700173:12518226 | ","677906049:677776913 | 915908837:910502219 | 634357736:630437162 | 365418870:694185893 | 617002752:426829696 | 987366772:327571953 | 530712887:343301607 | 466845030:301960296 | 399282648:849665437 | "
754,"677906049:677776913 | 390364824:222759610 | 851459925:902571621 | 303944604:241560670 | 872588948:733226491 | 794915173:608750432 | 699730659:202838076 | 12537889:75240430 | 732765707:732598269 | 505888282:270512634 | 965636699:910048522 | 910423836:984554246 | 191283966:801499585 | 340126683:588424174 | ","860618486:860614322 | 526446795:526270049 | 400608043:400481549 | 550340303:550136665 | 53923507:53738725 | 555630360:996269307 | 325627742:553928444 | 387989317:938035332 | 34448370:457302332 | 678145122:273366228 | "
755,"677906049:677776913 | 349872898:281262943 | 646676352:525143306 | 125805201:700732592 | 401832768:240929990 | 359144011:985623939 | 682909064:910479194 | 547547082:475969761 | ","458395549:850275537 | 736191265:210007986 | 997938993:200261576 | 548263858:798930868 | "
756,"273215751:273061447 | 894127793:894121811 | 691874585:254491244 | ","443417408:837441483 | 393210776:79616696 | 768313719:511122516 | 363088720:356613144 | 893286281:330790041 | 313634350:929052965 | "
757,"860618486:860614322 | 304226175:298747017 | 952580063:948659657 | 975825274:970407090 | 356610017:356604057 | 676279636:688741905 | 20844622:128278080 | 827126140:655030072 | 906317550:728318910 | 943944195:266935507 | ","677906049:677776913 | 916322238:910915620 | 653722335:214990170 | 906223901:891689369 | 22172788:866881086 | 457098915:456035468 | 37926942:117541210 | 470881070:583703830 | 64470012:617084782 | 943303482:994246777 | 673759562:781186880 | 950235951:185842087 | 329342674:836298536 | 191283966:801499585 | 340126683:588424174 | "
758,"579115614:727202862 | 204554701:493624237 | 545689195:545514789 | 279792547:279788467 | 144969021:85495705 | 553139831:116137703 | 330925853:408209220 | 335840637:953795592 | 137058475:92398232 | 363382553:777401877 | 202203398:14792252 | 100514168:528018907 | ","560356461:412069793 | 607854351:652976390 | 336518234:562784448 | 575235715:548825599 | 344529438:208530720 | 137058297:92398054 | 363211495:777230819 | 490547731:312549091 | 938726268:339613514 | 751021912:590298134 | 110934358:23777506 | 195823310:967071818 | "
759,"860618486:860614322 | 526386639:526209893 | 180919366:180915286 | 782568343:590181267 | 668316170:507436184 | 354473578:993137242 | 420971799:754628001 | 133149558:127759034 | 844252275:187594048 | ","560356461:412069793 | 259011411:80747201 | 337223819:905683565 | 929319567:696344944 | 197448249:292745475 | 240700173:12518226 | "
760,"273215751:273061447 | 296880915:770726791 | 701773947:713950076 | 521858062:104893334 | 917332926:311512557 | 136451393:623645858 | 274718567:806144205 | ","443417408:837441483 | 393210776:79616696 | 768313719:511122516 | 564577864:233537884 | 551031442:290045402 | 609422467:813291117 | 371985590:187794102 | 917332926:311512557 | 136451393:623645858 | 639863476:245498018 | 325107972:129992346 | 614644781:557951552 | "
761,"273215751:273061447 | 514570498:880470217 | ","273215751:273061447 | 489235964:855113737 | 715450506:285677079 | 394972995:851096352 | "
762,"579115614:727202862 | 204554701:493624237 | 545689195:545514789 | 279792547:279788467 | 991958249:793909863 | 140747905:134422593 | 560145358:359402480 | 421928983:821362539 | 539366472:781833785 | 194877298:139565906 | 481887551:772609977 | 37481695:430159462 | ","171097252:46996256 | 737108000:956590412 | 662762211:830510326 | 251171280:912616215 | 974584672:386792181 | "
763,"677906049:677776913 | 623991013:428229400 | 54560917:58273067 | 398125422:313217098 | 120776438:593388896 | 104541387:926543440 | 325812923:185339799 | 195823310:967071818 | ","560356461:412069793 | 201871102:196120644 | 304830962:410824336 | 790080915:955253050 | 629949613:426258458 | 305248261:461984115 | 113464357:942775821 | "
764,"560356461:412069793 | 258471530:80207320 | 207719974:137069780 | 213429375:47238817 | 357449382:967313171 | 685202968:606611628 | 125805201:700732592 | 401832768:240929990 | 359144011:985623939 | 682909064:910479194 | 947664678:876087301 | ","860618486:860614322 | 430902746:261048830 | 848167067:844246661 | 539347336:222336358 | 367334094:152569420 | 81766845:266348552 | 359144011:985623939 | 555118841:96759963 | 125035049:481549697 | 191283966:801499585 | 340126683:588424174 | "
765,"118710876:510590864 | 902972868:876248336 | ","677906049:677776913 | 916092946:910686328 | 569769880:569643400 | 139724221:752163758 | 962781424:235645508 | 689278227:802516170 | "
766,"118710876:510590864 | 902972868:876248336 | ","677906049:677776913 | 916262082:910855464 | 180919366:180915286 | 380048510:373842476 | 347379868:342192158 | 133853089:19485277 | 654277544:83453839 | "
767,"560356461:412069793 | 259011411:80747201 | 337223819:905683565 | 929319567:696344944 | 822864497:438841825 | 516211097:327451902 | ","118710876:510590864 | 902972868:876248336 | "
768,"860618486:860614322 | 526386639:526209893 | 180919366:180915286 | 782568343:590181267 | 668316170:507436184 | 354473578:993137242 | 420971799:754628001 | 133149558:127759034 | 844252275:187594048 | ","860618486:860614322 | 526033394:525856648 | 634357736:630437162 | 397441061:726208084 | 74695045:316555154 | 236243758:550547980 | 588477025:588283099 | 488504094:301092948 | 887083343:806402244 | "
769,"560356461:412069793 | 421928983:821362539 | 539366472:781833785 | 479446548:154279371 | 943376393:634098173 | 491539913:18423954 | ","852652916:144542244 | 30068748:450524301 | 623169743:245688854 | 979718136:296384805 | 479881919:555779664 | 890986293:641228582 | "
770,"677906049:677776913 | 916033622:910627004 | 875925391:872004587 | 781481169:916744477 | 764991650:796158331 | 97514692:257646693 | ","560356461:412069793 | 298208657:629160944 | 450625683:708536444 | 585802187:65053432 | 355933746:965797535 | 758405145:232129564 | 266528899:773940100 | 877421252:363960984 | 696781452:660872760 | 812715054:672871366 | 483962227:372561258 | "
771,"860618486:860614322 | 526426583:526249837 | 798472118:798345626 | 455337241:459148730 | 466845030:301960296 | 428835320:879218109 | ","560356461:412069793 | 673063796:4016072 | 41026793:296398138 | 225355611:52889888 | 179401869:978992688 | 806836870:800511566 | 455337241:459148730 | 791527006:710432806 | 92138192:909346605 | 118447649:35167307 | 160344969:234475381 | 195823310:967071818 | "
772,"443417408:837441483 | 367508751:131586360 | 345918397:88727194 | 322992623:651486733 | 85409233:889325644 | 191145120:861223897 | 14885124:853981309 | 583854789:860164286 | ","303623853:706737170 | 781538717:660017070 | 212691820:16864356 | 603246697:81481283 | 85409233:889325644 | 191145120:861223897 | 454061608:968283084 | 41252647:557308685 | "
773,"677906049:677776913 | 383030742:314420761 | 511364212:389806116 | 831732330:874963152 | 401832426:240929648 | 355754862:611184451 | 482703731:964781537 | 160344969:234475381 | 195823310:967071818 | ","560356461:412069793 | 258471530:80207320 | 207719974:137069780 | 213429375:47238817 | 390607226:470980 | 549890828:471274438 | 915599505:958830329 | 7598987:179101285 | 248505265:270222271 | "
774,"560356461:412069793 | 258471530:80207320 | 207719974:137069780 | 213429375:47238817 | 179008680:978599499 | 893665048:697581302 | 365418870:694185893 | 617002752:426829696 | 987366772:327571953 | 530712887:343301607 | 466845030:301960296 | 428835320:879218109 | ","860618486:860614322 | 758905148:758899448 | 861562043:861435573 | 156805831:80929488 | 556684054:366506708 | 787306825:296300393 | 346404769:170411312 | 227054100:459436103 | 154834855:154649633 | 740470456:754684617 | 697718245:117747248 | 672870783:880947632 | 195823310:967071818 | "
775,"860618486:860614322 | 526033394:525856648 | 191844508:240564247 | 227849802:673119964 | 350854775:724729833 | 508211315:232016642 | ","201849299:593768611 | 974235234:979567017 | 851821692:912171008 | 491892985:324287723 | 578003589:572647165 | 506989833:487383087 | 441601660:419957335 | 194181388:247149308 | "
776,"677906049:677776913 | 915908837:910502219 | 634357736:630437162 | 365418870:694185893 | 617002752:426829696 | 987366772:327571953 | 530712887:343301607 | 466845030:301960296 | 399282648:849665437 | ","677906049:677776913 | 915908837:910502219 | 634357736:630437162 | 250752951:579519974 | 604633735:414467511 | 80709155:904700712 | 202203398:14792252 | 100514168:528018907 | "
777,"273215751:273061447 | 992048307:465894172 | ","376588530:768468518 | 96754728:276182786 | 480699952:481059239 | 297871480:191246542 | "
778,"273215751:273061447 | 291633830:765479706 | 961841611:339311251 | 427046045:789861610 | 492846212:883408388 | ","443417408:837441483 | 367520048:131597657 | 665081237:905714166 | 778472855:882869091 | 970886246:81368891 | 946742559:136997042 | 961841611:339311251 | 427046045:789861610 | 984475203:984469131 | 898147962:140679232 | "
779,"677906049:677776913 | 528226464:332464851 | 953210908:184598889 | 440834819:204724347 | 785541408:558662625 | 694000854:586176398 | 929618480:469726842 | ","860618486:860614322 | 929747171:811751837 | 487803319:923858223 | 616686278:217515067 | 621452757:205781241 | 383306528:350332067 | 513858662:305475060 | 250746005:362968198 | 721851815:809256435 | "
780,"677906049:677776913 | 390364824:222759610 | 952580063:948659657 | 975825274:970407090 | 11723983:834148384 | 794915173:608750432 | 699730659:202838076 | 966454722:463959948 | 162262909:706812115 | 717690603:526819929 | ","560356461:412069793 | 421928983:821362539 | 539366472:781833785 | 479446548:154279371 | 943376393:634098173 | 491539913:18423954 | "
781,"860618486:860614322 | 526092667:525915921 | 850780632:850654160 | 108496811:365008010 | 164128287:256906431 | 369227270:881466538 | ","560356461:412069793 | 421928983:821362539 | 539366472:781833785 | 66116369:351463201 | 209940841:201972446 | 173598076:643653593 | "
782,"579115614:727202862 | 204554701:493624237 | 545689195:545514789 | 279792547:279788467 | 991958249:793909863 | 140747905:134422593 | 786222819:786013931 | 338790327:812636221 | 280883491:495067060 | ","443417408:837441483 | 393210776:79616696 | 768313719:511122516 | 606487276:275447314 | 976802698:370808616 | 606950503:867427068 | 155971355:975021764 | 966303048:966126178 | 898147962:140679232 | "
783,"273215751:273061447 | 338790327:812636221 | 280883491:495067060 | ","560356461:412069793 | 259011411:80747201 | 337223819:905683565 | 929319567:696344944 | 197448249:292745475 | 240700173:12518226 | "
784,"376588530:768468518 | 96754728:276182786 | 480699952:481059239 | 297871480:191246542 | ","677906049:677776913 | 37369610:103192649 | 589827229:495350476 | 575083335:340348778 | "
785,"677906049:677776913 | 916302026:910895408 | 219305550:219301470 | 633104357:438519353 | 799850557:799683139 | 489697338:802263233 | ","677906049:677776913 | 915908837:910502219 | 634357736:630437162 | 365418870:694185893 | 617002752:426829696 | 987366772:327571953 | 530712887:343301607 | 466845030:301960296 | 399282648:849665437 | "
786,"677906049:677776913 | 390364824:222759610 | 952580063:948659657 | 975825274:970407090 | 11723983:834148384 | 794915173:608750432 | 699730659:202838076 | 966454722:463959948 | 162262909:706812115 | 717690603:526819929 | ","469688335:464904895 | 936190862:757927692 | 620597861:455712695 | 688447738:682702094 | 898147962:140679232 | "
787,"560356461:412069793 | 421928983:821362539 | 539366472:781833785 | 479463750:154296573 | 829784523:520506271 | 313426008:172047146 | 870996916:137156060 | ","54371985:50368727 | 49091513:43612333 | 313426008:172047146 | 580105426:151623149 | 101024072:609790970 | 219504386:650055006 | 928277199:987846819 | 804954071:824442246 | 614644781:557951552 | "
788,"579115614:727202862 | 204554701:493624237 | 545689195:545514789 | 279792547:279788467 | 991958249:793909863 | 140747905:134422593 | 560129285:359386407 | 407292992:972900712 | ","443417408:837441483 | 367472199:131549808 | 377571835:613311296 | 835771393:663436545 | 188321856:882961025 | 917332926:311512557 | 136451393:623645858 | 909103057:923900102 | 402541435:712960198 | 195823310:967071818 | "
789,"677906049:677776913 | 528226464:332464851 | 953210908:184598889 | 440834819:204724347 | 785541408:558662625 | 694000854:586176398 | 513858662:305475060 | 967216044:812742065 | 683276240:847386051 | 195823310:967071818 | ","860618486:860614322 | 929747171:811751837 | 487803319:923858223 | 616686278:217515067 | 621452757:205781241 | 383306528:350332067 | 513858662:305475060 | 250746005:362968198 | 571672641:735782470 | 696680598:226269276 | "
790,"443417408:837441483 | 367508751:131586360 | 345918397:88727194 | 886458108:709900870 | 140747905:134422593 | 560145358:359402480 | 421928983:821362539 | 539366472:781833785 | 479495526:154328349 | 175587609:866309306 | 613655004:550619462 | ","54371985:50368727 | 49091513:43612333 | 313426008:172047146 | 580105426:151623149 | 101024072:609790970 | 219504386:650055006 | 74688914:321091437 | 497576679:69744897 | 195823310:967071818 | "
791,"273215751:273061447 | 102064395:923801366 | 524933533:62025890 | ","677906049:677776913 | 238259780:42498167 | 994763584:514252545 | 202467479:131365755 | 694149600:827983682 | "
792,"888441660:627380291 | 69420524:581599271 | ","860618486:860614322 | 319247761:313768603 | 821311138:821184646 | 167516823:28950683 | 401832426:240929648 | 28400708:946717882 | "
793,"273215751:273061447 | 992048307:465894172 | ","677906049:677776913 | 349872898:281262943 | 646676352:525143306 | 125805201:700732592 | 401832768:240929990 | 359144011:985623939 | 682909064:910479194 | 547547082:475969761 | "
794,"860618486:860614322 | 526426583:526249837 | 297786418:529415708 | 772680736:764800207 | 413556950:271343192 | 718056673:867921810 | ","860618486:860614322 | 570631790:305160413 | 46966882:279442452 | 248971784:639638460 | 250746347:362968540 | 630971426:1589642 | 576017546:497429812 | "
795,"677906049:677776913 | 916413936:911007318 | 132383153:132256653 | 560145358:359402480 | 201888402:196137944 | 959272428:952955416 | 208743414:873355144 | ","443417408:837441483 | 367520048:131597657 | 312591448:772214576 | 918473085:906857604 | 870516579:705767635 | 256072283:991724075 | 922245011:237178902 | 613017787:585508148 | 840661260:176982889 | 614644781:557951552 | "
796,"677906049:677776913 | 916033622:910627004 | 875925391:872004587 | 781481169:916744477 | 764991650:796158331 | 96529636:256661637 | ","677906049:677776913 | 37369610:103192649 | 400747390:597757353 | 679792246:334732573 | 771409721:610517795 | "
797,"860618486:860614322 | 886517542:716663626 | 513471630:391911846 | 877774433:564890797 | 265554923:811125496 | 912189914:144571914 | 609718421:609712813 | 238228758:890165159 | 613017787:585508148 | 840661260:176982889 | 614644781:557951552 | ","560356461:412069793 | 357821469:758642661 | 994035620:722257316 | 513425096:59613662 | 127069504:482453680 | 323952652:776989099 | 459759775:258387437 | 164128287:256906431 | 270012646:931697790 | 49712767:909869086 | 70051330:69865634 | 767338045:767337913 | 614644781:557951552 | "
798,"560308612:412021944 | 857184704:967226830 | ","677906049:677776913 | 390364824:222759610 | 952580063:948659657 | 975825274:970407090 | 11723983:834148384 | 794915173:608750432 | 699730659:202838076 | 966454722:463959948 | 162262909:706812115 | 717690603:526819929 | "
799,"888572883:627511514 | 964137167:476082985 | ","443417408:837441483 | 367520048:131597657 | 705677182:946310099 | 172261880:276298204 | 459773427:248433635 | 859457335:672045017 | 629629417:714152754 | "
800,"273215751:273061447 | 338790327:812636221 | 280883491:495067060 | ","273215751:273061447 | 992048307:465894172 | "
801,"273215751:273061447 | 114949350:936686321 | 14885124:853981309 | 699852707:484739605 | ","560356461:412069793 | 201867317:196116859 | 879827622:986029268 | "
802,"860618486:860614322 | 526092667:525915921 | 850780632:850654160 | 108496811:365008010 | 164128287:256906431 | 369227270:881466538 | ","273215751:273061447 | 719095506:718910010 | 386002578:915517652 | "
803,"273215751:273061447 | 97858105:919595076 | 474256570:846661689 | 781191296:266624033 | 5009661:4818183 | 614644781:557951552 | ","560356461:412069793 | 7481841:338434104 | 778472855:882869091 | 970886246:81368891 | 699635810:512224664 | 474256570:846661689 | 781191296:266624033 | 316863359:891404903 | 74688914:321091437 | 497576679:69744897 | 195823310:967071818 | "
804,"273215751:273061447 | 489235964:855113737 | 715450506:285677079 | 394972995:851096352 | ","560356461:412069793 | 7481841:338434104 | 778472855:882869091 | 970886246:81368891 | 48720123:883279069 | 715450506:285677079 | 965129952:948270461 | 548263858:798930868 | "
805,"860618486:860614322 | 526092667:525915921 | 850780632:850654160 | 108496811:365008010 | 164128287:256906431 | 369227270:881466538 | ","677906049:677776913 | 528226464:332464851 | 953210908:184598889 | 440834819:204724347 | 785541408:558662625 | 694000854:586176398 | 929618480:469726842 | "
806,"677906049:677776913 | 110543128:914781524 | 826101928:822181504 | 687900623:357979393 | 857971411:697097573 | 457992669:922956777 | ","10198902:402136808 | 509973957:709252511 | 462795103:244497118 | 406273334:400522874 | 917631999:751118361 | 85409233:889325644 | 687900623:357979393 | 857971411:697097573 | 850765119:683726649 | 614644781:557951552 | "
807,"273215751:273061447 | 383355654:72578373 | 652614521:95841864 | ","677906049:677776913 | 101200844:905439240 | 745583054:952718427 | 269067755:620395014 | 800252855:689510217 | 917363856:663357276 | "
808,"860618486:860614322 | 526033394:525856648 | 191844508:240564247 | 227849802:673119964 | 350854775:724729833 | 435748753:136516665 | 318597644:928813949 | 325812923:185339799 | 195823310:967071818 | ","201849299:593768611 | 974235234:979567017 | 851821692:912171008 | 491892985:324287723 | 578003589:572647165 | 506989833:487383087 | 441601660:419957335 | 844973597:556359658 | 283446024:936205004 | 605500672:256486707 | 191283966:801499585 | 340126683:588424174 | "
809,"677906049:677776913 | 37369610:103192649 | 589827229:495350476 | 575083335:340348778 | ","560356461:412069793 | 706081055:394176288 | 565399867:669981937 | 15859331:760575620 | 987737238:986255167 | 592864618:716181307 | "
810,"369594723:772708026 | ","677906049:677776913 | 383030742:314420761 | 511364212:389806116 | 621052018:664282840 | 887083343:806402244 | "
811,"273215751:273061447 | 719095506:718910010 | 141483953:771468316 | 734702100:6106326 | 565591614:270820215 | 614644781:557951552 | ","443417408:837441483 | 393055141:79461061 | 56338709:14047279 | 778167401:191698561 | 382561156:547145141 | 501556900:767707452 | 838170078:612840950 | 387073633:338489257 | 614644781:557951552 | "
812,"273215751:273061447 | 97858105:919595076 | 701953635:246512188 | ","677906049:677776913 | 110543128:914781524 | 826101928:822181504 | 687900623:357979393 | 857971411:697097573 | 427454941:892419049 | "
813,"860618486:860614322 | 857928366:688074450 | 549538060:722565629 | 904738861:925844692 | 892876546:418882457 | 926840621:262721355 | 321094845:10605100 | ","273215751:273061447 | 87105678:908842649 | 245822902:257855831 | 284372138:601363421 | 61454511:140546542 | 78923300:562116272 | 616686278:217515067 | 621452757:205781241 | 657526018:656462327 | 581475057:408047253 | 799850557:799683139 | 489697338:802263233 | "
814,"677906049:677776913 | 238259780:42498167 | 994763584:514252545 | 202467479:131365755 | 694149600:827983682 | ","860618486:860614322 | 567961682:398107766 | 994763584:514252545 | 202467479:131365755 | 88293695:702843999 | "
815,"458395549:850275537 | 736191265:210007986 | 997938993:200261576 | 548263858:798930868 | ","860618486:860614322 | 304226175:298747017 | 952580063:948659657 | 975825274:970407090 | 356610017:356604057 | 676279636:688741905 | 20844622:128278080 | 827126140:655030072 | 990184725:812186087 | 279962656:58050236 | "
816,"677906049:677776913 | 916413936:911007318 | 132383153:132256653 | 74104061:131464899 | 848461631:619658165 | 318295803:772542800 | ","550166143:911199274 | 551280121:858123170 | 6173187:933005589 | 427399298:119471773 | 166286642:166094976 | 614644781:557951552 | "
817,"677906049:677776913 | 916033622:910627004 | 875925391:872004587 | 781481169:916744477 | 764991650:796158331 | 96529636:256661637 | ","560356461:412069793 | 298208657:629160944 | 450625683:708536444 | 585802187:65053432 | 355933746:965797535 | 758405145:232129564 | 266528899:773940100 | 877421252:363960984 | 696781452:660872760 | 812715054:672871366 | 854321366:689437464 | 17125265:22469310 | 588934824:14638399 | 195823310:967071818 | "
818,"443417408:837441483 | 367508751:131586360 | 345918397:88727194 | 885953009:709395771 | 893665048:697581302 | 365418870:694185893 | 617002752:426829696 | 987366772:327571953 | 530712887:343301607 | 466845030:301960296 | 428835320:879218109 | ","860618486:860614322 | 758905148:758899448 | 861562043:861435573 | 156805831:80929488 | 556684054:366506708 | 787306825:296300393 | 346404769:170411312 | 227054100:459436103 | 154834855:154649633 | 740470456:754684617 | 631086584:651985797 | 422949643:631026488 | 191283966:801499585 | 340126683:588424174 | "
819,"273215751:273061447 | 97858105:919595076 | 474256570:846661689 | 725137125:226000328 | 353825186:649503826 | 195823310:967071818 | ","560356461:412069793 | 7481841:338434104 | 778472855:882869091 | 970886246:81368891 | 699635810:512224664 | 474256570:846661689 | 781191296:266624033 | 316863359:891404903 | 212164183:702845327 | "
820,"860618486:860614322 | 526234151:526057405 | 34378398:34374318 | 213634018:777210284 | 499739297:916384934 | ","677906049:677776913 | 390364824:222759610 | 952580063:948659657 | 975825274:970407090 | 11723983:834148384 | 794915173:608750432 | 699730659:202838076 | 966454722:463959948 | 162262909:706812115 | 717690603:526819929 | "
821,"273215751:273061447 | 992048307:465894172 | ","677906049:677776913 | 37369610:103192649 | 400747390:597757353 | 286203345:683859274 | 321355343:693815646 | 700769376:830197758 | 26517626:943197497 | "
822,"560356461:412069793 | 201856626:196106168 | 12633612:6316600 | 532735299:495287776 | ","369594723:772708026 | "
823,"273215751:273061447 | 338790327:812636221 | 280883491:495067060 | ","677906049:677776913 | 915908837:910502219 | 634357736:630437162 | 250752951:579519974 | 604633735:414467511 | 80709155:904700712 | 202203398:14792252 | 100514168:528018907 | "
824,"560308612:412021944 | 834102736:773136354 | 835771393:663436545 | 135107154:222030999 | 614644781:557951552 | ","443417408:837441483 | 367472199:131549808 | 377571835:613311296 | 835771393:663436545 | 188321856:882961025 | 917332926:311512557 | 136451393:623645858 | 184015707:642724046 | 152620295:463039054 | 191283966:801499585 | 340126683:588424174 | "
825,"860618486:860614322 | 319247761:313768603 | 821311138:821184646 | 167516823:28950683 | 401832426:240929648 | 28400708:946717882 | ","677906049:677776913 | 37369610:103192649 | 589827229:495350476 | 575083335:340348778 | "
826,"677906049:677776913 | 916413936:911007318 | 132383153:132256653 | 786222819:786013931 | 114949350:936686321 | 14885124:853981309 | 699884451:484771349 | ","415569004:267282336 | 239556877:894614855 | 906378993:233009140 | 526192346:698952814 | 254096538:293936408 | 917332926:311512557 | 136451393:623645858 | 184015707:642724046 | 152620295:463039054 | 191283966:801499585 | 340126683:588424174 | "
827,"376588530:768468518 | 96754728:276182786 | 480699952:481059239 | 297871480:191246542 | ","443417408:837441483 | 587049062:223140137 | 225483619:480121986 | 953066614:298340490 | 493232157:187835332 | 153925938:195362789 | "
828,"400214179:230412545 | 848461631:619658165 | 287758075:742005072 | ","458395549:850275537 | 736191265:210007986 | 997938993:200261576 | 548263858:798930868 | "
829,"677906049:677776913 | 383030742:314420761 | 511364212:389806116 | 850802510:374260604 | 799850557:799683139 | 177087010:542008494 | 950235951:185842087 | 329342674:836298536 | 191283966:801499585 | 340126683:588424174 | ","560356461:412069793 | 673063796:4016072 | 41026793:296398138 | 225355611:52889888 | 390607226:470980 | 549890828:471274438 | 850802510:374260604 | 359112416:371515167 | 549922093:921179050 | "
830,"677906049:677776913 | 528226464:332464851 | 219785010:215863782 | 743513670:707747828 | 288732911:300727220 | 19885181:960738748 | 300951839:524043066 | ","560356461:412069793 | 421928983:821362539 | 539366472:781833785 | 479446548:154279371 | 943376393:634098173 | 491539913:18423954 | "
831,"860618486:860614322 | 526033394:525856648 | 634357736:630437162 | 397441061:726208084 | 74695045:316555154 | 236243758:550547980 | 588477025:588283099 | 488504094:301092948 | 887083343:806402244 | ","860618486:860614322 | 440245030:270391114 | 826101928:822181504 | 288048111:233747508 | 108522774:750757734 | 833786360:894250204 | 194315729:164753708 | "
832,"677906049:677776913 | 916413936:911007318 | 132383153:132256653 | 560145358:359402480 | 201899093:196148635 | 699699071:804152235 | ","443417408:837441483 | 367520048:131597657 | 420199125:976115727 | 856056025:349798585 | 780638981:288098693 | 372789132:218270582 | 723831774:717872908 | 614644781:557951552 | "
833,"560356461:412069793 | 258471530:80207320 | 207719974:137069780 | 213429375:47238817 | 179513779:979104598 | 140747905:134422593 | 295490664:32691152 | 159006086:903256638 | 828417968:229659284 | 35408175:920934840 | ","443417408:837441483 | 367520048:131597657 | 951667507:192300451 | 469982659:575076803 | 299060980:823152656 | 458473275:55820924 | 828417968:229659284 | 760478161:805404125 | 971412791:738010800 | "
834,"677906049:677776913 | 915908837:910502219 | 634357736:630437162 | 365418870:694185893 | 617002752:426829696 | 987366772:327571953 | 530712887:343301607 | 466845030:301960296 | 399282648:849665437 | ","273215751:273061447 | 97858105:919595076 | 701953635:246512188 | "
835,"860618486:860614322 | 430902746:261048830 | 848167067:844246661 | 402871785:995674069 | 948653203:787772883 | 842188319:19775242 | 708897440:897022650 | ","860618486:860614322 | 440245030:270391114 | 826101928:822181504 | 729601284:502043168 | 148229375:45801097 | 643333827:351741369 | 491761823:446549023 | "
836,"740325961:336990810 | 199413588:556755683 | 375592179:478128777 | 548263858:798930868 | ","273215751:273061447 | 97858105:919595076 | 701953635:246512188 | "
837,"560356461:412069793 | 421928983:821362539 | 539366472:781833785 | 863062174:782879749 | 726544360:138919159 | 985107227:913855830 | ","677906049:677776913 | 916033622:910627004 | 875925391:872004587 | 781481169:916744477 | 764991650:796158331 | 96529636:256661637 | "
838,"888441660:627380291 | 840949053:147793524 | 689561011:518295295 | 604791038:369403428 | 191283966:801499585 | 340126683:588424174 | ","443417408:837441483 | 367508751:131586360 | 426111903:265367379 | 584302702:253557293 | 189461931:752165349 | 244219753:770290153 | 732367673:518690443 | 824104601:337696641 | 614644781:557951552 | "
839,"469688335:464904895 | 936190862:757927692 | 620597861:455712695 | 688447738:682702094 | 898147962:140679232 | ","11222062:513308894 | 872866828:628560318 | 1013661:49744920 | 321014599:858597525 | "
840,"273215751:273061447 | 894127793:894121811 | 691874585:254491244 | ","458395549:850275537 | 736191265:210007986 | 997938993:200261576 | 548263858:798930868 | "
841,"677906049:677776913 | 127616703:931855099 | 482016667:887209859 | 672202927:836235258 | 278653096:890279659 | 38677161:242519177 | 390773708:872811718 | ","677906049:677776913 | 545669509:545495103 | 693326338:693322260 | 895798337:797280200 | 577905604:698473527 | 736039592:673401335 | 766593902:148022232 | "
842,"443417408:837441483 | 367508751:131586360 | 345918397:88727194 | 461734163:988459785 | 990145801:608096241 | 303944604:241560670 | 872588948:733226491 | 794915173:608750432 | 699730659:202838076 | 12537889:75240430 | 732765707:732598269 | 712089372:415444317 | ","860618486:860614322 | 526446795:526270049 | 400608043:400481549 | 550340303:550136665 | 53923507:53738725 | 555630360:996269307 | 325627742:553928444 | 387989317:938035332 | 34448370:457302332 | 279940165:73334393 | 573896408:540458580 | "
843,"677906049:677776913 | 916033622:910627004 | 875925391:872004587 | 781481169:916744477 | 764991650:796158331 | 777307411:943763285 | 135260353:643048842 | ","560356461:412069793 | 298208657:629160944 | 450625683:708536444 | 585802187:65053432 | 355933746:965797535 | 758405145:232129564 | 266528899:773940100 | 877421252:363960984 | 696781452:660872760 | 812715054:672871366 | 854321366:689437464 | 198768803:58295695 | 719360816:719173704 | 614644781:557951552 | "
844,"860618486:860614322 | 526092667:525915921 | 850780632:850654160 | 108496811:365008010 | 164128287:256906431 | 269975073:931660217 | 859598065:776330501 | 57168817:942806104 | 191283966:801499585 | 340126683:588424174 | ","774370015:177483379 | 919426689:919307687 | 545689195:545514789 | 279792547:279788467 | 991653907:793605521 | 74095193:67769899 | 799165693:269901501 | 71940207:635211663 | 712038355:491494585 | 343837944:550218488 | 191283966:801499585 | 340126683:588424174 | "
845,"273215751:273061447 | 514570498:880470217 | ","253542962:401822474 | 159006086:903256638 | 828417968:229659284 | 35408175:920934840 | "
846,"585384166:492481745 | 138459731:938445601 | 304682637:754034672 | 235381730:791106155 | 961246251:593785499 | ","560356461:412069793 | 48077786:379030037 | 773925151:273340554 | 479819840:935690143 | 357692219:100396719 | 515133024:317643253 | 284657396:306225262 | 401658068:513045570 | 532571289:930576623 | "
847,"677906049:677776913 | 528226464:332464851 | 219785010:215863782 | 743513670:707747828 | 288732911:300727220 | 19885181:960738748 | 300951839:524043066 | ","387568291:22023368 | 195740186:361775513 | 663453988:656957841 | 406273334:400522874 | 934467758:767954120 | 264573520:68489890 | 382719496:790599019 | "
848,"579115614:727202862 | 204554701:493624237 | 545689195:545514789 | 279792547:279788467 | 566298490:412453553 | 424825107:888814093 | 284390490:682046419 | 846998500:222676626 | 214466854:961175465 | 440577391:338172473 | ","560356461:412069793 | 49781404:309302301 | 497939881:593273236 | 530042581:277348772 | 537840343:646363595 | 315906473:81473726 | 768810377:780929028 | 728055126:719885264 | 512692699:292929139 | 378969401:781175181 | "
849,"677906049:677776913 | 91362664:964453044 | 273689382:450030551 | 201107817:492444813 | 299041376:187659001 | 787784351:494943326 | 265949781:969577915 | ","677906049:677776913 | 916262082:910855464 | 180919366:180915286 | 380048510:373842476 | 347379868:342192158 | 133853089:19485277 | 654277544:83453839 | "
850,"273215751:273061447 | 296880915:770726791 | 701773947:713950076 | 521858062:104893334 | 917332926:311512557 | 229993218:333021490 | ","443417408:837441483 | 393210776:79616696 | 768313719:511122516 | 564577864:233537884 | 551031442:290045402 | 609422467:813291117 | 371985590:187794102 | 917332926:311512557 | 136451393:623645858 | 274718567:806144205 | "
851,"860618486:860614322 | 440245030:270391114 | 826101928:822181504 | 191145120:861223897 | 14885124:853981309 | 554302117:830611614 | ","560356461:412069793 | 421928983:821362539 | 539366472:781833785 | 863062174:782879749 | 726544360:138919159 | 985107227:913855830 | "
852,"677906049:677776913 | 110543128:914781524 | 826101928:822181504 | 687900623:357979393 | 857971411:697097573 | 427454941:892419049 | ","273215751:273061447 | 945379224:551608033 | 117502479:379264672 | 172883171:259277791 | "
853,"458395549:850275537 | 736191265:210007986 | 997938993:200261576 | 548263858:798930868 | ","443417408:837441483 | 367508751:131586360 | 777406596:301919598 | 834869131:225245780 | 958399250:735579720 | 13868217:812726546 | 843039817:325110008 | 808138051:765476300 | "
854,"273215751:273061447 | 102064395:923801366 | 524933533:62025890 | ","860618486:860614322 | 825115087:559643688 | 358814742:590619748 | 330925853:408209220 | 335840637:953795592 | 137058475:92398232 | 363382553:777401877 | 202203398:14792252 | 100514168:528018907 | "
855,"273215751:273061447 | 514570498:880470217 | ","560356461:412069793 | 259011411:80747201 | 337223819:905683565 | 929319567:696344944 | 197448249:292745475 | 240700173:12518226 | "
856,"677906049:677776913 | 101200844:905439240 | 745583054:952718427 | 269067755:620395014 | 800252855:689510217 | 917363856:663357276 | ","560356461:412069793 | 259011411:80747201 | 337223819:905683565 | 929319567:696344944 | 822864497:438841825 | 516211097:327451902 | "
857,"677906049:677776913 | 916302026:910895408 | 219305550:219301470 | 633104357:438519353 | 799850557:799683139 | 489697338:802263233 | ","677906049:677776913 | 916033622:910627004 | 875925391:872004587 | 781481169:916744477 | 764991650:796158331 | 96529636:256661637 | "
858,"888441660:627380291 | 69420524:581599271 | ","560356461:412069793 | 421928983:821362539 | 539366472:781833785 | 863034980:782852555 | 612314461:24689310 | 833758716:11393909 | "
859,"560356461:412069793 | 201867317:196116859 | 879827622:986029268 | ","860618486:860614322 | 304450438:298971280 | 888960483:121435674 | 527374027:731653981 | 890103237:883878909 | 225603649:225418427 | 275981930:822551897 | "
860,"677906049:677776913 | 399523272:231918058 | 548989161:427439601 | 474029337:520460274 | 426217251:467925032 | 694029092:184054739 | ","677906049:677776913 | 37369610:103192649 | 400747390:597757353 | 284390490:682046419 | 846998500:222676626 | 214466854:961175465 | 440577391:338172473 | "
861,"677906049:677776913 | 916413936:911007318 | 132383153:132256653 | 74104061:131464899 | 848461631:619658165 | 318295803:772542800 | ","550166143:911199274 | 551280121:858123170 | 6173187:933005589 | 663733219:194893037 | 706411389:996479709 | 191283966:801499585 | 340126683:588424174 | "
862,"273215751:273061447 | 102064395:923801366 | 984675280:356839546 | 664874464:975293257 | 910798387:910623981 | 614644781:557951552 | ","443417408:837441483 | 393210776:79616696 | 768313719:511122516 | 917151399:3246877 | 984675280:356839546 | 664874469:975293262 | 234899114:229492472 | 903797449:903791467 | 917332926:311512557 | 136451393:623645858 | 909103057:923900102 | 402541435:712960198 | 195823310:967071818 | "
863,"677906049:677776913 | 101200844:905439240 | 745583054:952718427 | 269067755:620395014 | 800252855:689510217 | 917363856:663357276 | ","273215751:273061447 | 154917600:628763480 | 990069914:314630298 | "
864,"677906049:677776913 | 916413936:911007318 | 132383153:132256653 | 786222819:786013931 | 992048307:465894172 | ","560356461:412069793 | 979415281:238935887 | 254827721:507511058 | 502217951:687672016 | 666037326:478626180 | 917179062:756278260 | 749317331:556366343 | 239313637:182621128 | 421199067:228529369 | 531118058:242096150 | 799172463:37399422 | 614644781:557951552 | "
865,"273215751:273061447 | 719095506:718910010 | 386002578:915517652 | ","677906049:677776913 | 528226464:332464851 | 219785010:215863782 | 743513670:707747828 | 288732911:300727220 | 19885181:960738748 | 300951839:524043066 | "
866,"273215751:273061447 | 87105678:908842649 | 245822902:257855831 | 284372138:601363421 | 179513779:979104598 | 140747905:134422593 | 560145358:359402480 | 259011411:80747201 | 337223819:905683565 | 929319567:696344944 | 822864497:438841825 | 516211097:327451902 | ","894943403:633866356 | 605989001:741573573 | 75781830:187169357 | 665637407:620413872 | 810952836:320911428 | 881251289:773022694 | 343319130:434589963 | "
867,"560356461:412069793 | 421928983:821362539 | 539366472:781833785 | 66116369:351463201 | 209940841:201972446 | 173598076:643653593 | ","860618486:860614322 | 758899335:758893635 | 825311940:543541594 | 841691230:947775193 | 70687510:496658146 | 726151365:719826093 | 279089973:826236366 | "
868,"560356461:412069793 | 201867317:196116859 | 879827622:986029268 | ","443417408:837441483 | 367520048:131597657 | 420199125:976115727 | 856056025:349798585 | 199808306:931059474 | "
869,"369594723:772708026 | ","560356461:412069793 | 7481841:338434104 | 778472855:882869091 | 21697459:195525133 | 849676100:746438472 | 351195412:659932583 | 859719867:315338056 | 857040354:974175537 | 441589726:474946516 | 191283966:801499585 | 340126683:588424174 | "
870,"560356461:412069793 | 421928983:821362539 | 539366472:781833785 | 863062174:782879749 | 726544360:138919159 | 985107227:913855830 | ","303717260:456586410 | 941625842:820106603 | 838229269:577866320 | 38506092:71075185 | "
871,"860618486:860614322 | 886517542:716663626 | 513471630:391911846 | 877774433:564890797 | 265554923:811125496 | 912189914:144571914 | 609718421:609712813 | 385091512:595119749 | ","560356461:412069793 | 357821469:758642661 | 994035620:722257316 | 513425096:59613662 | 127069504:482453680 | 323952652:776989099 | 459759775:258387437 | 164128287:256906431 | 270012646:931697790 | 49712767:909869086 | 319634580:141180590 | 878553960:874575812 | 195823310:967071818 | "
872,"560356461:412069793 | 258471530:80207320 | 207719974:137069780 | 213429375:47238817 | 546460118:333775272 | 211887368:15803788 | 975825274:970407090 | 356610017:356604057 | 676279636:688741905 | 20844622:128278080 | 827126140:655030072 | 906317550:728318910 | 943944195:266935507 | ","677906049:677776913 | 916322238:910915620 | 653722335:214990170 | 906223901:891689369 | 22172788:866881086 | 457098915:456035468 | 37926942:117541210 | 470881070:583703830 | 64470012:617084782 | 943303482:994246777 | 673759562:781186880 | 191884350:457549067 | 579263814:86219671 | 195823310:967071818 | "
873,"860618486:860614322 | 526033394:525856648 | 634357736:630437162 | 397441061:726208084 | 74695045:316555154 | 236243758:550547980 | 588477025:588283099 | 488504094:301092948 | 887083343:806402244 | ","677906049:677776913 | 238259780:42498167 | 994763584:514252545 | 202467479:131365755 | 694149600:827983682 | "
874,"672133831:820413331 | 446880041:135409300 | 845825233:580168952 | ","677906049:677776913 | 545669509:545495103 | 693326338:693322260 | 895798337:797280200 | 577905604:698473527 | 736039592:673401335 | 766593902:148022232 | "
875,"677906049:677776913 | 127616703:931855099 | 482016667:887209859 | 672202927:836235258 | 278653096:890279659 | 38677161:242519177 | 390773708:872811718 | ","860618486:860614322 | 526033394:525856648 | 191844508:240564247 | 227849802:673119964 | 350854775:724729833 | 508211315:232016642 | "
876,"560356461:412069793 | 259011411:80747201 | 337223819:905683565 | 929319567:696344944 | 197448249:292745475 | 240700173:12518226 | ","560356461:412069793 | 421928983:821362539 | 539366472:781833785 | 863034980:782852555 | 612314461:24689310 | 833758716:11393909 | "
877,"458278041:850158029 | 719251878:911208065 | ","443417408:837441483 | 668738573:304829648 | 103460495:856869297 | 333240545:977596418 | 814490324:688949810 | 706046265:185917899 | "
878,"677906049:677776913 | 101200844:905439240 | 745583054:952718427 | 269067755:620395014 | 800252855:689510217 | 707011740:150430879 | 859598065:776330501 | 57168817:942806104 | 191283966:801499585 | 340126683:588424174 | ","820849454:298378775 | 539667885:173367491 | 347961893:74037279 | 406273334:400522874 | 908289715:741776077 | 282892355:846573470 | 631656065:804279401 | 392708651:322058385 | 835672917:54656710 | 501000412:195451857 | "
879,"458278041:850158029 | 719251878:911208065 | ","860618486:860614322 | 857928366:688074450 | 549538060:722565629 | 904738861:925844692 | 892876546:418882457 | 10707789:346588532 | 327639038:643291794 | "
880,"410783682:907296383 | 305069456:947059671 | 473276637:764996465 | 792669905:573684350 | 195823310:967071818 | ","413516622:265229954 | 363335014:193478604 | 850235347:820327508 | 55643227:854073744 | 16956220:265988691 | 177146343:669813511 | 292552104:161075121 | 924341959:766771515 | "
881,"273215751:273061447 | 719095506:718910010 | 141483953:771468316 | 734702100:6106326 | 565591614:270820215 | 614644781:557951552 | ","443417408:837441483 | 393055141:79461061 | 56338709:14047279 | 778167401:191698561 | 382561156:547145141 | 501556900:767707452 | 481746242:940454577 | 421535364:44379891 | 195823310:967071818 | "
882,"860618486:860614322 | 567961682:398107766 | 994763584:514252545 | 202467479:131365755 | 88293695:702843999 | ","273215751:273061447 | 719095506:718910010 | 386002578:915517652 | "
883,"560356461:412069793 | 259011411:80747201 | 337223819:905683565 | 929319567:696344944 | 197448249:292745475 | 240700173:12518226 | ","860618486:860614322 | 526426583:526249837 | 297786418:529415708 | 772680736:764800207 | 413556950:271343192 | 718056673:867921810 | "
884,"118710876:510590864 | 902972868:876248336 | ","860618486:860614322 | 304226175:298747017 | 952580063:948659657 | 975825274:970407090 | 356610017:356604057 | 676279636:688741905 | 20844622:128278080 | 827126140:655030072 | 990184725:812186087 | 279962656:58050236 | "
885,"677906049:677776913 | 528226464:332464851 | 219785010:215863782 | 743513670:707747828 | 288732911:300727220 | 19885181:960738748 | 300951839:524043066 | ","560356461:412069793 | 259011411:80747201 | 337223819:905683565 | 929319567:696344944 | 822864497:438841825 | 516211097:327451902 | "
886,"677906049:677776913 | 915908837:910502219 | 634357736:630437162 | 365418870:694185893 | 617002752:426829696 | 987366772:327571953 | 530712887:343301607 | 466845030:301960296 | 561267184:769344051 | 965636699:910048522 | 910423836:984554246 | 191283966:801499585 | 340126683:588424174 | ","860618486:860614322 | 758905148:758899448 | 861562043:861435573 | 156805831:80929488 | 556684054:366506708 | 787306825:296300393 | 346404769:170411312 | 227054100:459436103 | 154834855:154649633 | 740470456:754684617 | 697718245:117747248 | 672870783:880947632 | 195823310:967071818 | "
887,"560308612:412021944 | 857184704:967226830 | ","560356461:412069793 | 259011411:80747201 | 337223819:905683565 | 929319567:696344944 | 197448249:292745475 | 240700173:12518226 | "
888,"443417408:837441483 | 367508751:131586360 | 345918397:88727194 | 935807201:119124494 | 241291971:804960416 | 762932164:153544247 | 644319750:130399386 | 576138124:533985189 | 576017546:497429812 | ","560356461:412069793 | 201906239:196155781 | 490654830:484337816 | 357449382:967313171 | 241291971:804960416 | 248971784:639638460 | 966912832:812438853 | 650287569:814397398 | 440297454:245167201 | 466845030:301960296 | 561267184:769344051 | 696680598:226269276 | "
889,"677906049:677776913 | 915908837:910502219 | 634357736:630437162 | 365418870:694185893 | 617002752:426829696 | 987366772:327571953 | 530712887:343301607 | 466845030:301960296 | 399282648:849665437 | ","860618486:860614322 | 304450438:298971280 | 888960483:121435674 | 527374027:731653981 | 890103237:883878909 | 225603649:225418427 | 275981930:822551897 | "
890,"273215751:273061447 | 114949350:936686321 | 14885124:853981309 | 699852707:484739605 | ","415569004:267282336 | 239556877:894614855 | 906378993:233009140 | 526192346:698952814 | 254096538:293936408 | 917332926:311512557 | 229993218:333021490 | "
891,"560356461:412069793 | 259011411:80747201 | 337223819:905683565 | 929319567:696344944 | 822864497:438841825 | 516211097:327451902 | ","894943403:633866356 | 605989001:741573573 | 75781830:187169357 | 665637407:620413872 | 810952836:320911428 | 318789833:963703370 | "
892,"560356461:412069793 | 258471530:80207320 | 207719974:137069780 | 213429375:47238817 | 367180543:773950346 | 479092322:283007922 | 743513670:707747828 | 288732911:300727220 | 19885181:960738748 | 300951839:524043066 | ","387568291:22023368 | 195740186:361775513 | 663453988:656957841 | 406273334:400522874 | 934467758:767954120 | 264573520:68489890 | 657507083:380341905 | 289121809:301116118 | 202100997:368561289 | 195823310:967071818 | "
893,"677906049:677776913 | 238259780:42498167 | 994763584:514252545 | 202467479:131365755 | 723702272:857536354 | ","560356461:412069793 | 803832718:491927951 | 278349268:382750786 | 915798099:498146139 | 77213859:483983662 | 312756420:319287151 | 202467479:131365755 | 215940309:26709149 | 288743391:283001537 | 195127702:194995922 | 614644781:557951552 | "
894,"860618486:860614322 | 319247761:313768603 | 821311138:821184646 | 167516823:28950683 | 401832426:240929648 | 28400708:946717882 | ","579115614:727202862 | 204554701:493624237 | 545689195:545514789 | 279792547:279788467 | 747260099:607760127 | 829675890:823350586 | 251383998:112817860 | 161173494:586060669 | 12160765:561890892 | 957046952:761915893 | 170874000:844585209 | "
895,"254513013:407382003 | 383207791:38264588 | 933458806:186452296 | 244788180:742554235 | 288090394:974229820 | ","361831635:858344176 | 262685856:772270025 | 265945682:392684824 | 761641808:530591544 | 664874310:975293103 | 230162345:224755703 | 725344266:317172011 | 10933980:757002392 | 519918563:251188743 | "
896,"677906049:677776913 | 349872898:281262943 | 646676352:525143306 | 125805201:700732592 | 401832768:240929990 | 547500127:507183197 | 844006802:407787018 | 173586853:718941686 | 963330014:976471768 | ","273215751:273061447 | 718924959:718739463 | 616408452:909980995 | 189970719:111071496 | 241052076:557966963 | "
897,"677906049:677776913 | 916262082:910855464 | 180919366:180915286 | 380048510:373842476 | 347379868:342192158 | 133853089:19485277 | 654277544:83453839 | ","560356461:412069793 | 706081055:394176288 | 856948819:666774047 | 995705978:791527150 | 857359184:857155144 | 558509657:552603841 | 347379868:342192158 | 628682115:497217512 | 558804718:870715122 | "
898,"273215751:273061447 | 102064395:923801366 | 524933533:62025890 | ","443417408:837441483 | 393210776:79616696 | 768313719:511122516 | 917151399:3246877 | 984675280:356839546 | 664874469:975293262 | 234899114:229492472 | 903797449:903791467 | 917332926:311512557 | 229993218:333021490 | "
899,"888441660:627380291 | 69420524:581599271 | ","860618486:860614322 | 526033394:525856648 | 191844508:240564247 | 227849802:673119964 | 350854775:724729833 | 508211315:232016642 | "
900,"677906049:677776913 | 556815640:361054027 | 513471630:391911846 | 877774433:564890797 | 265554923:811125496 | 912190938:144572938 | 640224405:640218797 | 397118095:764301846 | ","560356461:412069793 | 357821469:758642661 | 994035620:722257316 | 513425096:59613662 | 127069504:482453680 | 323952652:776989099 | 459759775:258387437 | 164128287:256906431 | 270012646:931697790 | 49712767:909869086 | 319634580:141180590 | 878553960:874575812 | 195823310:967071818 | "
901,"677906049:677776913 | 238259780:42498167 | 994763584:514252545 | 202467479:131365755 | 694149600:827983682 | ","677906049:677776913 | 528226464:332464851 | 219785010:215863782 | 743513670:707747828 | 288732911:300727220 | 19885181:960738748 | 300951839:524043066 | "
902,"860618486:860614322 | 319247761:313768603 | 821311138:821184646 | 167516823:28950683 | 401832426:240929648 | 355754862:611184451 | 696680598:226269276 | ","579115614:727202862 | 204554701:493624237 | 545689195:545514789 | 279792547:279788467 | 747260099:607760127 | 829675890:823350586 | 251383998:112817860 | 161173494:586060669 | 12160765:561890892 | 957046952:761915893 | 940995940:382083395 | 288743391:283001537 | 195127702:194995922 | 614644781:557951552 | "
903,"677906049:677776913 | 916262082:910855464 | 180919366:180915286 | 380048510:373842476 | 347379868:342192158 | 133853089:19485277 | 654277544:83453839 | ","677906049:677776913 | 915908837:910502219 | 634357736:630437162 | 250752951:579519974 | 604633735:414467511 | 80709155:904700712 | 202203398:14792252 | 100514168:528018907 | "
904,"273215751:273061447 | 787707356:153611862 | 38919515:610317702 | ","254513013:407382003 | 383207791:38264588 | 933458806:186452296 | 244788180:742554235 | 288090394:974229820 | "
905,"273215751:273061447 | 87105678:908842649 | 245822902:257855831 | 284372138:601363421 | 179513779:979104598 | 140747905:134422593 | 786222819:786013931 | 338790327:812636221 | 280883491:495067060 | ","443417408:837441483 | 393210776:79616696 | 768313719:511122516 | 606487276:275447314 | 976802698:370808616 | 606950503:867427068 | 155971355:975021764 | 966303048:966126178 | 512843484:456150945 | 316226873:776678631 | 725838554:458922544 | 191283966:801499585 | 340126683:588424174 | "
906,"860618486:860614322 | 526538493:526361747 | 132383153:132256653 | 786222819:786013931 | 383355654:72578373 | 652614521:95841864 | ","361831635:858344176 | 318419720:28801375 | 724152292:252338834 | 951419384:815464106 | 734130925:257366156 | 524908358:950756713 | 283894870:324916183 | "
907,"860618486:860614322 | 457318605:287464689 | 233807384:229886926 | 182774089:499946652 | 918431431:913241893 | 913898296:908451208 | 776848427:598849787 | 887083343:806402244 | ","560308612:412021944 | 857184704:967226830 | "
908,"585384166:492481745 | 138459731:938445601 | 304682637:754034672 | 296833644:524290652 | ","888441660:627380291 | 69420524:581599271 | "
909,"677906049:677776913 | 101200844:905439240 | 293179005:171646367 | 23528340:604464261 | 498055186:511331365 | 549091731:354380082 | 447078854:189380081 | 889189067:332605326 | ","273215751:273061447 | 992048307:465894172 | "
910,"672133831:820413331 | 446880041:135409300 | 845825233:580168952 | ","443417408:837441483 | 196410274:915233673 | 435834860:960160277 | 774180460:120629137 | 239313637:182621128 | 421199067:228529369 | 852337801:407554457 | "
911,"443417408:837441483 | 367508751:131586360 | 345918397:88727194 | 886458108:709900870 | 140747905:134422593 | 714081533:451282009 | 446880041:135409300 | 845825233:580168952 | ","443417408:837441483 | 196410274:915233673 | 435834860:960160277 | 774180460:120629137 | 239313637:182621128 | 421199067:228529369 | 531118058:242096150 | 799172463:37399422 | 614644781:557951552 | "
912,"677906049:677776913 | 110543128:914781524 | 826101928:822181504 | 687900623:357979393 | 857971411:697097573 | 427454941:892419049 | ","10198902:402136808 | 509973957:709252511 | 462795103:244497118 | 406273334:400522874 | 917631999:751118361 | 85409233:889325644 | 687900623:357979393 | 142247316:934275928 | "
913,"443417408:837441483 | 367508751:131586360 | 345918397:88727194 | 886458108:709900870 | 140747905:134422593 | 786222819:786013931 | 291633830:765479706 | 961841611:339311251 | 427046045:789861610 | 523383940:913946116 | ","443417408:837441483 | 367520048:131597657 | 665081237:905714166 | 778472855:882869091 | 970886246:81368891 | 946742559:136997042 | 961841611:339311251 | 427046045:789861610 | 984475203:984469131 | 512843484:456150945 | 135758631:141326183 | "
914,"860618486:860614322 | 30364939:764893559 | 895958120:915847875 | 989572722:430060652 | 44715265:454114481 | 459376874:473696943 | 606676760:865520549 | ","560356461:412069793 | 298208657:629160944 | 450625683:708536444 | 585802187:65053432 | 179193235:978784054 | 356406729:277800035 | 420878885:237774013 | 564236633:659384345 | 459376874:473696943 | 606676760:865520549 | "
915,"672133831:820413331 | 446880041:135409300 | 845825233:580168952 | ","585384166:492481745 | 138459731:938445601 | 304682637:754034672 | 296833644:524290652 | "
916,"273215751:273061447 | 102064395:923801366 | 524933533:62025890 | ","273215751:273061447 | 945379224:551608033 | 117502479:379264672 | 172883171:259277791 | "
917,"560308612:412021944 | 857184704:967226830 | ","443417408:837441483 | 367472199:131549808 | 377571835:613311296 | 835771393:663436545 | 188321856:882961025 | 917332926:311512557 | 229993218:333021490 | "
918,"677906049:677776913 | 37369610:103192649 | 400747390:597757353 | 286203345:683859274 | 321355343:693815646 | 700769376:830197758 | 26517626:943197497 | ","560356461:412069793 | 421928983:821362539 | 539366472:781833785 | 479463750:154296573 | 829784523:520506271 | 716206248:333461544 | "
919,"273215751:273061447 | 787707356:153611862 | 38919515:610317702 | ","273215751:273061447 | 489235964:855113737 | 715450506:285677079 | 394972995:851096352 | "
920,"860618486:860614322 | 526386639:526209893 | 180919366:180915286 | 782568343:590181267 | 668316170:507436184 | 354473578:993137242 | 420971799:754628001 | 133149558:127759034 | 844252275:187594048 | ","860618486:860614322 | 526234151:526057405 | 34378398:34374318 | 213634018:777210284 | 499739297:916384934 | "
921,"860618486:860614322 | 526538493:526361747 | 132383153:132256653 | 87619099:756561056 | 96754728:276182786 | 480699952:481059239 | 327424152:220799214 | ","443417408:837441483 | 587049062:223140137 | 225483619:480121986 | 953066614:298340490 | 493232157:187835332 | 230771804:909527838 | 592197126:11613631 | 519136665:808206197 | 614644781:557951552 | "
922,"443417408:837441483 | 367508751:131586360 | 345918397:88727194 | 886458108:709900870 | 140747905:134422593 | 816757963:553958421 | 915126521:911475544 | ","443417408:837441483 | 367520048:131597657 | 951667507:192300451 | 469982659:575076803 | 820328279:344419916 | 912515428:747961792 | 517857138:86451176 | 269220270:558647818 | 917332926:311512557 | 136451393:623645858 | 274718567:806144205 | "
923,"273215751:273061447 | 787707356:153611862 | 38919515:610317702 | ","443417408:837441483 | 367520048:131597657 | 528738441:769371376 | 990265653:94848750 | 503763696:793828012 | 347191515:181777194 | 775449020:148719925 | 233441863:586043700 | 499769234:318819626 | 457024658:939114478 | 155086581:587127597 | 195823310:967071818 | "
924,"677906049:677776913 | 390589087:222983873 | 936743938:440620884 | 739205774:570572828 | 44001950:645567789 | 598004791:591959267 | 354164061:348845185 | 812755088:812569414 | 990184725:812186087 | 327639038:643291794 | ","860618486:860614322 | 30364939:764893559 | 895958120:915847875 | 989572722:430060652 | 44715265:454114481 | 459376874:473696943 | 606676760:865520549 | "
925,"677906049:677776913 | 916092946:910686328 | 569769880:569643400 | 139724221:752163758 | 962781424:235645508 | 689278227:802516170 | ","560356461:412069793 | 298208657:629160944 | 450625683:708536444 | 585802187:65053432 | 179187433:978778252 | 418574036:412248744 | 720087392:776131869 | 920179350:832492304 | 501789118:759037209 | 154691753:375197344 | 233040852:154497114 | 854429521:53708038 | 195823310:967071818 | "
926,"677906049:677776913 | 101200844:905439240 | 745583054:952718427 | 269067755:620395014 | 800252855:689510217 | 917363856:663357276 | ","677906049:677776913 | 915908837:910502219 | 634357736:630437162 | 365418870:694185893 | 617002752:426829696 | 987366772:327571953 | 530712887:343301607 | 466845030:301960296 | 399282648:849665437 | "
927,"560356461:412069793 | 421928983:821362539 | 539366472:781833785 | 767572088:281916879 | 299820486:83416017 | 195683960:136538160 | ","458278041:850158029 | 719251878:911208065 | "
928,"677906049:677776913 | 915908837:910502219 | 634357736:630437162 | 110260540:302038139 | 972268917:773314809 | 153142460:642818318 | 379866003:181113599 | 101447859:44625996 | 881101324:516974874 | ","273215751:273061447 | 514570498:880470217 | "
929,"677906049:677776913 | 623991013:428229400 | 54560917:58273067 | 398125422:313217098 | 744069620:395055677 | ","560356461:412069793 | 201871102:196120644 | 304830962:410824336 | 790080915:955253050 | 629949613:426258458 | 305248261:461984115 | 113464357:942775821 | "
930,"860618486:860614322 | 526033394:525856648 | 634357736:630437162 | 217148415:408926016 | 364235341:340356094 | 925149116:15354330 | 894978:814198385 | 990184725:812186087 | 327639038:643291794 | ","860618486:860614322 | 319247761:313768603 | 821311138:821184646 | 167516823:28950683 | 401832426:240929648 | 28400708:946717882 | "
931,"273215751:273061447 | 87105678:908842649 | 245822902:257855831 | 284372138:601363421 | 179513779:979104598 | 140747905:134422593 | 786222819:786013931 | 296880915:770726791 | 701773947:713950076 | 521858062:104893334 | 917332926:311512557 | 229993218:333021490 | ","443417408:837441483 | 393210776:79616696 | 768313719:511122516 | 564577864:233537884 | 551031442:290045402 | 609422467:813291117 | 371985590:187794102 | 917332926:311512557 | 136451393:623645858 | 274718567:806144205 | "
932,"273215751:273061447 | 154917600:628763480 | 548066773:913375177 | 91429888:527195003 | 508951622:195754702 | 195823310:967071818 | ","717646481:471228176 | 105600863:97296740 | 91236601:527001716 | 750738853:437541945 | 166286642:166094976 | 614644781:557951552 | "
933,"860618486:860614322 | 526386639:526209893 | 180919366:180915286 | 782568343:590181267 | 668316170:507436184 | 354473578:993137242 | 420971799:754628001 | 133149558:127759034 | 844252275:187594048 | ","860618486:860614322 | 857928366:688074450 | 813335378:691777298 | 899267087:863501241 | 351578262:240137791 | 977806849:799372575 | 10707789:346588532 | 327639038:643291794 | "
934,"860618486:860614322 | 440245030:270391114 | 826101928:822181504 | 288048111:233747508 | 108522774:750757734 | 833786360:894250204 | 167558571:456927541 | 47797014:529879020 | 854429521:53708038 | 195823310:967071818 | ","525869692:747921644 | 726823047:650571253 | 286637113:490479273 | 491892985:324287723 | 578003589:572647165 | 917631999:751118361 | 85409233:889325644 | 288048111:233747508 | 363406453:272690027 | "
935,"560356461:412069793 | 259011411:80747201 | 337223819:905683565 | 929319567:696344944 | 197448249:292745475 | 240700173:12518226 | ","560356461:412069793 | 421928983:821362539 | 539366472:781833785 | 15465851:875944337 | 167840149:125605368 | 606681263:354210348 | 371573262:809334323 | 795976783:332619417 | "
936,"458278041:850158029 | 719251878:911208065 | ","677906049:677776913 | 37369610:103192649 | 400747390:597757353 | 284390490:682046419 | 846998500:222676626 | 214466854:961175465 | 440577391:338172473 | "
937,"677906049:677776913 | 915908837:910502219 | 634357736:630437162 | 110260540:302038139 | 972268917:773314809 | 153142460:642818318 | 379866003:181113599 | 101447859:44625996 | 881101324:516974874 | ","677906049:677776913 | 915908837:910502219 | 634357736:630437162 | 457128748:402233915 | 404420742:412061030 | 388279454:531584987 | 479720299:479523703 | 641631939:463633299 | "
938,"560356461:412069793 | 258471530:80207320 | 207719974:137069780 | 213429375:47238817 | 179513779:979104598 | 140747905:134422593 | 786222819:786013931 | 894159569:894153587 | 588338285:470664106 | ","443417408:837441483 | 393210776:79616696 | 768313719:511122516 | 363088720:356613144 | 893286281:330790041 | 268181753:771904939 | 563767016:893509523 | 170861218:40264989 | 195823310:967071818 | "
939,"273215751:273061447 | 338790327:812636221 | 976802698:370808616 | 200673363:334234859 | ","443417408:837441483 | 393210776:79616696 | 768313719:511122516 | 606487276:275447314 | 976802698:370808616 | 606950503:867427068 | 155971355:975021764 | 966303048:966126178 | 898147962:140679232 | "
940,"677906049:677776913 | 915908837:910502219 | 634357736:630437162 | 110260540:302038139 | 972268917:773314809 | 153142460:642818318 | 379866003:181113599 | 101447859:44625996 | 881101324:516974874 | ","677906049:677776913 | 390589087:222983873 | 936743938:440620884 | 739205774:570572828 | 44001950:645567789 | 598004791:591959267 | 354164061:348845185 | 812755088:812569414 | 990184725:812186087 | 327639038:643291794 | "
941,"860618486:860614322 | 30364939:764893559 | 895958120:915847875 | 989572722:430060652 | 44715265:454114481 | 459376874:473696943 | 606676760:865520549 | ","458395549:850275537 | 736191265:210007986 | 997938993:200261576 | 548263858:798930868 | "
942,"888441660:627380291 | 69420524:581599271 | ","860618486:860614322 | 526092667:525915921 | 850780632:850654160 | 108496811:365008010 | 164128287:256906431 | 369227270:881466538 | "
943,"560356461:412069793 | 421928983:821362539 | 539366472:781833785 | 863034980:782852555 | 612314461:24689310 | 833758716:11393909 | ","677906049:677776913 | 349872898:281262943 | 646676352:525143306 | 125805201:700732592 | 401832768:240929990 | 359144011:985623939 | 682909064:910479194 | 547547082:475969761 | "
944,"860618486:860614322 | 857928366:688074450 | 813335378:691777298 | 899267087:863501241 | 351578262:240137791 | 977806849:799372575 | 10707789:346588532 | 327639038:643291794 | ","303623853:706737170 | 781538717:660017070 | 212691820:16864356 | 620082456:98317042 | 201779174:123186682 | 64438587:36527490 | 198395205:491710632 | 388326161:592168321 | 10707789:346588532 | 327639038:643291794 | "
945,"273215751:273061447 | 296880915:770726791 | 701773947:713950076 | 521858062:104893334 | 917332926:311512557 | 229993218:333021490 | ","677906049:677776913 | 915908837:910502219 | 634357736:630437162 | 110260540:302038139 | 972268917:773314809 | 153142460:642818318 | 379866003:181113599 | 101447859:44625996 | 881101324:516974874 | "
946,"273215751:273061447 | 719095506:718910010 | 386002578:915517652 | ","860618486:860614322 | 430902746:261048830 | 848167067:844246661 | 402871785:995674069 | 948653203:787772883 | 842188319:19775242 | 708897440:897022650 | "
947,"860618486:860614322 | 934888274:705274605 | 273689382:450030551 | 202092905:493429901 | 531944250:420505471 | 331348446:867930523 | 665856274:317028133 | ","273215751:273061447 | 894169201:894163219 | 623757335:623751935 | 326233668:232009914 | 154333696:185033802 | 36729346:859428331 | 464896532:828990774 | 543368319:156030057 | "
948,"80306601:228586115 | 808903072:244035492 | ","888441660:627380291 | 69420524:581599271 | "
949,"677906049:677776913 | 383030742:314420761 | 511364212:389806116 | 831732330:874963152 | 401832426:240929648 | 28400708:946717882 | ","888441660:627380291 | 69420524:581599271 | "
950,"677906049:677776913 | 399523272:231918058 | 548989161:427439601 | 474029337:520460274 | 426217251:467925032 | 694029092:184054739 | ","860618486:860614322 | 825115087:559643688 | 358814742:590619748 | 330925853:408209220 | 335840637:953795592 | 137058475:92398232 | 363382553:777401877 | 202203398:14792252 | 100514168:528018907 | "
951,"273215751:273061447 | 291633830:765479706 | 961841611:339311251 | 427046045:789861610 | 492846212:883408388 | ","469688335:464904895 | 896408507:896402525 | 135961714:96147472 | "
952,"774810261:923089743 | 915126521:911475544 | ","677906049:677776913 | 916262082:910855464 | 180919366:180915286 | 380048510:373842476 | 347379868:342192158 | 133853089:19485277 | 654277544:83453839 | "
953,"469688335:464904895 | 936190862:757927692 | 620597861:455712695 | 688447738:682702094 | 512843484:456150945 | 316226873:776678631 | 725838554:458922544 | 191283966:801499585 | 340126683:588424174 | ","11222062:513308894 | 872866828:628560318 | 1013661:49744920 | 461968214:414793470 | 493928027:752549943 | 817430783:442543247 | 614644781:557951552 | "
954,"273215751:273061447 | 514570498:880470217 | ","560356461:412069793 | 258957564:80693354 | 163558546:967731099 | 252632304:252431540 | 486259829:384149535 | 498570787:892893964 | 100839501:889429550 | 209718161:153025064 | "
955,"254513013:407382003 | 383207791:38264588 | 933458806:186452296 | 244788180:742554235 | 288090394:974229820 | ","677906049:677776913 | 91362664:964453044 | 273689382:450030551 | 201107817:492444813 | 299041376:187659001 | 787784351:494943326 | 265949781:969577915 | "
956,"860618486:860614322 | 304450438:298971280 | 888960483:121435674 | 527374027:731653981 | 890103237:883878909 | 225603649:225418427 | 275981930:822551897 | ","201849299:593768611 | 974235234:979567017 | 382316803:190715167 | 545689195:545514789 | 279792547:279788467 | 732462776:592962804 | 855481230:90887876 | 630076442:334118022 | 313341092:349212698 | 838649581:832907691 | 23934892:908860176 | "
957,"443417408:837441483 | 367508751:131586360 | 345918397:88727194 | 886458108:709900870 | 140747905:134422593 | 786222819:786013931 | 296880915:770726791 | 701773947:713950076 | 521858062:104893334 | 917332926:311512557 | 229993218:333021490 | ","443417408:837441483 | 393210776:79616696 | 768313719:511122516 | 564577864:233537884 | 551031442:290045402 | 609422467:813291117 | 371985590:187794102 | 917332926:311512557 | 136451393:623645858 | 909103057:923900102 | 402541435:712960198 | 195823310:967071818 | "
958,"273215751:273061447 | 97858105:919595076 | 701953635:246512188 | ","860618486:860614322 | 304450438:298971280 | 888960483:121435674 | 527374027:731653981 | 890103237:883878909 | 225603649:225418427 | 275981930:822551897 | "
959,"677906049:677776913 | 127616703:931855099 | 482016667:887209859 | 672202927:836235258 | 278653096:890279659 | 38677161:242519177 | 390773708:872811718 | ","677906049:677776913 | 916092946:910686328 | 569769880:569643400 | 139724221:752163758 | 962781424:235645508 | 689278227:802516170 | "
960,"560356461:412069793 | 258471530:80207320 | 207719974:137069780 | 213429375:47238817 | 179513779:979104598 | 140747905:134422593 | 122254303:859454802 | 808903072:244035492 | ","962859072:311341053 | 332908310:509897981 | 694019578:122515323 | 687393093:201937099 | 913777999:101773382 | 833358224:788581278 | 917332926:311512557 | 229993218:333021490 | "
961,"560356461:412069793 | 258471530:80207320 | 207719974:137069780 | 213429375:47238817 | 179513779:979104598 | 140747905:134422593 | 560145358:359402480 | 421928983:821362539 | 539366472:781833785 | 479495526:154328349 | 175587609:866309306 | 613655004:550619462 | ","54371985:50368727 | 49091513:43612333 | 313426008:172047146 | 580105426:151623149 | 101024072:609790970 | 219504386:650055006 | 212164183:702845327 | "
962,"860618486:860614322 | 886517542:716663626 | 513471630:391911846 | 877774433:564890797 | 265554923:811125496 | 912189914:144571914 | 609718421:609712813 | 385091512:595119749 | ","273215751:273061447 | 718924959:718739463 | 616408452:909980995 | 189970719:111071496 | 241052076:557966963 | "
963,"273215751:273061447 | 87105678:908842649 | 245822902:257855831 | 284372138:601363421 | 296099170:289634358 | 440798764:244714896 | 247950882:774677380 | 854223026:161015641 | ","443417408:837441483 | 367520048:131597657 | 705677182:946310099 | 172261880:276298204 | 459773427:248433635 | 354718419:154351932 | 714855860:227973314 | 941847627:983022436 | 559917284:161225741 | 137980116:822908841 | 191283966:801499585 | 340126683:588424174 | "
964,"888572883:627511514 | 964137167:476082985 | ","560356461:412069793 | 421928983:821362539 | 539366472:781833785 | 66116369:351463201 | 209940841:201972446 | 173598076:643653593 | "
965,"677906049:677776913 | 37369610:103192649 | 589827229:495350476 | 575083335:340348778 | ","273215751:273061447 | 154917600:628763480 | 990069914:314630298 | "
966,"677906049:677776913 | 383030742:314420761 | 511364212:389806116 | 621052018:664282840 | 738293014:122787168 | 808889023:820191113 | 654589017:987955203 | 191283966:801499585 | 340126683:588424174 | ","560356461:412069793 | 607854351:652976390 | 914081670:243961221 | 875877479:842031534 | 549890828:471274438 | 621052018:664282840 | 738293014:122787168 | 808889023:820191113 | 654589017:987955203 | 191283966:801499585 | 340126683:588424174 | "
967,"273215751:273061447 | 514570498:880470217 | ","860618486:860614322 | 30364939:764893559 | 895958120:915847875 | 989572722:430060652 | 44715265:454114481 | 459376874:473696943 | 606676760:865520549 | "
968,"443417408:837441483 | 367508751:131586360 | 345918397:88727194 | 886346198:709788960 | 58285057:58081015 | 633104357:438519353 | 799850557:799683139 | 889814934:202380764 | ","560356461:412069793 | 258471530:80207320 | 207719974:137069780 | 213429375:47238817 | 671406253:281270037 | 241502395:718338215 | 505823439:912564630 | 318017115:572830450 | 227225158:459607161 | 701840392:514429248 | 784762553:214299735 | 336620897:521215148 | 904510157:237876338 | 195823310:967071818 | "
969,"860618486:860614322 | 440245030:270391114 | 826101928:822181504 | 288048111:233747508 | 108522774:750757734 | 833786360:894250204 | 194315729:164753708 | ","525869692:747921644 | 726823047:650571253 | 286637113:490479273 | 491892985:324287723 | 578003589:572647165 | 917631999:751118361 | 85409233:889325644 | 288048111:233747508 | 363406453:272690027 | "
970,"273215751:273061447 | 489235964:855113737 | 715450506:285677079 | 394972995:851096352 | ","860618486:860614322 | 526092667:525915921 | 850780632:850654160 | 108496811:365008010 | 164128287:256906431 | 369227270:881466538 | "
971,"273215751:273061447 | 154917600:628763480 | 990069914:314630298 | ","717646481:471228176 | 105600863:97296740 | 828334680:337053115 | "
972,"677906049:677776913 | 101200844:905439240 | 293179005:171646367 | 23528340:604464261 | 498055186:511331365 | 549091731:354380082 | 447078854:189380081 | 60941581:849438887 | 450121966:597953843 | 57168817:942806104 | 191283966:801499585 | 340126683:588424174 | ","820849454:298378775 | 714382075:486677948 | 277568857:156063780 | 473823907:108143820 | 257994333:667565310 | 440631464:239530840 | 211066715:42720183 | 381656659:279417173 | 198784103:492099530 | 623771300:942878160 | 195823310:967071818 | "
973,"273215751:273061447 | 102064395:923801366 | 524933533:62025890 | ","672133831:820413331 | 446880041:135409300 | 845825233:580168952 | "
974,"677906049:677776913 | 383030742:314420761 | 511364212:389806116 | 850802510:374260604 | 799850557:799683139 | 177087010:542008494 | 917929408:691573027 | ","560356461:412069793 | 673063796:4016072 | 41026793:296398138 | 225355611:52889888 | 390607226:470980 | 549890828:471274438 | 850802510:374260604 | 359112416:371515167 | 549922093:921179050 | "
975,"860618486:860614322 | 440245030:270391114 | 826101928:822181504 | 288048111:233747508 | 108522774:750757734 | 833786360:894250204 | 194315729:164753708 | ","860618486:860614322 | 304226175:298747017 | 952580063:948659657 | 975825274:970407090 | 356610017:356604057 | 676279636:688741905 | 20844622:128278080 | 827126140:655030072 | 990184725:812186087 | 279962656:58050236 | "
976,"860618486:860614322 | 440245030:270391114 | 826101928:822181504 | 191145120:861223897 | 14885124:853981309 | 554302117:830611614 | ","369594723:772708026 | "
977,"860618486:860614322 | 526092667:525915921 | 850780632:850654160 | 108496811:365008010 | 164128287:256906431 | 369227270:881466538 | ","774370015:177483379 | 919426689:919307687 | 545689195:545514789 | 279792547:279788467 | 991653907:793605521 | 74095193:67769899 | 799165693:269901501 | 71940207:635211663 | 876121717:545079919 | "
978,"677906049:677776913 | 399523272:231918058 | 548989161:427439601 | 474029337:520460274 | 426217251:467925032 | 694029092:184054739 | ","118710876:510590864 | 902972868:876248336 | "
979,"677906049:677776913 | 915908837:910502219 | 634357736:630437162 | 365418870:694185893 | 617002752:426829696 | 987366772:327571953 | 530712887:343301607 | 466845030:301960296 | 428835320:879218109 | ","860618486:860614322 | 758905148:758899448 | 861562043:861435573 | 156805831:80929488 | 556684054:366506708 | 787306825:296300393 | 346404769:170411312 | 227054100:459436103 | 154834855:154649633 | 740470456:754684617 | 329549858:627593596 | 931978183:926647987 | 614644781:557951552 | "
980,"677906049:677776913 | 545669509:545495103 | 693326338:693322260 | 895798337:797280200 | 577905604:698473527 | 736039592:673401335 | 766593902:148022232 | ","273215751:273061447 | 719095506:718910010 | 386002578:915517652 | "
981,"860618486:860614322 | 526033394:525856648 | 634357736:630437162 | 397441061:726208084 | 74695045:316555154 | 236243758:550547980 | 588477025:588283099 | 488504094:301092948 | 887083343:806402244 | ","677906049:677776913 | 916092946:910686328 | 569769880:569643400 | 139724221:752163758 | 962781424:235645508 | 689278227:802516170 | "
982,"860618486:860614322 | 857928366:688074450 | 813335378:691777298 | 899267087:863501241 | 351578262:240137791 | 977806849:799372575 | 10707789:346588532 | 327639038:643291794 | ","303623853:706737170 | 781538717:660017070 | 212691820:16864356 | 620082456:98317042 | 201779174:123186682 | 64438587:36527490 | 198395205:491710632 | 388326161:592168321 | 10707789:346588532 | 327639038:643291794 | "
983,"118710876:510590864 | 902972868:876248336 | ","677906049:677776913 | 916092946:910686328 | 569769880:569643400 | 139724221:752163758 | 962781424:235645508 | 689278227:802516170 | "
984,"560309509:412022841 | 749810272:790377945 | ","560356461:412069793 | 7481841:338434104 | 778472855:882869091 | 21697459:195525133 | 849676100:746438472 | 351195412:659932583 | 859719867:315338056 | 761041494:132861723 | "
985,"80306601:228586115 | 832545264:943355990 | 476001397:763332508 | 661971591:557521183 | 191283966:801499585 | 340126683:588424174 | ","962859072:311341053 | 332908310:509897981 | 694019578:122515323 | 687393093:201937099 | 913777999:101773382 | 833358224:788581278 | 917332926:311512557 | 136451393:623645858 | 184015707:642724046 | 152620295:463039054 | 191283966:801499585 | 340126683:588424174 | "
986,"579115614:727202862 | 204554701:493624237 | 545689195:545514789 | 279792547:279788467 | 732238513:592738541 | 990145801:608096241 | 303944604:241560670 | 872588948:733226491 | 794915173:608750432 | 699730659:202838076 | 12537889:75240430 | 732765707:732598269 | 712089372:415444317 | ","860618486:860614322 | 526446795:526270049 | 400608043:400481549 | 550340303:550136665 | 53923507:53738725 | 555630360:996269307 | 325627742:553928444 | 387989317:938035332 | 34448370:457302332 | 678145122:273366228 | "
987,"860618486:860614322 | 428525183:258671267 | 563329038:559408636 | 274745353:72281746 | 864586396:703709808 | 545773451:572164474 | ","860618486:860614322 | 567961682:398107766 | 994763584:514252545 | 202467479:131365755 | 88293695:702843999 | "
988,"560356461:412069793 | 421928983:821362539 | 539366472:781833785 | 863034980:782852555 | 612314461:24689310 | 833758716:11393909 | ","560356461:412069793 | 421928983:821362539 | 539366472:781833785 | 15465851:875944337 | 167840149:125605368 | 606681263:354210348 | 371573262:809334323 | 795976783:332619417 | "
989,"677906049:677776913 | 238259780:42498167 | 994763584:514252545 | 202467479:131365755 | 694149600:827983682 | ","560356461:412069793 | 803832718:491927951 | 278349268:382750786 | 915798099:498146139 | 77213859:483983662 | 312756420:319287151 | 202467479:131365755 | 694149600:827983682 | "
990,"273215751:273061447 | 383355654:72578373 | 652614521:95841864 | ","677906049:677776913 | 915908837:910502219 | 634357736:630437162 | 110260540:302038139 | 972268917:773314809 | 153142460:642818318 | 379866003:181113599 | 101447859:44625996 | 881101324:516974874 | "
991,"253542962:401822474 | 159006086:903256638 | 828417968:229659284 | 35408175:920934840 | ","860618486:860614322 | 886517542:716663626 | 513471630:391911846 | 877774433:564890797 | 265554923:811125496 | 912189914:144571914 | 609718421:609712813 | 385091512:595119749 | "
992,"273215751:273061447 | 719095506:718910010 | 386002578:915517652 | ","443417408:837441483 | 393055141:79461061 | 56338709:14047279 | 778167401:191698561 | 382561156:547145141 | 548263858:798930868 | "
993,"458395549:850275537 | 736191265:210007986 | 997938993:200261576 | 501556900:767707452 | 838170078:612840950 | 387073633:338489257 | 614644781:557951552 | ","443417408:837441483 | 367508751:131586360 | 777406596:301919598 | 834869131:225245780 | 958399250:735579720 | 13868217:812726546 | 843039817:325110008 | 808138051:765476300 | "
994,"774810261:923089743 | 915126521:911475544 | ","677906049:677776913 | 390364824:222759610 | 851459925:902571621 | 303944604:241560670 | 872588948:733226491 | 794915173:608750432 | 699730659:202838076 | 12537889:75240430 | 732765707:732598269 | 682536700:385891645 | "
995,"677906049:677776913 | 916033622:910627004 | 875925391:872004587 | 781481169:916744477 | 764991650:796158331 | 96529636:256661637 | ","677906049:677776913 | 545669509:545495103 | 693326338:693322260 | 895798337:797280200 | 577905604:698473527 | 736039592:673401335 | 766593902:148022232 | "
996,"273215751:273061447 | 102064395:923801366 | 984675280:356839546 | 653013482:714506841 | ","443417408:837441483 | 393210776:79616696 | 768313719:511122516 | 917151399:3246877 | 984675280:356839546 | 664874469:975293262 | 234899114:229492472 | 903797449:903791467 | 917332926:311512557 | 136451393:623645858 | 184015707:642724046 | 152620295:463039054 | 191283966:801499585 | 340126683:588424174 | "
997,"677906049:677776913 | 916033622:910627004 | 875925391:872004587 | 781481169:916744477 | 764991650:796158331 | 96529636:256661637 | ","677906049:677776913 | 915908837:910502219 | 634357736:630437162 | 365418870:694185893 | 617002752:426829696 | 987366772:327571953 | 530712887:343301607 | 466845030:301960296 | 399282648:849665437 | "
998,"469688335:464904895 | 936190862:757927692 | 620597861:455712695 | 688447738:682702094 | 898147962:140679232 | ","677906049:677776913 | 399523272:231918058 | 548989161:427439601 | 474029337:520460274 | 426217251:467925032 | 694029092:184054739 | "
999,"860618486:860614322 | 526033394:525856648 | 634357736:630437162 | 365418870:694185893 | 617002752:426829696 | 967334415:784760389 | 401132842:400937826 | 799850557:799683139 | 489697338:802263233 | ","860618486:860614322 | 570631790:305160413 | 46966882:279442452 | 248971784:639638460 | 250746347:362968540 | 630971426:1589642 | 576017546:497429812 | "
1000,"677906049:677776913 | 915908837:910502219 | 634357736:630437162 | 110260540:302038139 | 972268917:773314809 | 153142460:642818318 | 379866003:181113599 | 101447859:44625996 | 881101324:516974874 | ","860618486:860614322 | 526033394:525856648 | 634357736:630437162 | 217148415:408926016 | 364235341:340356094 | 925149116:15354330 | 894978:814198385 | 990184725:812186087 | 327639038:643291794 | "
