id,question_1,question_2,actual_label,topic
1,How do I count rows in an SQL table?,How does ARP work?,0,DBMS vs Computer Networks
2,What is the best way to detect a cycle in a linked list?,What is a method for finding a loop in a linked list using a simple approach?,1,DSA
3,What is the difference between BFS and DFS using a simple approach?,How are breadth-first search and depth-first search different step by step?,1,DSA
4,How can I convert a string to an integer in Java?,How can I implement binary search?,0,Java vs DSA
5,How can I reverse a linked list?,What is the difference between == and equals in Java?,0,DSA vs Java
6,How can I add an event listener in JavaScript?,How can I update records in SQL?,0,Web Development vs DBMS
7,How can I find the maximum value in an integer array using a simple approach?,How do I get the largest element from an int array in Java in a program?,1,Java
8,What is the time complexity of merge sort step by step?,How much time complexity does merge sort have efficiently?,1,DSA
9,What is a simple way to what is the difference between tcp and udp?,How do TCP and UDP differ in networking?,1,Computer Networks
10,How do I find the middle node of a linked list?,What is a way to locate the middle element in a linked list?,1,DSA
11,How can I sort a list in Python?,What is a foreign key?,0,Python vs DBMS
12,What is a firewall?,What is the role of a firewall in a network?,1,Computer Networks
13,What is the difference between process and thread?,How can I implement a queue using two stacks?,0,Operating Systems vs DSA
14,What is DNS?,What is the time complexity of binary search?,0,Computer Networks vs DSA
15,What is normalization in DBMS?,How can I read a CSV file in Python?,0,DBMS vs Python
16,What is a simple way to implement a stack using an array?,How do I create a stack using an array data structure efficiently?,1,DSA
17,What method can I use to convert a string to an integer in java?,How do I convert a String value into an int in Java in a program?,1,Java
18,What is the difference between == and equals in Java in a program?,How does == differ from equals() when comparing objects in Java efficiently?,1,Java
19,Can you explain how to count occurrences of an item in a python list?,What is the way to count how many times a value appears in a Python list step by step?,1,Python
20,How can I implement a queue using two stacks efficiently?,What is the approach for building a queue from two stacks?,1,DSA
21,How can I what is a mac address?,Can you explain what a MAC address represents in a program?,1,Computer Networks
22,What is a MAC address efficiently?,Can you explain what a MAC address represents efficiently?,1,Computer Networks
23,What is virtual memory in a program?,Can you explain the concept of virtual memory in an operating system using a simple approach?,1,Operating Systems
24,How do I create a virtual environment in Python?,What is the procedure for creating a Python virtual environment?,1,Python
25,How do I handle exceptions in Python?,What is the correct way to handle errors with exceptions in Python?,1,Python
26,How do I find the largest number in a Python list?,What is the DOM in JavaScript?,0,Python vs Web Development
27,How can I what is a list comprehension in python?,Can you explain list comprehensions in Python in a program?,1,Python
28,What is the difference between HTML and CSS step by step?,How are HTML and CSS different in web development?,1,Web Development
29,What is an IP address?,How does the fork system call work?,0,Computer Networks vs Operating Systems
30,What is the best way to add an event listener in javascript?,What is the method for attaching an event listener using JavaScript in a program?,1,Web Development
31,How do I iterate through a HashMap in Java?,How do I check if a key exists in a Python dictionary?,0,Java vs Python
32,How can I change text color using CSS?,What CSS property is used to change the color of text?,1,Web Development
33,What is context switching?,How do I find the largest number in a Python list?,0,Operating Systems vs Python
34,How can I implement a min heap step by step?,What is the approach for implementing a minimum heap step by step?,1,DSA
35,How can I find the maximum value in an integer array?,What is the DOM in JavaScript?,0,Java vs Web Development
36,How can I find the length of an array in Java efficiently?,How do I get the number of elements in a Java array in a program?,1,Java
37,How do I check if a key exists in a Python dictionary?,How can I test whether a dictionary contains a specific key in Python?,1,Python
38,What method can I use to what is dns?,What is the purpose of the Domain Name System using a simple approach?,1,Computer Networks
39,How can I reverse a list in Python?,What is the easiest way to reverse a list using Python in a program?,1,Python
40,How do I create a virtual environment in Python?,What is an index in a database?,0,Python vs DBMS
41,How can I load an external CSS file?,What is the difference between BFS and DFS?,0,Web Development vs DSA
42,How can I implement binary search?,What is the method for implementing binary search in a program?,1,DSA
43,What is the difference between DELETE and TRUNCATE?,How can I check if a string contains a substring in Python?,0,DBMS vs Python
44,Can you explain how to implement a min heap?,What is the approach for implementing a minimum heap in a program?,1,DSA
45,How do I find the middle node of a linked list using a simple approach?,What is a way to locate the middle element in a linked list efficiently?,1,DSA
46,How can I check whether a string contains a word in Java efficiently?,How do I test if a Java String contains a particular word efficiently?,1,Java
47,What is a simple way to detect a cycle in a linked list?,What is a method for finding a loop in a linked list?,1,DSA
48,How can I change a font size with css?,What CSS property controls the size of text using a simple approach?,1,Web Development
49,How can I change an element's background color with CSS?,How does DHCP work?,0,Web Development vs Computer Networks
50,How do I create a virtual environment in Python?,What are ACID properties?,0,Python vs DBMS
51,How can I remove duplicate elements from an ArrayList efficiently?,How do I eliminate duplicate values from an ArrayList in Java efficiently?,1,Java
52,What is context switching?,How can I sort a list in Python?,0,Operating Systems vs Python
53,What method can I use to create a button in html?,What HTML code is used to create a button step by step?,1,Web Development
54,How can I add an event listener in JavaScript using a simple approach?,What is the method for attaching an event listener using JavaScript?,1,Web Development
55,How can I convert a string to lowercase in Python in a program?,How do I change a Python string to lowercase step by step?,1,Python
56,What is the best way to what is a system call?,Can you explain what a system call is in an operating system?,1,Operating Systems
57,How do I create a virtual environment in Python?,How do I sort an array in Java?,0,Python vs Java
58,What is DNS using a simple approach?,What is the purpose of the Domain Name System efficiently?,1,Computer Networks
59,How can I convert a string to an integer in Java?,How do I convert a String value into an int in Java?,1,Java
60,What is the difference between process and thread?,How does a process differ from a thread in an operating system using a simple approach?,1,Operating Systems
61,How do I find the length of a list in Python?,What is deadlock in operating systems?,0,Python vs Operating Systems
62,What is a router?,How do I check if a key exists in a Python dictionary?,0,Computer Networks vs Python
63,How do I create a thread in Java?,What is a race condition?,0,Java vs Operating Systems
64,How can I validate an html form using javascript?,What is a way to validate form inputs with JavaScript efficiently?,1,Web Development
65,What is an IP address?,How do I find duplicate rows using SQL?,0,Computer Networks vs DBMS
66,What is a network topology?,What is CPU scheduling?,0,Computer Networks vs Operating Systems
67,How do I what is packet switching?,Can you explain packet switching in computer networks step by step?,1,Computer Networks
68,What is the DOM in JavaScript?,How do I count rows in an SQL table?,0,Web Development vs DBMS
69,How do I add JavaScript to an HTML page?,How can I merge two dictionaries in Python?,0,Web Development vs Python
70,What is a simple way to what is a subnet mask?,What is the purpose of a subnet mask in networking?,1,Computer Networks
71,What method can I use to change a font size with css?,What CSS property controls the size of text step by step?,1,Web Development
72,How do I what is the time complexity of binary search?,How much time does binary search take in terms of complexity step by step?,1,DSA
73,How can I detect duplicate elements in an array in a program?,What is a method for finding repeated values in an array using a simple approach?,1,DSA
74,How do I iterate through a HashMap in Java in a program?,What is the correct way to loop over a HashMap in Java using a simple approach?,1,Java
75,What method can I use to what is a composite key?,Can you explain the meaning of a composite key in DBMS?,1,DBMS
76,What is the difference between TCP and UDP?,How can I update records in SQL?,0,Computer Networks vs DBMS
77,How can I reverse a linked list?,How can I add an event listener in JavaScript?,0,DSA vs Web Development
78,What is the difference between IPv4 and IPv6?,How do I create a dropdown menu in HTML?,0,Computer Networks vs Web Development
79,How do I make a website responsive?,What is a race condition?,0,Web Development vs Operating Systems
80,What is a firewall?,What is a system call?,0,Computer Networks vs Operating Systems
81,How can I what is the difference between delete and truncate?,How are SQL DELETE and TRUNCATE different efficiently?,1,DBMS
82,How can I reverse a linked list?,What is the procedure to reverse a linked list?,1,DSA
83,How do I remove duplicates from a Python list in a program?,What is a simple way to eliminate duplicate values from a list in Python in a program?,1,Python
84,What method can I use to add an event listener in javascript?,What is the method for attaching an event listener using JavaScript using a simple approach?,1,Web Development
85,How do I sort an array in Java in a program?,What is the easiest way to sort an array using Java using a simple approach?,1,Java
86,How do I make a website responsive?,How can I reverse a list in Python?,0,Web Development vs Python
87,How can I what is deadlock in operating systems?,Can you explain the concept of deadlock in OS in a program?,1,Operating Systems
88,What is the difference between WHERE and HAVING?,What is a subnet mask?,0,DBMS vs Computer Networks
89,How does ARP work in a program?,Can you explain the working of the Address Resolution Protocol?,1,Computer Networks
90,How can I validate an HTML form using JavaScript?,How do I remove an item from a Python list?,0,Web Development vs Python
91,How do I detect a cycle in a linked list?,How do I find the length of a list in Python?,0,DSA vs Python
92,How can I remove a table from a database?,How do I detect a cycle in a linked list?,0,DBMS vs DSA
93,How can I find the height of a binary tree?,How can I update records in SQL?,0,DSA vs DBMS
94,How do I count rows in an SQL table?,What SQL query can I use to count records in a table?,1,DBMS
95,Can you explain how to select an element by id in javascript?,What is the JavaScript method for selecting an element using its ID using a simple approach?,1,Web Development
96,How can I update records in SQL?,How does round robin scheduling work?,0,DBMS vs Operating Systems
97,How do I count rows in an SQL table?,How can I implement a queue using two stacks?,0,DBMS vs DSA
98,How do I split a string in Java?,How do I make a website responsive?,0,Java vs Web Development
99,What is the DOM in JavaScript?,Can you explain the Document Object Model in JavaScript?,1,Web Development
100,What method can I use to what is virtual memory?,Can you explain the concept of virtual memory in an operating system efficiently?,1,Operating Systems
101,How do I how does round robin scheduling work?,What is the working principle of round robin CPU scheduling in a program?,1,Operating Systems
102,What is a simple way to find the length of an array in java?,How do I get the number of elements in a Java array step by step?,1,Java
103,How do I sort an array in Java?,How do I find the length of a list in Python?,0,Java vs Python
104,What is a simple way to what is normalization in dbms?,What does database normalization mean?,1,DBMS
105,How can I implement binary search efficiently?,What is the method for implementing binary search step by step?,1,DSA
106,What is the difference between == and equals in Java?,What is demand paging?,0,Java vs Operating Systems
107,What is a simple way to what is paging in operating systems?,Can you explain how paging works in OS memory management in a program?,1,Operating Systems
108,How do I remove duplicates from a Python list?,What is virtual memory?,0,Python vs Operating Systems
109,What is the best way to center a div using css?,What is the best way to horizontally and vertically center a div in CSS in a program?,1,Web Development
110,What is the difference between BFS and DFS efficiently?,How are breadth-first search and depth-first search different in a program?,1,DSA
111,What is deadlock in operating systems efficiently?,Can you explain the concept of deadlock in OS step by step?,1,Operating Systems
112,How can I validate an HTML form using JavaScript?,What is a list comprehension in Python?,0,Web Development vs Python
113,Can you explain how to create a button in html?,What HTML code is used to create a button?,1,Web Development
114,How do I detect a cycle in a linked list?,What is a method for finding a loop in a linked list?,1,DSA
115,What method can I use to add an event listener in javascript?,What is the method for attaching an event listener using JavaScript using a simple approach?,1,Web Development
116,How can I detect duplicate elements in an array?,How can I check whether a string contains a word in Java?,0,DSA vs Java
117,What is the difference between == and equals in Java step by step?,How does == differ from equals() when comparing objects in Java step by step?,1,Java
118,What is the best way to implement binary search?,What is the method for implementing binary search using a simple approach?,1,DSA
119,How do I add JavaScript to an HTML page step by step?,What is the correct way to include JavaScript in an HTML document efficiently?,1,Web Development
120,What is deadlock in operating systems?,What is DNS?,0,Operating Systems vs Computer Networks
121,What is a semaphore in OS?,What is a primary key in DBMS?,0,Operating Systems vs DBMS
122,What is a race condition?,How do I check if a key exists in a Python dictionary?,0,Operating Systems vs Python
123,How can I sort a list in Python?,How do I perform an inorder traversal of a binary tree?,0,Python vs DSA
124,Can you explain how to reverse a list in python?,What is the easiest way to reverse a list using Python?,1,Python
125,What is latency in networking?,What is the difference between WHERE and HAVING?,0,Computer Networks vs DBMS
126,What is an IP address?,Can you explain what an IP address is in computer networking efficiently?,1,Computer Networks
127,What is packet switching?,How do I perform an inorder traversal of a binary tree?,0,Computer Networks vs DSA
128,How can I read a CSV file in Python?,What is a router?,0,Python vs Computer Networks
129,What is the difference between WHERE and HAVING?,How can I reverse a linked list?,0,DBMS vs DSA
130,How can I change an element's background color with css?,What CSS property changes the background color of an element using a simple approach?,1,Web Development
131,How can I find the maximum value in an integer array efficiently?,How do I get the largest element from an int array in Java step by step?,1,Java
132,How can I join two tables in SQL?,How can I add an event listener in JavaScript?,0,DBMS vs Web Development
133,How can I add an event listener in JavaScript?,What is an IP address?,0,Web Development vs Computer Networks
134,What is demand paging?,What is a subnet mask?,0,Operating Systems vs Computer Networks
135,What is the best way to what is a process in an operating system?,Can you explain what a process means in an operating system step by step?,1,Operating Systems
136,What is a simple way to what is the time complexity of merge sort?,How much time complexity does merge sort have in a program?,1,DSA
137,How do I add JavaScript to an HTML page?,What is a composite key?,0,Web Development vs DBMS
138,How can I find the height of a binary tree?,How can I count occurrences of an item in a Python list?,0,DSA vs Python
139,How do I find the middle node of a linked list efficiently?,What is a way to locate the middle element in a linked list in a program?,1,DSA
140,How does the fork system call work?,How do I handle exceptions in Python?,0,Operating Systems vs Python
141,What is an IP address?,How do I iterate through a HashMap in Java?,0,Computer Networks vs Java
142,What is method overloading in Java?,How can I implement a queue using two stacks?,0,Java vs DSA
143,How do I remove an item from a Python list?,How can I create a button in HTML?,0,Python vs Web Development
144,What is a composite key step by step?,Can you explain the meaning of a composite key in DBMS step by step?,1,DBMS
145,How do I add javascript to an html page?,What is the correct way to include JavaScript in an HTML document efficiently?,1,Web Development
146,How do I find the middle node of a linked list?,What is a way to locate the middle element in a linked list in a program?,1,DSA
147,How do I create a thread in Java?,What are the ways to create a thread using Java?,1,Java
148,What is the difference between WHERE and HAVING?,How does the SQL WHERE clause differ from HAVING?,1,DBMS
149,Can you explain how to remove duplicates from a python list?,What is a simple way to eliminate duplicate values from a list in Python in a program?,1,Python
150,How can I check if a string contains a substring in Python?,What is the difference between HTML and CSS?,0,Python vs Web Development
151,How can I reverse a string in Java in a program?,What is the best way to reverse a String using Java using a simple approach?,1,Java
152,What is a list comprehension in Python?,How can I find the maximum value in an integer array?,0,Python vs Java
153,How does round robin scheduling work?,What is a firewall?,0,Operating Systems vs Computer Networks
154,How can I find the length of a list in python?,How can I get the number of items in a Python list using a simple approach?,1,Python
155,What is a race condition step by step?,Can you explain race conditions in operating systems step by step?,1,Operating Systems
156,How do I find duplicate rows using SQL?,How can I reverse a linked list?,0,DBMS vs DSA
157,What are ACID properties?,How can I add an event listener in JavaScript?,0,DBMS vs Web Development
158,What is a process in an operating system?,How can I create a button in HTML?,0,Operating Systems vs Web Development
159,How can I perform an inorder traversal of a binary tree?,What is the procedure for inorder traversal in a binary tree?,1,DSA
160,How can I load an external CSS file?,How do I sort an array in Java?,0,Web Development vs Java
161,What is the difference between BFS and DFS?,How can I merge two dictionaries in Python?,0,DSA vs Python
162,What are ACID properties?,What do the ACID properties of database transactions mean?,1,DBMS
163,How does DHCP work?,What is deadlock in operating systems?,0,Computer Networks vs Operating Systems
164,What is the difference between DELETE and TRUNCATE?,How are SQL DELETE and TRUNCATE different?,1,DBMS
165,What method can I use to find the middle node of a linked list?,What is a way to locate the middle element in a linked list efficiently?,1,DSA
166,What is a race condition?,How does DHCP work?,0,Operating Systems vs Computer Networks
167,How do I detect a cycle in a linked list?,How can I add an event listener in JavaScript?,0,DSA vs Web Development
168,How does ARP work?,How do I make a website responsive?,0,Computer Networks vs Web Development
169,How can I implement binary search?,What is a transaction in DBMS?,0,DSA vs DBMS
170,How do I iterate through a HashMap in Java?,How can I join two tables in SQL?,0,Java vs DBMS
171,How can I find the shortest path in a graph?,What is a process in an operating system?,0,DSA vs Operating Systems
172,How do I find the length of a list in Python?,How can I remove duplicate elements from an ArrayList?,0,Python vs Java
173,What is an IP address?,How can I count occurrences of an item in a Python list?,0,Computer Networks vs Python
174,What is a composite key?,Can you explain the meaning of a composite key in DBMS?,1,DBMS
175,What is a critical section?,How do I iterate through a HashMap in Java?,0,Operating Systems vs Java
176,How do I read a file line by line in Java?,How can I validate an HTML form using JavaScript?,0,Java vs Web Development
177,How can I find the length of an array in Java?,How do I find the length of a list in Python?,0,Java vs Python
178,What is demand paging?,How does demand paging work in virtual memory?,1,Operating Systems
179,How do I select an element by ID in JavaScript?,How does round robin scheduling work?,0,Web Development vs Operating Systems
180,How can I find the length of an array in Java?,What is a composite key?,0,Java vs DBMS
181,What is a critical section?,How can I find the shortest path in a graph?,0,Operating Systems vs DSA
182,What is the difference between TCP and UDP step by step?,How do TCP and UDP differ in networking?,1,Computer Networks
183,How can I change text color using CSS?,What is a firewall?,0,Web Development vs Computer Networks
184,What is context switching?,What happens during a context switch in an operating system?,1,Operating Systems
185,How do I count rows in an SQL table?,How can I remove duplicate elements from an ArrayList?,0,DBMS vs Java
186,What is a transaction in DBMS?,What is paging in operating systems?,0,DBMS vs Operating Systems
187,What is a process in an operating system?,Can you explain what a process means in an operating system?,1,Operating Systems
188,What method can I use to what is the time complexity of merge sort?,How much time complexity does merge sort have in a program?,1,DSA
189,How can I convert a string to lowercase in Python?,How do I add JavaScript to an HTML page?,0,Python vs Web Development
190,How do I find the largest number in a Python list?,How do I select an element by ID in JavaScript?,0,Python vs Web Development
191,How do I select an element by ID in JavaScript?,How can I find the maximum value in an integer array?,0,Web Development vs Java
192,How does round robin scheduling work?,What is packet switching?,0,Operating Systems vs Computer Networks
193,How can I find the shortest path in a graph?,What is an index in a database?,0,DSA vs DBMS
194,How can I count occurrences of an item in a Python list?,How does the fork system call work?,0,Python vs Operating Systems
195,What is a race condition?,What is an IP address?,0,Operating Systems vs Computer Networks
196,How can I load an external css file?,What is the correct way to link an external stylesheet to HTML?,1,Web Development
197,How do I make a website responsive?,What is dynamic programming in algorithms?,0,Web Development vs DSA
198,Can you explain how to change text color using css?,What CSS property is used to change the color of text?,1,Web Development
199,What method can I use to how does arp work?,Can you explain the working of the Address Resolution Protocol?,1,Computer Networks
200,How does ARP work?,How can I count occurrences of an item in a Python list?,0,Computer Networks vs Python
201,What is a firewall?,How can I merge two dictionaries in Python?,0,Computer Networks vs Python
202,What is a system call using a simple approach?,Can you explain what a system call is in an operating system?,1,Operating Systems
203,What is the difference between HTML and CSS?,How do I perform an inorder traversal of a binary tree?,0,Web Development vs DSA
204,How do I remove duplicates from a Python list?,What is deadlock in operating systems?,0,Python vs Operating Systems
205,How do I create a virtual environment in Python?,What is a router?,0,Python vs Computer Networks
206,What is latency in networking?,What is normalization in DBMS?,0,Computer Networks vs DBMS
207,How do I what is a composite key?,Can you explain the meaning of a composite key in DBMS efficiently?,1,DBMS
208,How does the fork system call work?,How do I handle exceptions in Python?,0,Operating Systems vs Python
209,What method can I use to check whether a string contains a word in java?,How do I test if a Java String contains a particular word efficiently?,1,Java
210,How can I handle exceptions in Java?,How does HTTP work?,0,Java vs Computer Networks
211,What is the difference between == and equals in Java efficiently?,How does == differ from equals() when comparing objects in Java?,1,Java
212,What is a critical section?,What does the critical section mean in process synchronization?,1,Operating Systems
213,How can I what is dns?,What is the purpose of the Domain Name System step by step?,1,Computer Networks
214,What is the best way to find the maximum value in an integer array?,How do I get the largest element from an int array in Java efficiently?,1,Java
215,How can I detect duplicate elements in an array efficiently?,What is a method for finding repeated values in an array efficiently?,1,DSA
216,How can I find duplicate rows using sql?,What SQL query can be used to identify duplicate records?,1,DBMS
217,What is the best way to how does arp work?,Can you explain the working of the Address Resolution Protocol step by step?,1,Computer Networks
218,Can you explain how to what is the difference between html and css?,How are HTML and CSS different in web development step by step?,1,Web Development
219,What method can I use to count occurrences of an item in a python list?,What is the way to count how many times a value appears in a Python list in a program?,1,Python
220,How can I add an event listener in JavaScript?,How do I split a string in Java?,0,Web Development vs Java
221,How do I create a thread in Java?,How can I add an event listener in JavaScript?,0,Java vs Web Development
222,What is an IP address?,How do I check if a key exists in a Python dictionary?,0,Computer Networks vs Python
223,What is a simple way to how does round robin scheduling work?,What is the working principle of round robin CPU scheduling step by step?,1,Operating Systems
224,How can I create a dropdown menu in html?,What HTML element can be used to create a dropdown list step by step?,1,Web Development
225,How do I create a thread in Java?,What is a router?,0,Java vs Computer Networks
226,What is an IP address?,How can I merge two dictionaries in Python?,0,Computer Networks vs Python
227,What is a firewall in a program?,What is the role of a firewall in a network using a simple approach?,1,Computer Networks
228,What is virtual memory?,What is a network topology?,0,Operating Systems vs Computer Networks
229,How do I detect a cycle in a linked list?,How do I center a div using CSS?,0,DSA vs Web Development
230,How can I change an element's background color with CSS?,How can I handle exceptions in Java?,0,Web Development vs Java
231,What is a firewall?,What is a system call?,0,Computer Networks vs Operating Systems
232,What is the best way to what is the difference between == and equals in java?,How does == differ from equals() when comparing objects in Java using a simple approach?,1,Java
233,How do I make a website responsive step by step?,What techniques can I use to make a web page responsive?,1,Web Development
234,How do I read a file line by line in Java?,What is the method for reading a file one line at a time in Java?,1,Java
235,How can I check whether a string contains a word in Java?,What is DNS?,0,Java vs Computer Networks
236,How can I handle exceptions in Java?,What is the difference between BFS and DFS?,0,Java vs DSA
237,What is the best way to make a website responsive?,What techniques can I use to make a web page responsive?,1,Web Development
238,What is a subnet mask?,How do I create a virtual environment in Python?,0,Computer Networks vs Python
239,How can I detect duplicate elements in an array?,How do I create a virtual environment in Python?,0,DSA vs Python
240,What is an index in a database?,How can I reverse a string in Java?,0,DBMS vs Java
241,How do I what is a system call?,Can you explain what a system call is in an operating system?,1,Operating Systems
242,What is method overloading in Java?,Can you explain method overloading with Java methods using a simple approach?,1,Java
243,How can I add an event listener in JavaScript?,What is the method for attaching an event listener using JavaScript?,1,Web Development
244,How do I add JavaScript to an HTML page step by step?,What is the correct way to include JavaScript in an HTML document using a simple approach?,1,Web Development
245,How do I hide an element using CSS?,What CSS can I use to make an element invisible?,1,Web Development
246,How do I what is a network topology?,What does network topology mean step by step?,1,Computer Networks
247,How can I implement a stack using an array?,How do I remove an item from a Python list?,0,DSA vs Python
248,What is a simple way to create a button in html?,What HTML code is used to create a button in a program?,1,Web Development
249,How can I check if a string contains a substring in Python using a simple approach?,How do I test whether a Python string contains another string?,1,Python
250,What is a subnet mask?,How do I find the largest number in a Python list?,0,Computer Networks vs Python
251,What is a foreign key?,How can I convert a string to an integer in Java?,0,DBMS vs Java
252,What is a subnet mask?,What is the purpose of a subnet mask in networking?,1,Computer Networks
253,What is the difference between BFS and DFS?,What is a primary key in DBMS?,0,DSA vs DBMS
254,What is a race condition?,How do I select an element by ID in JavaScript?,0,Operating Systems vs Web Development
255,How do I detect a cycle in a linked list using a simple approach?,What is a method for finding a loop in a linked list using a simple approach?,1,DSA
256,How do I find the length of a list in Python?,What is the difference between process and thread?,0,Python vs Operating Systems
257,What is a thread in OS?,What is the difference between IPv4 and IPv6?,0,Operating Systems vs Computer Networks
258,What is a simple way to convert an arraylist to an array?,What is the way to convert an ArrayList into an array in Java?,1,Java
259,Can you explain how to what is the difference between bfs and dfs?,How are breadth-first search and depth-first search different efficiently?,1,DSA
260,What is the difference between TCP and UDP using a simple approach?,How do TCP and UDP differ in networking efficiently?,1,Computer Networks
261,How can I convert a string to lowercase in Python?,How do I change a Python string to lowercase?,1,Python
262,What is virtual memory?,Can you explain the concept of virtual memory in an operating system?,1,Operating Systems
263,How can I create a button in HTML?,What HTML code is used to create a button?,1,Web Development
264,What are ACID properties?,How can I read a CSV file in Python?,0,DBMS vs Python
265,How do I handle exceptions in Python?,How can I remove a table from a database?,0,Python vs DBMS
266,How do I change a font size with CSS?,What is packet switching?,0,Web Development vs Computer Networks
267,How can I change text color using CSS?,How do I perform an inorder traversal of a binary tree?,0,Web Development vs DSA
268,What is an IP address?,How can I find the maximum value in an integer array?,0,Computer Networks vs Java
269,What is a simple way to what is a router?,What is the function of a router in a computer network in a program?,1,Computer Networks
270,Can you explain how to what is the difference between delete and truncate?,How are SQL DELETE and TRUNCATE different using a simple approach?,1,DBMS
271,How do I perform an inorder traversal of a binary tree efficiently?,What is the procedure for inorder traversal in a binary tree?,1,DSA
272,What is demand paging?,How do I check if a key exists in a Python dictionary?,0,Operating Systems vs Python
273,How do I make a website responsive step by step?,What techniques can I use to make a web page responsive efficiently?,1,Web Development
274,How can I count occurrences of an item in a Python list?,What is a router?,0,Python vs Computer Networks
275,How do I find the largest number in a Python list?,What is a MAC address?,0,Python vs Computer Networks
276,What is a subnet mask?,How do I convert an ArrayList to an array?,0,Computer Networks vs Java
277,How can I count occurrences of an item in a Python list?,How can I join two tables in SQL?,0,Python vs DBMS
278,How do I sort query results in SQL?,What is the difference between IPv4 and IPv6?,0,DBMS vs Computer Networks
279,How can I implement a min heap efficiently?,What is the approach for implementing a minimum heap efficiently?,1,DSA
280,How can I reverse a linked list?,How can I add an event listener in JavaScript?,0,DSA vs Web Development
281,How do I perform an inorder traversal of a binary tree?,How can I sort a list in Python?,0,DSA vs Python
282,What is demand paging?,How do I hide an element using CSS?,0,Operating Systems vs Web Development
283,What is the difference between DELETE and TRUNCATE?,What is a subnet mask?,0,DBMS vs Computer Networks
284,What is a critical section in a program?,What does the critical section mean in process synchronization step by step?,1,Operating Systems
285,How can I how does round robin scheduling work?,What is the working principle of round robin CPU scheduling in a program?,1,Operating Systems
286,What is the difference between == and equals in Java?,What is the time complexity of merge sort?,0,Java vs DSA
287,How do I make a website responsive?,How can I check if a string contains a substring in Python?,0,Web Development vs Python
288,What is a foreign key?,How can I merge two dictionaries in Python?,0,DBMS vs Python
289,How do I handle exceptions in Python?,What is paging in operating systems?,0,Python vs Operating Systems
290,What is a primary key in DBMS?,What is method overloading in Java?,0,DBMS vs Java
291,What is DNS?,What is the purpose of the Domain Name System?,1,Computer Networks
292,How do I find the middle node of a linked list?,How do I create a dropdown menu in HTML?,0,DSA vs Web Development
293,Can you explain how to what is cpu scheduling?,Can you explain CPU scheduling in an operating system step by step?,1,Operating Systems
294,How does round robin scheduling work in a program?,What is the working principle of round robin CPU scheduling using a simple approach?,1,Operating Systems
295,How do I sort query results in SQL?,What is the difference between HTML and CSS?,0,DBMS vs Web Development
296,How can I check if a string contains a substring in Python?,How do I change a font size with CSS?,0,Python vs Web Development
297,How can I find the length of an array in Java?,What is the difference between WHERE and HAVING?,0,Java vs DBMS
298,What method can I use to what is a semaphore in os?,What is the purpose of a semaphore in operating systems using a simple approach?,1,Operating Systems
299,How can I convert a string to an integer in Java step by step?,How do I convert a String value into an int in Java?,1,Java
300,What is the difference between WHERE and HAVING?,What is a thread in OS?,0,DBMS vs Operating Systems
301,How can I find the shortest path in a graph?,What algorithms can be used to determine the shortest path in a graph using a simple approach?,1,DSA
302,How do I find the largest number in a Python list?,What is context switching?,0,Python vs Operating Systems
303,How do I perform an inorder traversal of a binary tree?,What is the procedure for inorder traversal in a binary tree in a program?,1,DSA
304,How can I reverse a linked list?,What is the procedure to reverse a linked list step by step?,1,DSA
305,How do I find duplicate rows using SQL efficiently?,What SQL query can be used to identify duplicate records?,1,DBMS
306,How can I detect duplicate elements in an array?,How do I select an element by ID in JavaScript?,0,DSA vs Web Development
307,What method can I use to reverse a list in python?,What is the easiest way to reverse a list using Python efficiently?,1,Python
308,What is the difference between HTML and CSS?,How can I implement a stack using an array?,0,Web Development vs DSA
309,What is normalization in DBMS?,What does database normalization mean?,1,DBMS
310,Can you explain how to create a button in html?,What HTML code is used to create a button using a simple approach?,1,Web Development
311,What is a MAC address?,How can I implement a stack using an array?,0,Computer Networks vs DSA
312,How do I split a string in Java using a simple approach?,What method can I use to split a String into parts in Java?,1,Java
313,What method can I use to implement a min heap?,What is the approach for implementing a minimum heap using a simple approach?,1,DSA
314,How can I check whether a string contains a word in java?,How do I test if a Java String contains a particular word using a simple approach?,1,Java
315,How can I read a CSV file in Python?,How can I find the maximum value in an integer array?,0,Python vs Java
316,How do I create a virtual environment in Python?,How do I find duplicate rows using SQL?,0,Python vs DBMS
317,What is a semaphore in OS?,How do I find duplicate rows using SQL?,0,Operating Systems vs DBMS
318,How do I split a string in Java efficiently?,What method can I use to split a String into parts in Java?,1,Java
319,What is context switching using a simple approach?,What happens during a context switch in an operating system using a simple approach?,1,Operating Systems
320,What is a router step by step?,What is the function of a router in a computer network efficiently?,1,Computer Networks
321,How can I find the maximum value in an integer array?,How do I get the largest element from an int array in Java?,1,Java
322,How do I find the middle node of a linked list efficiently?,What is a way to locate the middle element in a linked list efficiently?,1,DSA
323,How can I convert a string to lowercase in Python?,How do I perform an inorder traversal of a binary tree?,0,Python vs DSA
324,What is the best way to how does round robin scheduling work?,What is the working principle of round robin CPU scheduling efficiently?,1,Operating Systems
325,What method can I use to what is the difference between process and thread?,How does a process differ from a thread in an operating system?,1,Operating Systems
326,What is demand paging step by step?,How does demand paging work in virtual memory step by step?,1,Operating Systems
327,What is a transaction in DBMS efficiently?,Can you explain the concept of a database transaction efficiently?,1,DBMS
328,How does DHCP work?,How can I convert a string to an integer in Java?,0,Computer Networks vs Java
329,How do I center a div using CSS?,How do I sort an array in Java?,0,Web Development vs Java
330,What is deadlock in operating systems?,How do I find the length of a list in Python?,0,Operating Systems vs Python
331,How do I remove an item from a Python list?,What is virtual memory?,0,Python vs Operating Systems
332,How can I find the shortest path in a graph?,What is an index in a database?,0,DSA vs DBMS
333,What is a race condition?,How do I count rows in an SQL table?,0,Operating Systems vs DBMS
334,How does the fork system call work?,How can I check if a string contains a substring in Python?,0,Operating Systems vs Python
335,How do I handle exceptions in Python?,What is the difference between WHERE and HAVING?,0,Python vs DBMS
336,How do I check if a key exists in a Python dictionary?,How can I test whether a dictionary contains a specific key in Python in a program?,1,Python
337,How do I sort an array in java?,What is the easiest way to sort an array using Java in a program?,1,Java
338,How do I find the largest number in a Python list?,How can I get the maximum value from a list in Python?,1,Python
339,How can I join two tables in SQL?,What is the correct way to combine two tables using an SQL join?,1,DBMS
340,What is the best way to what is a thread in os?,What does a thread represent in an operating system in a program?,1,Operating Systems
341,How can I convert a string to lowercase in Python?,What is packet switching?,0,Python vs Computer Networks
342,What is a simple way to create a virtual environment in python?,What is the procedure for creating a Python virtual environment in a program?,1,Python
343,What method can I use to what is the time complexity of merge sort?,How much time complexity does merge sort have using a simple approach?,1,DSA
344,What is the difference between IPv4 and IPv6?,How can I change an element's background color with CSS?,0,Computer Networks vs Web Development
345,How does ARP work?,How do I find the length of a list in Python?,0,Computer Networks vs Python
346,How can I load an external CSS file?,How do I check if a key exists in a Python dictionary?,0,Web Development vs Python
347,How do I what is virtual memory?,Can you explain the concept of virtual memory in an operating system step by step?,1,Operating Systems
348,How can I create a button in HTML?,What is a foreign key?,0,Web Development vs DBMS
349,What is a MAC address?,How do I find the middle node of a linked list?,0,Computer Networks vs DSA
350,How can I join two tables in SQL using a simple approach?,What is the correct way to combine two tables using an SQL join?,1,DBMS
351,How can I load an external CSS file?,What is a semaphore in OS?,0,Web Development vs Operating Systems
352,How do I sort an array in Java?,What is a MAC address?,0,Java vs Computer Networks
353,How do I change a font size with CSS step by step?,What CSS property controls the size of text?,1,Web Development
354,How can I find the height of a binary tree?,What is a semaphore in OS?,0,DSA vs Operating Systems
355,Can you explain how to what is a subnet mask?,What is the purpose of a subnet mask in networking?,1,Computer Networks
356,How can I sort a list in Python?,How can I validate an HTML form using JavaScript?,0,Python vs Web Development
357,What are ACID properties?,How do I hide an element using CSS?,0,DBMS vs Web Development
358,What is a race condition?,How can I find the height of a binary tree?,0,Operating Systems vs DSA
359,How can I reverse a list in Python?,What is the easiest way to reverse a list using Python?,1,Python
360,What is a simple way to what is the difference between tcp and udp?,How do TCP and UDP differ in networking?,1,Computer Networks
361,What method can I use to what is the time complexity of binary search?,How much time does binary search take in terms of complexity efficiently?,1,DSA
362,What is a simple way to what is a process in an operating system?,Can you explain what a process means in an operating system efficiently?,1,Operating Systems
363,How can I what is dynamic programming in algorithms?,Can you explain the concept of dynamic programming in DSA?,1,DSA
364,What is a critical section?,What is the difference between HTML and CSS?,0,Operating Systems vs Web Development
365,What is a router?,What is the function of a router in a computer network?,1,Computer Networks
366,How do I change a font size with CSS?,What is a subnet mask?,0,Web Development vs Computer Networks
367,How does DHCP work?,Can you explain how DHCP assigns network configuration?,1,Computer Networks
368,What is the best way to detect duplicate elements in an array?,What is a method for finding repeated values in an array using a simple approach?,1,DSA
369,How does ARP work?,Can you explain the working of the Address Resolution Protocol?,1,Computer Networks
370,What is the best way to how does round robin scheduling work?,What is the working principle of round robin CPU scheduling efficiently?,1,Operating Systems
371,What is a network topology?,How can I create a button in HTML?,0,Computer Networks vs Web Development
372,How can I find the height of a binary tree?,How does round robin scheduling work?,0,DSA vs Operating Systems
373,How can I convert a string to an integer in Java?,What is a semaphore in OS?,0,Java vs Operating Systems
374,What is a router step by step?,What is the function of a router in a computer network step by step?,1,Computer Networks
375,How can I check whether a string contains a word in Java?,How do I test if a Java String contains a particular word?,1,Java
376,What is normalization in DBMS efficiently?,What does database normalization mean efficiently?,1,DBMS
377,How do I make a website responsive?,How can I reverse a list in Python?,0,Web Development vs Python
378,What is the time complexity of binary search?,What is paging in operating systems?,0,DSA vs Operating Systems
379,What is a thread in OS in a program?,What does a thread represent in an operating system step by step?,1,Operating Systems
380,What is a router?,What is the function of a router in a computer network?,1,Computer Networks
381,How do I find duplicate rows using SQL?,What is a network topology?,0,DBMS vs Computer Networks
382,How do I read a file line by line in Java efficiently?,What is the method for reading a file one line at a time in Java using a simple approach?,1,Java
383,What method can I use to change text color using css?,What CSS property is used to change the color of text?,1,Web Development
384,How can I check whether a string contains a word in Java efficiently?,How do I test if a Java String contains a particular word using a simple approach?,1,Java
385,How do I remove duplicates from a Python list?,What is the difference between DELETE and TRUNCATE?,0,Python vs DBMS
386,How can I read a CSV file in Python?,How can I handle exceptions in Java?,0,Python vs Java
387,What is a MAC address?,How can I find the height of a binary tree?,0,Computer Networks vs DSA
388,How do I detect a cycle in a linked list efficiently?,What is a method for finding a loop in a linked list?,1,DSA
389,What is packet switching efficiently?,Can you explain packet switching in computer networks?,1,Computer Networks
390,How do I read a file line by line in Java?,What is demand paging?,0,Java vs Operating Systems
391,How can I load an external CSS file efficiently?,What is the correct way to link an external stylesheet to HTML?,1,Web Development
392,What is the best way to what is a subnet mask?,What is the purpose of a subnet mask in networking using a simple approach?,1,Computer Networks
393,How does HTTP work step by step?,Can you explain the working of the HTTP protocol using a simple approach?,1,Computer Networks
394,What is the OSI model step by step?,Can you explain the seven-layer OSI model in a program?,1,Computer Networks
395,How do I count rows in an SQL table efficiently?,What SQL query can I use to count records in a table efficiently?,1,DBMS
396,What is method overloading in Java?,How can I remove a table from a database?,0,Java vs DBMS
397,How do I change a font size with CSS efficiently?,What CSS property controls the size of text in a program?,1,Web Development
398,What is a composite key?,How can I implement binary search?,0,DBMS vs DSA
399,What is a simple way to what is deadlock in operating systems?,Can you explain the concept of deadlock in OS?,1,Operating Systems
400,How can I validate an HTML form using JavaScript?,What is the difference between TCP and UDP?,0,Web Development vs Computer Networks
401,How do I find duplicate rows using SQL?,What is paging in operating systems?,0,DBMS vs Operating Systems
402,How does DHCP work?,How do I remove duplicates from a Python list?,0,Computer Networks vs Python
403,What is the difference between TCP and UDP?,What is the difference between WHERE and HAVING?,0,Computer Networks vs DBMS
404,How can I implement a stack using an array?,How do I create a stack using an array data structure?,1,DSA
405,What is paging in operating systems?,What are ACID properties?,0,Operating Systems vs DBMS
406,Can you explain how to implement a min heap?,What is the approach for implementing a minimum heap step by step?,1,DSA
407,How do I convert an ArrayList to an array?,What is the way to convert an ArrayList into an array in Java?,1,Java
408,How do I sort an array in Java?,How does ARP work?,0,Java vs Computer Networks
409,What is the difference between == and equals in Java?,How does == differ from equals() when comparing objects in Java?,1,Java
410,How does the fork system call work?,How do I convert an ArrayList to an array?,0,Operating Systems vs Java
411,What is dynamic programming in algorithms efficiently?,Can you explain the concept of dynamic programming in DSA in a program?,1,DSA
412,How do I find duplicate rows using SQL?,How do I remove duplicates from a Python list?,0,DBMS vs Python
413,How can I reverse a string in Java step by step?,What is the best way to reverse a String using Java in a program?,1,Java
414,How can I remove a table from a database?,How can I handle exceptions in Java?,0,DBMS vs Java
415,What is dynamic programming in algorithms?,What is latency in networking?,0,DSA vs Computer Networks
416,How do I sort query results in SQL?,What is method overloading in Java?,0,DBMS vs Java
417,What is the difference between TCP and UDP?,How can I check whether a string contains a word in Java?,0,Computer Networks vs Java
418,How can I implement a queue using two stacks?,What is a thread in OS?,0,DSA vs Operating Systems
419,How can I remove duplicate elements from an ArrayList?,How do I select an element by ID in JavaScript?,0,Java vs Web Development
420,How do I count rows in an SQL table?,How can I change an element's background color with CSS?,0,DBMS vs Web Development
421,What is the difference between WHERE and HAVING using a simple approach?,How does the SQL WHERE clause differ from HAVING in a program?,1,DBMS
422,How can I find the shortest path in a graph?,What algorithms can be used to determine the shortest path in a graph?,1,DSA
423,What is the difference between TCP and UDP?,What is deadlock in operating systems?,0,Computer Networks vs Operating Systems
424,How do I perform an inorder traversal of a binary tree?,What is the difference between WHERE and HAVING?,0,DSA vs DBMS
425,How can I reverse a linked list?,What is the difference between WHERE and HAVING?,0,DSA vs DBMS
426,What is the difference between DELETE and TRUNCATE?,How can I change an element's background color with CSS?,0,DBMS vs Web Development
427,What is a system call?,How do I add JavaScript to an HTML page?,0,Operating Systems vs Web Development
428,What is the difference between DELETE and TRUNCATE?,What is context switching?,0,DBMS vs Operating Systems
429,What is packet switching?,How do I sort query results in SQL?,0,Computer Networks vs DBMS
430,How can I detect duplicate elements in an array efficiently?,What is a method for finding repeated values in an array?,1,DSA
431,What is the difference between WHERE and HAVING using a simple approach?,How does the SQL WHERE clause differ from HAVING efficiently?,1,DBMS
432,What is packet switching?,How do I create a thread in Java?,0,Computer Networks vs Java
433,What is DNS?,How can I add an event listener in JavaScript?,0,Computer Networks vs Web Development
434,How can I reverse a string in Java?,How does ARP work?,0,Java vs Computer Networks
435,What is a primary key in DBMS?,What is dynamic programming in algorithms?,0,DBMS vs DSA
436,How do I remove duplicates from a Python list?,What is a simple way to eliminate duplicate values from a list in Python?,1,Python
437,Can you explain how to find the shortest path in a graph?,What algorithms can be used to determine the shortest path in a graph?,1,DSA
438,How can I find the height of a binary tree?,What is the method to calculate the height of a binary tree?,1,DSA
439,How do I hide an element using CSS efficiently?,What CSS can I use to make an element invisible?,1,Web Development
440,How can I add an event listener in JavaScript?,What is the difference between IPv4 and IPv6?,0,Web Development vs Computer Networks
441,What is the OSI model?,How do I add JavaScript to an HTML page?,0,Computer Networks vs Web Development
442,How do I create a virtual environment in Python?,What is a process in an operating system?,0,Python vs Operating Systems
443,What is a critical section?,What is dynamic programming in algorithms?,0,Operating Systems vs DSA
444,What is the best way to read a file line by line in java?,What is the method for reading a file one line at a time in Java step by step?,1,Java
445,What is method overloading in Java?,How does ARP work?,0,Java vs Computer Networks
446,How does ARP work?,How can I remove a table from a database?,0,Computer Networks vs DBMS
447,How does round robin scheduling work step by step?,What is the working principle of round robin CPU scheduling in a program?,1,Operating Systems
448,What is paging in operating systems?,How do I find the middle node of a linked list?,0,Operating Systems vs DSA
449,What is the best way to what are acid properties?,What do the ACID properties of database transactions mean step by step?,1,DBMS
450,How can I sort a list in Python?,What is the best way to arrange the elements of a Python list step by step?,1,Python
451,How do I center a div using CSS?,How can I find the height of a binary tree?,0,Web Development vs DSA
452,How can I remove duplicate elements from an ArrayList?,What is the difference between WHERE and HAVING?,0,Java vs DBMS
453,What is a subnet mask?,What is the purpose of a subnet mask in networking?,1,Computer Networks
454,What method can I use to perform an inorder traversal of a binary tree?,What is the procedure for inorder traversal in a binary tree?,1,DSA
455,What is the difference between TCP and UDP?,How do TCP and UDP differ in networking?,1,Computer Networks
456,What method can I use to how does dhcp work?,Can you explain how DHCP assigns network configuration?,1,Computer Networks
457,How do I find the largest number in a python list?,How can I get the maximum value from a list in Python using a simple approach?,1,Python
458,How can I find the length of an array in Java?,What is dynamic programming in algorithms?,0,Java vs DSA
459,How can I join two tables in SQL?,How do I read a file line by line in Java?,0,DBMS vs Java
460,What is the best way to what is a transaction in dbms?,Can you explain the concept of a database transaction efficiently?,1,DBMS
461,How can I reverse a list in Python?,What is the difference between DELETE and TRUNCATE?,0,Python vs DBMS
462,How can I remove duplicate elements from an ArrayList?,What is a system call?,0,Java vs Operating Systems
463,How can I convert a string to lowercase in Python?,How do I find duplicate rows using SQL?,0,Python vs DBMS
464,What is a MAC address?,What is deadlock in operating systems?,0,Computer Networks vs Operating Systems
465,How do I create a dropdown menu in HTML step by step?,What HTML element can be used to create a dropdown list using a simple approach?,1,Web Development
466,Can you explain how to remove duplicate elements from an arraylist?,How do I eliminate duplicate values from an ArrayList in Java efficiently?,1,Java
467,What is deadlock in operating systems step by step?,Can you explain the concept of deadlock in OS?,1,Operating Systems
468,How does ARP work?,What is a list comprehension in Python?,0,Computer Networks vs Python
469,How does HTTP work?,How can I reverse a string in Java?,0,Computer Networks vs Java
470,How can I handle exceptions in Java?,What is the proper way to handle exceptions in Java step by step?,1,Java
471,How do I change a font size with CSS?,How can I count occurrences of an item in a Python list?,0,Web Development vs Python
472,How can I sort a list in Python?,What is a semaphore in OS?,0,Python vs Operating Systems
473,What is a semaphore in OS?,How can I reverse a list in Python?,0,Operating Systems vs Python
474,What is deadlock in operating systems?,What is dynamic programming in algorithms?,0,Operating Systems vs DSA
475,How can I reverse a string in Java?,What is latency in networking?,0,Java vs Computer Networks
476,How can I check whether a string contains a word in Java?,What is a thread in OS?,0,Java vs Operating Systems
477,How do I create a virtual environment in Python?,What are ACID properties?,0,Python vs DBMS
478,How do I change a font size with CSS using a simple approach?,What CSS property controls the size of text?,1,Web Development
479,What is a network topology?,How do I detect a cycle in a linked list?,0,Computer Networks vs DSA
480,How can I handle exceptions in Java?,What is paging in operating systems?,0,Java vs Operating Systems
481,How does DHCP work?,How can I create a button in HTML?,0,Computer Networks vs Web Development
482,How can I change an element's background color with CSS?,What is a MAC address?,0,Web Development vs Computer Networks
483,How can I find the height of a binary tree?,What is the method to calculate the height of a binary tree?,1,DSA
484,What method can I use to how does dhcp work?,Can you explain how DHCP assigns network configuration using a simple approach?,1,Computer Networks
485,What is a simple way to implement a min heap?,What is the approach for implementing a minimum heap in a program?,1,DSA
486,How do I find duplicate rows using SQL?,What is packet switching?,0,DBMS vs Computer Networks
487,How does the fork system call work?,What is the difference between WHERE and HAVING?,0,Operating Systems vs DBMS
488,How can I find the length of an array in Java?,How can I read a CSV file in Python?,0,Java vs Python
489,What is a subnet mask?,What is a primary key in DBMS?,0,Computer Networks vs DBMS
490,How can I find the height of a binary tree?,How do I remove duplicates from a Python list?,0,DSA vs Python
491,What is a primary key in DBMS?,How can I handle exceptions in Java?,0,DBMS vs Java
492,What is the OSI model?,How do I count rows in an SQL table?,0,Computer Networks vs DBMS
493,What is a simple way to create a thread in java?,What are the ways to create a thread using Java step by step?,1,Java
494,What is an IP address?,Can you explain what an IP address is in computer networking?,1,Computer Networks
495,How can I find the shortest path in a graph?,How do I check if a key exists in a Python dictionary?,0,DSA vs Python
496,What is the difference between TCP and UDP?,How do I sort query results in SQL?,0,Computer Networks vs DBMS
497,What is the OSI model using a simple approach?,Can you explain the seven-layer OSI model step by step?,1,Computer Networks
498,How can I convert a string to an integer in Java?,What is a list comprehension in Python?,0,Java vs Python
499,How can I remove a table from a database efficiently?,What SQL command is used to delete a table using a simple approach?,1,DBMS
500,What is the difference between == and equals in Java?,What is CPU scheduling?,0,Java vs Operating Systems
501,What is the difference between process and thread in a program?,How does a process differ from a thread in an operating system using a simple approach?,1,Operating Systems
502,How do I center a div using CSS?,What is the best way to horizontally and vertically center a div in CSS?,1,Web Development
503,What is the difference between BFS and DFS?,What is a MAC address?,0,DSA vs Computer Networks
504,How can I what are acid properties?,What do the ACID properties of database transactions mean?,1,DBMS
505,How can I remove duplicate elements from an ArrayList?,What is a system call?,0,Java vs Operating Systems
506,How do I iterate through a HashMap in Java in a program?,What is the correct way to loop over a HashMap in Java step by step?,1,Java
507,How can I load an external CSS file?,What is the correct way to link an external stylesheet to HTML?,1,Web Development
508,What is the difference between TCP and UDP?,What is dynamic programming in algorithms?,0,Computer Networks vs DSA
509,How can I merge two dictionaries in Python?,What is a critical section?,0,Python vs Operating Systems
510,How can I how does round robin scheduling work?,What is the working principle of round robin CPU scheduling using a simple approach?,1,Operating Systems
511,How can I reverse a string in Java?,What is the best way to reverse a String using Java?,1,Java
512,How can I what is packet switching?,Can you explain packet switching in computer networks efficiently?,1,Computer Networks
513,How do I find the length of a list in Python?,How can I get the number of items in a Python list?,1,Python
514,What is the difference between BFS and DFS?,What are ACID properties?,0,DSA vs DBMS
515,How do I add JavaScript to an HTML page?,What is a semaphore in OS?,0,Web Development vs Operating Systems
516,How can I remove duplicate elements from an ArrayList?,What is the difference between IPv4 and IPv6?,0,Java vs Computer Networks
517,What is packet switching?,How can I find the height of a binary tree?,0,Computer Networks vs DSA
518,How do I perform an inorder traversal of a binary tree?,What is the procedure for inorder traversal in a binary tree?,1,DSA
519,How can I implement binary search?,How do I find the length of a list in Python?,0,DSA vs Python
520,How can I change text color using CSS?,What is the difference between == and equals in Java?,0,Web Development vs Java
521,How can I merge two dictionaries in Python?,What is the DOM in JavaScript?,0,Python vs Web Development
522,What is a list comprehension in Python?,How can I add an event listener in JavaScript?,0,Python vs Web Development
523,What is the best way to what is dns?,What is the purpose of the Domain Name System in a program?,1,Computer Networks
524,What is the OSI model?,How can I find the shortest path in a graph?,0,Computer Networks vs DSA
525,What is a subnet mask in a program?,What is the purpose of a subnet mask in networking using a simple approach?,1,Computer Networks
526,How can I check if a string contains a substring in Python?,How do I test whether a Python string contains another string?,1,Python
527,How do I sort query results in SQL?,How can I read a CSV file in Python?,0,DBMS vs Python
528,How do I convert an ArrayList to an array?,How can I validate an HTML form using JavaScript?,0,Java vs Web Development
529,How can I implement binary search?,How can I convert a string to an integer in Java?,0,DSA vs Java
530,How do I split a string in Java using a simple approach?,What method can I use to split a String into parts in Java in a program?,1,Java
531,How do I what is a composite key?,Can you explain the meaning of a composite key in DBMS using a simple approach?,1,DBMS
532,What is a network topology?,What does network topology mean step by step?,1,Computer Networks
533,What is a thread in OS?,How do I check if a key exists in a Python dictionary?,0,Operating Systems vs Python
534,What is the difference between IPv4 and IPv6?,How can I implement a queue using two stacks?,0,Computer Networks vs DSA
535,How do I sort query results in SQL?,What SQL clause is used to sort query output?,1,DBMS
536,What is packet switching using a simple approach?,Can you explain packet switching in computer networks using a simple approach?,1,Computer Networks
537,What is the difference between == and equals in Java?,What is a composite key?,0,Java vs DBMS
538,How do I hide an element using CSS?,What is the difference between == and equals in Java?,0,Web Development vs Java
539,How do I iterate through a HashMap in Java?,How do I change a font size with CSS?,0,Java vs Web Development
540,What is a firewall in a program?,What is the role of a firewall in a network efficiently?,1,Computer Networks
541,How can I add an event listener in JavaScript?,How can I implement binary search?,0,Web Development vs DSA
542,How can I find the shortest path in a graph?,How can I update records in SQL?,0,DSA vs DBMS
543,How can I update records in SQL?,How can I add an event listener in JavaScript?,0,DBMS vs Web Development
544,How do I find the length of a list in Python?,How does ARP work?,0,Python vs Computer Networks
545,What is context switching?,What is a subnet mask?,0,Operating Systems vs Computer Networks
546,What method can I use to remove duplicates from a python list?,What is a simple way to eliminate duplicate values from a list in Python using a simple approach?,1,Python
547,How do I sort query results in SQL?,How do I find the length of a list in Python?,0,DBMS vs Python
548,How do I remove an item from a Python list using a simple approach?,What are the ways to delete an element from a Python list using a simple approach?,1,Python
549,How do I add JavaScript to an HTML page step by step?,What is the correct way to include JavaScript in an HTML document efficiently?,1,Web Development
550,How can I count occurrences of an item in a Python list?,What is the way to count how many times a value appears in a Python list?,1,Python
551,How can I what is a subnet mask?,What is the purpose of a subnet mask in networking?,1,Computer Networks
552,What is a simple way to what is a router?,What is the function of a router in a computer network in a program?,1,Computer Networks
553,What is deadlock in operating systems efficiently?,Can you explain the concept of deadlock in OS using a simple approach?,1,Operating Systems
554,What is latency in networking?,How do I create a thread in Java?,0,Computer Networks vs Java
555,What is a foreign key?,How can I check whether a string contains a word in Java?,0,DBMS vs Java
556,How can I implement a min heap step by step?,What is the approach for implementing a minimum heap efficiently?,1,DSA
557,Can you explain how to what is the time complexity of binary search?,How much time does binary search take in terms of complexity using a simple approach?,1,DSA
558,How can I convert a string to an integer in Java?,How can I convert a string to lowercase in Python?,0,Java vs Python
559,How can I how does arp work?,Can you explain the working of the Address Resolution Protocol?,1,Computer Networks
560,Can you explain how to what is a firewall?,What is the role of a firewall in a network step by step?,1,Computer Networks
561,How can I detect duplicate elements in an array?,What is the difference between HTML and CSS?,0,DSA vs Web Development
562,How can I sort a list in Python?,What is the best way to arrange the elements of a Python list?,1,Python
563,How does the fork system call work?,How do I create a virtual environment in Python?,0,Operating Systems vs Python
564,How can I implement a min heap?,How do I remove duplicates from a Python list?,0,DSA vs Python
565,How does HTTP work?,What is the time complexity of binary search?,0,Computer Networks vs DSA
566,What is a thread in OS using a simple approach?,What does a thread represent in an operating system in a program?,1,Operating Systems
567,How can I implement a min heap?,What is context switching?,0,DSA vs Operating Systems
568,What is the difference between process and thread?,How do I find the middle node of a linked list?,0,Operating Systems vs DSA
569,How do I remove duplicates from a Python list?,What is demand paging?,0,Python vs Operating Systems
570,What is a list comprehension in Python?,What is a MAC address?,0,Python vs Computer Networks
571,What is latency in networking?,Can you explain latency in a computer network?,1,Computer Networks
572,What is deadlock in operating systems?,Can you explain the concept of deadlock in OS?,1,Operating Systems
573,How can I sort a list in Python in a program?,What is the best way to arrange the elements of a Python list step by step?,1,Python
574,What is the time complexity of binary search?,What is a foreign key?,0,DSA vs DBMS
575,What is the difference between WHERE and HAVING?,How can I check if a string contains a substring in Python?,0,DBMS vs Python
576,How do I select an element by ID in JavaScript?,What is virtual memory?,0,Web Development vs Operating Systems
577,What is a router?,How can I read a CSV file in Python?,0,Computer Networks vs Python
578,How can I reverse a string in Java?,What is virtual memory?,0,Java vs Operating Systems
579,How can I implement a queue using two stacks?,What is the approach for building a queue from two stacks?,1,DSA
580,What method can I use to what is the difference between delete and truncate?,How are SQL DELETE and TRUNCATE different in a program?,1,DBMS
581,What is dynamic programming in algorithms step by step?,Can you explain the concept of dynamic programming in DSA efficiently?,1,DSA
582,What is the difference between WHERE and HAVING?,How can I implement a stack using an array?,0,DBMS vs DSA
583,What is the best way to what is virtual memory?,Can you explain the concept of virtual memory in an operating system step by step?,1,Operating Systems
584,What method can I use to find the middle node of a linked list?,What is a way to locate the middle element in a linked list using a simple approach?,1,DSA
585,How can I what is a list comprehension in python?,Can you explain list comprehensions in Python step by step?,1,Python
586,What method can I use to what is dynamic programming in algorithms?,Can you explain the concept of dynamic programming in DSA efficiently?,1,DSA
587,How can I reverse a string in Java?,How do I sort query results in SQL?,0,Java vs DBMS
588,What is a composite key step by step?,Can you explain the meaning of a composite key in DBMS using a simple approach?,1,DBMS
589,Can you explain how to count rows in an sql table?,What SQL query can I use to count records in a table using a simple approach?,1,DBMS
590,How do I create a dropdown menu in HTML?,What is the difference between BFS and DFS?,0,Web Development vs DSA
591,What is CPU scheduling?,What is method overloading in Java?,0,Operating Systems vs Java
592,What method can I use to reverse a linked list?,What is the procedure to reverse a linked list?,1,DSA
593,What method can I use to remove an item from a python list?,What are the ways to delete an element from a Python list using a simple approach?,1,Python
594,What is DNS?,How do I find the largest number in a Python list?,0,Computer Networks vs Python
595,What is the difference between BFS and DFS efficiently?,How are breadth-first search and depth-first search different step by step?,1,DSA
596,What is the difference between WHERE and HAVING?,How does the SQL WHERE clause differ from HAVING?,1,DBMS
597,What is the best way to what is a foreign key?,Can you explain what a foreign key does in a database step by step?,1,DBMS
598,How can I detect duplicate elements in an array?,What is a method for finding repeated values in an array?,1,DSA
599,How do I find the largest number in a Python list step by step?,How can I get the maximum value from a list in Python in a program?,1,Python
600,How do I convert an ArrayList to an array efficiently?,What is the way to convert an ArrayList into an array in Java in a program?,1,Java
601,How do I make a website responsive?,What techniques can I use to make a web page responsive?,1,Web Development
602,How can I find the length of an array in Java step by step?,How do I get the number of elements in a Java array using a simple approach?,1,Java
603,What is a race condition in a program?,Can you explain race conditions in operating systems step by step?,1,Operating Systems
604,How can I implement a queue using two stacks?,How does ARP work?,0,DSA vs Computer Networks
605,What is the difference between process and thread?,How does a process differ from a thread in an operating system?,1,Operating Systems
606,What is a list comprehension in Python?,Can you explain list comprehensions in Python?,1,Python
607,How do I find the largest number in a Python list?,What is a system call?,0,Python vs Operating Systems
608,How do I read a file line by line in Java?,What is dynamic programming in algorithms?,0,Java vs DSA
609,How do I sort query results in SQL?,How can I convert a string to lowercase in Python?,0,DBMS vs Python
610,How does HTTP work?,How do I find the middle node of a linked list?,0,Computer Networks vs DSA
611,How can I find the maximum value in an integer array?,What is the DOM in JavaScript?,0,Java vs Web Development
612,How do I remove an item from a Python list?,What is virtual memory?,0,Python vs Operating Systems
613,What is the OSI model?,How does the fork system call work?,0,Computer Networks vs Operating Systems
614,What is virtual memory using a simple approach?,Can you explain the concept of virtual memory in an operating system step by step?,1,Operating Systems
615,What is a thread in OS?,What is latency in networking?,0,Operating Systems vs Computer Networks
616,How can I remove a table from a database step by step?,What SQL command is used to delete a table step by step?,1,DBMS
617,What is paging in operating systems?,What is latency in networking?,0,Operating Systems vs Computer Networks
618,What is dynamic programming in algorithms?,How does DHCP work?,0,DSA vs Computer Networks
619,Can you explain how to read a file line by line in java?,What is the method for reading a file one line at a time in Java efficiently?,1,Java
620,How does the fork system call work?,How do I perform an inorder traversal of a binary tree?,0,Operating Systems vs DSA
621,How do I change a font size with CSS?,What CSS property controls the size of text?,1,Web Development
622,What method can I use to what is virtual memory?,Can you explain the concept of virtual memory in an operating system in a program?,1,Operating Systems
623,How can I change an element's background color with CSS?,What CSS property changes the background color of an element?,1,Web Development
624,What is a simple way to what is method overloading in java?,Can you explain method overloading with Java methods using a simple approach?,1,Java
625,What is the DOM in JavaScript?,How does the fork system call work?,0,Web Development vs Operating Systems
626,How can I implement a stack using an array?,How do I read a file line by line in Java?,0,DSA vs Java
627,What is latency in networking?,How do I iterate through a HashMap in Java?,0,Computer Networks vs Java
628,Can you explain how to what is the difference between ipv4 and ipv6?,How are IPv4 and IPv6 different efficiently?,1,Computer Networks
629,What is the time complexity of binary search?,How much time does binary search take in terms of complexity?,1,DSA
630,What is a simple way to what is the dom in javascript?,Can you explain the Document Object Model in JavaScript using a simple approach?,1,Web Development
631,What is a list comprehension in Python efficiently?,Can you explain list comprehensions in Python efficiently?,1,Python
632,What is a race condition efficiently?,Can you explain race conditions in operating systems in a program?,1,Operating Systems
633,What is a foreign key?,Can you explain what a foreign key does in a database?,1,DBMS
634,How can I find the maximum value in an integer array?,How do I change a font size with CSS?,0,Java vs Web Development
635,How can I find the maximum value in an integer array step by step?,How do I get the largest element from an int array in Java?,1,Java
636,What is the best way to remove duplicate elements from an arraylist?,How do I eliminate duplicate values from an ArrayList in Java step by step?,1,Java
637,How do I check if a key exists in a Python dictionary?,What is a foreign key?,0,Python vs DBMS
638,How can I validate an HTML form using JavaScript?,What is a way to validate form inputs with JavaScript?,1,Web Development
639,Can you explain how to what is deadlock in operating systems?,Can you explain the concept of deadlock in OS using a simple approach?,1,Operating Systems
640,What is an IP address?,What is normalization in DBMS?,0,Computer Networks vs DBMS
641,What is demand paging?,What is packet switching?,0,Operating Systems vs Computer Networks
642,How can I implement a min heap?,What is the approach for implementing a minimum heap?,1,DSA
643,How can I create a button in HTML?,How do I count rows in an SQL table?,0,Web Development vs DBMS
644,How do I create a dropdown menu in HTML?,How can I reverse a string in Java?,0,Web Development vs Java
645,What is a transaction in DBMS?,What is a list comprehension in Python?,0,DBMS vs Python
646,How do I add JavaScript to an HTML page?,What is the correct way to include JavaScript in an HTML document?,1,Web Development
647,How does ARP work?,What is a transaction in DBMS?,0,Computer Networks vs DBMS
648,How do I detect a cycle in a linked list in a program?,What is a method for finding a loop in a linked list efficiently?,1,DSA
649,How does round robin scheduling work step by step?,What is the working principle of round robin CPU scheduling in a program?,1,Operating Systems
650,How do I sort a list in python?,What is the best way to arrange the elements of a Python list step by step?,1,Python
651,How do I what is demand paging?,How does demand paging work in virtual memory using a simple approach?,1,Operating Systems
652,What is virtual memory?,Can you explain the concept of virtual memory in an operating system efficiently?,1,Operating Systems
653,What method can I use to convert a string to an integer in java?,How do I convert a String value into an int in Java efficiently?,1,Java
654,What is a router?,How can I handle exceptions in Java?,0,Computer Networks vs Java
655,What method can I use to center a div using css?,What is the best way to horizontally and vertically center a div in CSS efficiently?,1,Web Development
656,How can I implement binary search in a program?,What is the method for implementing binary search using a simple approach?,1,DSA
657,What method can I use to what is a list comprehension in python?,Can you explain list comprehensions in Python in a program?,1,Python
658,Can you explain how to find duplicate rows using sql?,What SQL query can be used to identify duplicate records in a program?,1,DBMS
659,What is the best way to what is the time complexity of binary search?,How much time does binary search take in terms of complexity efficiently?,1,DSA
660,How can I sort a list in Python?,How do I add JavaScript to an HTML page?,0,Python vs Web Development
661,How can I check if a key exists in a python dictionary?,How can I test whether a dictionary contains a specific key in Python using a simple approach?,1,Python
662,What are ACID properties?,How do I add JavaScript to an HTML page?,0,DBMS vs Web Development
663,What is a subnet mask in a program?,What is the purpose of a subnet mask in networking in a program?,1,Computer Networks
664,How do I count rows in an SQL table?,How can I implement binary search?,0,DBMS vs DSA
665,How can I find the height of a binary tree efficiently?,What is the method to calculate the height of a binary tree efficiently?,1,DSA
666,What is the difference between BFS and DFS efficiently?,How are breadth-first search and depth-first search different using a simple approach?,1,DSA
667,What is the difference between BFS and DFS?,What is a subnet mask?,0,DSA vs Computer Networks
668,What method can I use to what is a foreign key?,Can you explain what a foreign key does in a database in a program?,1,DBMS
669,How does round robin scheduling work?,How do I check if a key exists in a Python dictionary?,0,Operating Systems vs Python
670,What is the best way to update records in sql?,What is the SQL syntax for modifying existing records using a simple approach?,1,DBMS
671,Can you explain how to what is a mac address?,Can you explain what a MAC address represents step by step?,1,Computer Networks
672,What is a composite key?,How can I find the shortest path in a graph?,0,DBMS vs DSA
673,What method can I use to what is a foreign key?,Can you explain what a foreign key does in a database step by step?,1,DBMS
674,How can I implement a stack using an array?,What is a network topology?,0,DSA vs Computer Networks
675,How do I what is dynamic programming in algorithms?,Can you explain the concept of dynamic programming in DSA using a simple approach?,1,DSA
676,What is context switching?,What is the difference between WHERE and HAVING?,0,Operating Systems vs DBMS
677,How can I check whether a string contains a word in Java step by step?,How do I test if a Java String contains a particular word in a program?,1,Java
678,How do I what is latency in networking?,Can you explain latency in a computer network efficiently?,1,Computer Networks
679,How do I detect duplicate elements in an array?,What is a method for finding repeated values in an array in a program?,1,DSA
680,How does round robin scheduling work?,What is the working principle of round robin CPU scheduling?,1,Operating Systems
681,What is a MAC address?,What is a race condition?,0,Computer Networks vs Operating Systems
682,What is a primary key in DBMS?,What is the difference between BFS and DFS?,0,DBMS vs DSA
683,What is the difference between TCP and UDP?,How do TCP and UDP differ in networking?,1,Computer Networks
684,What is the difference between TCP and UDP efficiently?,How do TCP and UDP differ in networking efficiently?,1,Computer Networks
685,How can I check whether a string contains a word in Java?,What is a router?,0,Java vs Computer Networks
686,How can I detect duplicate elements in an array?,How can I find the length of an array in Java?,0,DSA vs Java
687,How can I remove a table from a database?,How do I find the middle node of a linked list?,0,DBMS vs DSA
688,How do I select an element by ID in JavaScript?,What is the JavaScript method for selecting an element using its ID?,1,Web Development
689,How does round robin scheduling work?,What is a composite key?,0,Operating Systems vs DBMS
690,How do I hide an element using CSS?,What is the difference between IPv4 and IPv6?,0,Web Development vs Computer Networks
691,Can you explain how to what is the osi model?,Can you explain the seven-layer OSI model in a program?,1,Computer Networks
692,What is the difference between BFS and DFS?,How can I change an element's background color with CSS?,0,DSA vs Web Development
693,How can I update records in SQL using a simple approach?,What is the SQL syntax for modifying existing records step by step?,1,DBMS
694,How do I iterate through a HashMap in Java?,What is the time complexity of merge sort?,0,Java vs DSA
695,Can you explain how to what is demand paging?,How does demand paging work in virtual memory in a program?,1,Operating Systems
696,What is dynamic programming in algorithms?,Can you explain the concept of dynamic programming in DSA?,1,DSA
697,What is the difference between HTML and CSS?,How are HTML and CSS different in web development?,1,Web Development
698,How do I read a csv file in python?,What is the method to load a CSV file using Python?,1,Python
699,What is a MAC address efficiently?,Can you explain what a MAC address represents step by step?,1,Computer Networks
700,How do I sort an array in Java?,How can I sort a list in Python?,0,Java vs Python
701,What is a critical section?,What is the time complexity of merge sort?,0,Operating Systems vs DSA
702,What is an IP address?,How can I sort a list in Python?,0,Computer Networks vs Python
703,How can I convert a string to an integer in Java in a program?,How do I convert a String value into an int in Java step by step?,1,Java
704,How does HTTP work?,What are ACID properties?,0,Computer Networks vs DBMS
705,How does DHCP work?,How do I find duplicate rows using SQL?,0,Computer Networks vs DBMS
706,What is a simple way to read a csv file in python?,What is the method to load a CSV file using Python using a simple approach?,1,Python
707,What is CPU scheduling step by step?,Can you explain CPU scheduling in an operating system?,1,Operating Systems
708,Can you explain how to add javascript to an html page?,What is the correct way to include JavaScript in an HTML document?,1,Web Development
709,How do I center a div using CSS?,What is the time complexity of merge sort?,0,Web Development vs DSA
710,How do I sort an array in Java?,What is the easiest way to sort an array using Java?,1,Java
711,How do I find the middle node of a linked list?,What is the difference between WHERE and HAVING?,0,DSA vs DBMS
712,How do I convert an ArrayList to an array?,What is the way to convert an ArrayList into an array in Java?,1,Java
713,How do I select an element by ID in JavaScript?,What is a thread in OS?,0,Web Development vs Operating Systems
714,How do I make a website responsive?,What is a MAC address?,0,Web Development vs Computer Networks
715,What is demand paging efficiently?,How does demand paging work in virtual memory in a program?,1,Operating Systems
716,What is a foreign key?,How can I handle exceptions in Java?,0,DBMS vs Java
717,What is the difference between DELETE and TRUNCATE step by step?,How are SQL DELETE and TRUNCATE different?,1,DBMS
718,How can I merge two dictionaries in Python?,What are the ways to combine two Python dictionaries?,1,Python
719,How can I reverse a linked list efficiently?,What is the procedure to reverse a linked list using a simple approach?,1,DSA
720,How can I find the length of an array in Java?,How do I get the number of elements in a Java array?,1,Java
721,How can I count rows in an sql table?,What SQL query can I use to count records in a table?,1,DBMS
722,What is a simple way to merge two dictionaries in python?,What are the ways to combine two Python dictionaries?,1,Python
723,What is the time complexity of binary search?,What is the DOM in JavaScript?,0,DSA vs Web Development
724,What is a router using a simple approach?,What is the function of a router in a computer network efficiently?,1,Computer Networks
725,How do I find duplicate rows using SQL?,How do I create a dropdown menu in HTML?,0,DBMS vs Web Development
726,How can I implement a queue using two stacks?,How do I create a dropdown menu in HTML?,0,DSA vs Web Development
727,How can I implement a stack using an array?,How do I check if a key exists in a Python dictionary?,0,DSA vs Python
728,What method can I use to what is the time complexity of merge sort?,How much time complexity does merge sort have step by step?,1,DSA
729,What is the best way to center a div using css?,What is the best way to horizontally and vertically center a div in CSS?,1,Web Development
730,What is a system call?,How does DHCP work?,0,Operating Systems vs Computer Networks
731,What is normalization in DBMS efficiently?,What does database normalization mean?,1,DBMS
732,How can I reverse a string in Java?,How do I find the largest number in a Python list?,0,Java vs Python
733,How can I reverse a string in Java efficiently?,What is the best way to reverse a String using Java using a simple approach?,1,Java
734,How can I implement binary search?,What is the method for implementing binary search using a simple approach?,1,DSA
735,What is the best way to implement binary search?,What is the method for implementing binary search step by step?,1,DSA
736,What is DNS?,How do I center a div using CSS?,0,Computer Networks vs Web Development
737,How can I convert a string to an integer in java?,How do I convert a String value into an int in Java using a simple approach?,1,Java
738,How can I reverse a string in Java?,How can I add an event listener in JavaScript?,0,Java vs Web Development
739,What is the time complexity of binary search?,How do I find duplicate rows using SQL?,0,DSA vs DBMS
740,How can I what is the dom in javascript?,Can you explain the Document Object Model in JavaScript step by step?,1,Web Development
741,What is normalization in DBMS?,What does database normalization mean step by step?,1,DBMS
742,How can I remove a table from a database using a simple approach?,What SQL command is used to delete a table step by step?,1,DBMS
743,Can you explain how to make a website responsive?,What techniques can I use to make a web page responsive using a simple approach?,1,Web Development
744,How do I sort an array in Java?,How do I center a div using CSS?,0,Java vs Web Development
745,How does round robin scheduling work step by step?,What is the working principle of round robin CPU scheduling in a program?,1,Operating Systems
746,How can I find the height of a binary tree?,What is context switching?,0,DSA vs Operating Systems
747,What is the OSI model?,What is a transaction in DBMS?,0,Computer Networks vs DBMS
748,How do I find the middle node of a linked list efficiently?,What is a way to locate the middle element in a linked list using a simple approach?,1,DSA
749,How do I split a string in Java?,How do I detect a cycle in a linked list?,0,Java vs DSA
750,What is a transaction in DBMS?,Can you explain the concept of a database transaction?,1,DBMS
751,What is a list comprehension in Python?,How can I implement a queue using two stacks?,0,Python vs DSA
752,What is dynamic programming in algorithms?,What is the difference between process and thread?,0,DSA vs Operating Systems
753,What is the time complexity of binary search?,How can I find the length of an array in Java?,0,DSA vs Java
754,How can I check whether a string contains a word in Java using a simple approach?,How do I test if a Java String contains a particular word?,1,Java
755,How can I convert a string to lowercase in Python?,What is paging in operating systems?,0,Python vs Operating Systems
756,What is a MAC address?,Can you explain what a MAC address represents?,1,Computer Networks
757,How do I check if a key exists in a python dictionary?,How can I test whether a dictionary contains a specific key in Python using a simple approach?,1,Python
758,What method can I use to perform an inorder traversal of a binary tree?,What is the procedure for inorder traversal in a binary tree step by step?,1,DSA
759,How do I read a file line by line in Java?,What is the time complexity of binary search?,0,Java vs DSA
760,What is a process in an operating system efficiently?,Can you explain what a process means in an operating system in a program?,1,Operating Systems
761,What is a firewall?,What is a semaphore in OS?,0,Computer Networks vs Operating Systems
762,What method can I use to what is the difference between delete and truncate?,How are SQL DELETE and TRUNCATE different?,1,DBMS
763,How can I update records in SQL step by step?,What is the SQL syntax for modifying existing records?,1,DBMS
764,What is the best way to convert a string to lowercase in python?,How do I change a Python string to lowercase using a simple approach?,1,Python
765,What is demand paging?,How can I load an external CSS file?,0,Operating Systems vs Web Development
766,What is demand paging?,How can I read a CSV file in Python?,0,Operating Systems vs Python
767,What is the time complexity of merge sort?,What is demand paging?,0,DSA vs Operating Systems
768,How do I read a file line by line in Java?,How do I find the middle node of a linked list?,0,Java vs DSA
769,What is the difference between BFS and DFS?,How are breadth-first search and depth-first search different?,1,DSA
770,How can I join two tables in sql?,What is the correct way to combine two tables using an SQL join?,1,DBMS
771,How do I sort an array in java?,What is the easiest way to sort an array using Java step by step?,1,Java
772,Can you explain how to create a thread in java?,What are the ways to create a thread using Java?,1,Java
773,How can I reverse a string in Java step by step?,What is the best way to reverse a String using Java?,1,Java
774,What is the best way to find the length of an array in java?,How do I get the number of elements in a Java array step by step?,1,Java
775,How do I find duplicate rows using SQL?,What SQL query can be used to identify duplicate records?,1,DBMS
776,How can I find the length of an array in Java?,How can I find the height of a binary tree?,0,Java vs DSA
777,What is a router?,What is method overloading in Java?,0,Computer Networks vs Java
778,What is a primary key in DBMS?,Can you explain the purpose of a primary key in a database?,1,DBMS
779,How can I remove duplicate elements from an ArrayList?,How do I eliminate duplicate values from an ArrayList in Java?,1,Java
780,How can I check if a string contains a substring in Python?,What is the difference between BFS and DFS?,0,Python vs DSA
781,How do I hide an element using CSS?,What is the difference between process and thread?,0,Web Development vs Operating Systems
782,What method can I use to what is a foreign key?,Can you explain what a foreign key does in a database?,1,DBMS
783,What is a foreign key?,What is the time complexity of binary search?,0,DBMS vs DSA
784,What is method overloading in Java?,How can I implement binary search?,0,Java vs DSA
785,How can I sort a list in Python?,How can I find the length of an array in Java?,0,Python vs Java
786,How can I check if a string contains a substring in Python?,What is an index in a database?,0,Python vs DBMS
787,What is the difference between TCP and UDP efficiently?,How do TCP and UDP differ in networking in a program?,1,Computer Networks
788,What method can I use to what is cpu scheduling?,Can you explain CPU scheduling in an operating system step by step?,1,Operating Systems
789,How can I remove duplicate elements from an ArrayList step by step?,How do I eliminate duplicate values from an ArrayList in Java efficiently?,1,Java
790,Can you explain how to what is the difference between tcp and udp?,How do TCP and UDP differ in networking step by step?,1,Computer Networks
791,What is a system call?,How can I handle exceptions in Java?,0,Operating Systems vs Java
792,How does DHCP work?,How do I split a string in Java?,0,Computer Networks vs Java
793,What is a router?,How can I convert a string to lowercase in Python?,0,Computer Networks vs Python
794,How do I sort query results in SQL?,How do I convert an ArrayList to an array?,0,DBMS vs Java
795,How can I what is the dom in javascript?,Can you explain the Document Object Model in JavaScript in a program?,1,Web Development
796,How can I join two tables in SQL?,How can I implement a min heap?,0,DBMS vs DSA
797,How do I select an element by ID in JavaScript in a program?,What is the JavaScript method for selecting an element using its ID in a program?,1,Web Development
798,What is CPU scheduling?,How can I check if a string contains a substring in Python?,0,Operating Systems vs Python
799,How does HTTP work?,Can you explain the working of the HTTP protocol?,1,Computer Networks
800,What is a foreign key?,What is a router?,0,DBMS vs Computer Networks
801,What is a thread in OS?,What is the OSI model?,0,Operating Systems vs Computer Networks
802,How do I hide an element using CSS?,What is a race condition?,0,Web Development vs Operating Systems
803,What is a subnet mask in a program?,What is the purpose of a subnet mask in networking step by step?,1,Computer Networks
804,What is a semaphore in OS?,What is the purpose of a semaphore in operating systems?,1,Operating Systems
805,How do I hide an element using CSS?,How can I remove duplicate elements from an ArrayList?,0,Web Development vs Java
806,How can I create a button in html?,What HTML code is used to create a button in a program?,1,Web Development
807,What is a critical section?,How can I change text color using CSS?,0,Operating Systems vs Web Development
808,How do I find duplicate rows using SQL step by step?,What SQL query can be used to identify duplicate records using a simple approach?,1,DBMS
809,How can I implement binary search?,What is the method for implementing binary search?,1,DSA
810,What is DNS?,How can I reverse a linked list?,0,Computer Networks vs DSA
811,What is a race condition in a program?,Can you explain race conditions in operating systems in a program?,1,Operating Systems
812,What is a subnet mask?,How can I create a button in HTML?,0,Computer Networks vs Web Development
813,How do I remove duplicates from a python list?,What is a simple way to eliminate duplicate values from a list in Python?,1,Python
814,How can I handle exceptions in Java?,How do I handle exceptions in Python?,0,Java vs Python
815,What is paging in operating systems?,How do I check if a key exists in a Python dictionary?,0,Operating Systems vs Python
816,How can I what is normalization in dbms?,What does database normalization mean in a program?,1,DBMS
817,How can I join two tables in SQL?,What is the correct way to combine two tables using an SQL join step by step?,1,DBMS
818,Can you explain how to find the length of an array in java?,How do I get the number of elements in a Java array using a simple approach?,1,Java
819,What is a subnet mask step by step?,What is the purpose of a subnet mask in networking efficiently?,1,Computer Networks
820,How do I make a website responsive?,How can I check if a string contains a substring in Python?,0,Web Development vs Python
821,What is a router?,How can I implement a stack using an array?,0,Computer Networks vs DSA
822,What is the DOM in JavaScript?,What is DNS?,0,Web Development vs Computer Networks
823,What is a foreign key?,How can I find the height of a binary tree?,0,DBMS vs DSA
824,What is CPU scheduling in a program?,Can you explain CPU scheduling in an operating system using a simple approach?,1,Operating Systems
825,How do I split a string in Java?,How can I implement binary search?,0,Java vs DSA
826,How can I what is a thread in os?,What does a thread represent in an operating system using a simple approach?,1,Operating Systems
827,What is method overloading in Java?,Can you explain method overloading with Java methods?,1,Java
828,What is normalization in DBMS?,What is paging in operating systems?,0,DBMS vs Operating Systems
829,How can I reverse a list in Python using a simple approach?,What is the easiest way to reverse a list using Python?,1,Python
830,How can I remove a table from a database?,What is the difference between BFS and DFS?,0,DBMS vs DSA
831,How do I find the middle node of a linked list?,How do I create a dropdown menu in HTML?,0,DSA vs Web Development
832,How can I what is the osi model?,Can you explain the seven-layer OSI model in a program?,1,Computer Networks
833,What is the best way to what is dynamic programming in algorithms?,Can you explain the concept of dynamic programming in DSA efficiently?,1,DSA
834,How can I find the length of an array in Java?,What is a subnet mask?,0,Java vs Computer Networks
835,How do I change a font size with CSS?,How do I create a virtual environment in Python?,0,Web Development vs Python
836,What is deadlock in operating systems?,What is a subnet mask?,0,Operating Systems vs Computer Networks
837,What is the difference between IPv4 and IPv6?,How can I join two tables in SQL?,0,Computer Networks vs DBMS
838,How does DHCP work using a simple approach?,Can you explain how DHCP assigns network configuration in a program?,1,Computer Networks
839,What is an index in a database?,Why are indexes used in databases?,1,DBMS
840,What is a MAC address?,What is paging in operating systems?,0,Computer Networks vs Operating Systems
841,How can I detect duplicate elements in an array?,How can I add an event listener in JavaScript?,0,DSA vs Web Development
842,Can you explain how to check whether a string contains a word in java?,How do I test if a Java String contains a particular word efficiently?,1,Java
843,How can I join two tables in SQL efficiently?,What is the correct way to combine two tables using an SQL join in a program?,1,DBMS
844,How do I hide an element using CSS using a simple approach?,What CSS can I use to make an element invisible using a simple approach?,1,Web Development
845,What is a firewall?,What is dynamic programming in algorithms?,0,Computer Networks vs DSA
846,How does round robin scheduling work efficiently?,What is the working principle of round robin CPU scheduling efficiently?,1,Operating Systems
847,How can I remove a table from a database?,What SQL command is used to delete a table?,1,DBMS
848,What method can I use to implement a queue using two stacks?,What is the approach for building a queue from two stacks efficiently?,1,DSA
849,How can I validate an HTML form using JavaScript?,How can I read a CSV file in Python?,0,Web Development vs Python
850,What is a process in an operating system?,Can you explain what a process means in an operating system efficiently?,1,Operating Systems
851,How do I create a thread in Java?,What is the difference between IPv4 and IPv6?,0,Java vs Computer Networks
852,How can I create a button in HTML?,What is a transaction in DBMS?,0,Web Development vs DBMS
853,What is paging in operating systems?,Can you explain how paging works in OS memory management?,1,Operating Systems
854,What is a system call?,How do I perform an inorder traversal of a binary tree?,0,Operating Systems vs DSA
855,What is a firewall?,What is the time complexity of binary search?,0,Computer Networks vs DSA
856,How can I change text color using CSS?,What is the time complexity of merge sort?,0,Web Development vs DSA
857,How can I sort a list in Python?,How can I join two tables in SQL?,0,Python vs DBMS
858,How does DHCP work?,What is the difference between HTML and CSS?,0,Computer Networks vs Web Development
859,What is the OSI model?,How do I count rows in an SQL table?,0,Computer Networks vs DBMS
860,How can I merge two dictionaries in Python?,How can I implement a queue using two stacks?,0,Python vs DSA
861,How can I what is normalization in dbms?,What does database normalization mean using a simple approach?,1,DBMS
862,What is a system call in a program?,Can you explain what a system call is in an operating system step by step?,1,Operating Systems
863,How can I change text color using CSS?,What is a network topology?,0,Web Development vs Computer Networks
864,How can I what is a router?,What is the function of a router in a computer network in a program?,1,Computer Networks
865,What is a race condition?,How can I remove a table from a database?,0,Operating Systems vs DBMS
866,What is a simple way to what is the time complexity of merge sort?,How much time complexity does merge sort have efficiently?,1,DSA
867,What is the difference between process and thread?,How do I add JavaScript to an HTML page?,0,Operating Systems vs Web Development
868,What is the OSI model?,Can you explain the seven-layer OSI model?,1,Computer Networks
869,What is DNS?,What is the purpose of the Domain Name System using a simple approach?,1,Computer Networks
870,What is the difference between IPv4 and IPv6?,How are IPv4 and IPv6 different?,1,Computer Networks
871,How do I select an element by ID in JavaScript?,What is the JavaScript method for selecting an element using its ID step by step?,1,Web Development
872,What is the best way to check if a key exists in a python dictionary?,How can I test whether a dictionary contains a specific key in Python step by step?,1,Python
873,How do I find the middle node of a linked list?,How can I handle exceptions in Java?,0,DSA vs Java
874,What is latency in networking?,How can I add an event listener in JavaScript?,0,Computer Networks vs Web Development
875,How can I detect duplicate elements in an array?,How do I find duplicate rows using SQL?,0,DSA vs DBMS
876,What is the time complexity of binary search?,What is the difference between HTML and CSS?,0,DSA vs Web Development
877,What is packet switching?,Can you explain packet switching in computer networks?,1,Computer Networks
878,How can I change text color using CSS using a simple approach?,What CSS property is used to change the color of text efficiently?,1,Web Development
879,What is packet switching?,How do I remove duplicates from a Python list?,0,Computer Networks vs Python
880,What are ACID properties step by step?,What do the ACID properties of database transactions mean efficiently?,1,DBMS
881,What is a race condition in a program?,Can you explain race conditions in operating systems step by step?,1,Operating Systems
882,How do I handle exceptions in Python?,What is a race condition?,0,Python vs Operating Systems
883,What is the time complexity of binary search?,How do I sort query results in SQL?,0,DSA vs DBMS
884,What is demand paging?,How do I check if a key exists in a Python dictionary?,0,Operating Systems vs Python
885,How can I remove a table from a database?,What is the time complexity of merge sort?,0,DBMS vs DSA
886,How can I find the length of an array in Java using a simple approach?,How do I get the number of elements in a Java array step by step?,1,Java
887,What is CPU scheduling?,What is the time complexity of binary search?,0,Operating Systems vs DSA
888,Can you explain how to convert an arraylist to an array?,What is the way to convert an ArrayList into an array in Java efficiently?,1,Java
889,How can I find the length of an array in Java?,How do I count rows in an SQL table?,0,Java vs DBMS
890,What is a thread in OS?,What does a thread represent in an operating system?,1,Operating Systems
891,What is the time complexity of merge sort?,How much time complexity does merge sort have?,1,DSA
892,What is the best way to remove a table from a database?,What SQL command is used to delete a table step by step?,1,DBMS
893,How can I handle exceptions in java?,What is the proper way to handle exceptions in Java in a program?,1,Java
894,How do I split a string in Java?,What method can I use to split a String into parts in Java?,1,Java
895,How does the fork system call work?,What does the fork() system call do in Unix-like operating systems?,1,Operating Systems
896,How can I convert a string to an integer in Java?,What is a list comprehension in Python?,0,Java vs Python
897,How can I read a CSV file in Python?,What is the method to load a CSV file using Python?,1,Python
898,What is a system call?,Can you explain what a system call is in an operating system?,1,Operating Systems
899,How does DHCP work?,How do I find duplicate rows using SQL?,0,Computer Networks vs DBMS
900,How can I select an element by id in javascript?,What is the JavaScript method for selecting an element using its ID step by step?,1,Web Development
901,How can I handle exceptions in Java?,How can I remove a table from a database?,0,Java vs DBMS
902,How do I split a string in Java efficiently?,What method can I use to split a String into parts in Java in a program?,1,Java
903,How can I read a CSV file in Python?,How can I find the height of a binary tree?,0,Python vs DSA
904,What is a composite key?,How does the fork system call work?,0,DBMS vs Operating Systems
905,What is a simple way to what is a foreign key?,Can you explain what a foreign key does in a database using a simple approach?,1,DBMS
906,How do I what is a critical section?,What does the critical section mean in process synchronization?,1,Operating Systems
907,How do I detect a cycle in a linked list?,What is CPU scheduling?,0,DSA vs Operating Systems
908,How does round robin scheduling work?,How does DHCP work?,0,Operating Systems vs Computer Networks
909,How can I change an element's background color with CSS?,What is a router?,0,Web Development vs Computer Networks
910,What is latency in networking?,Can you explain latency in a computer network efficiently?,1,Computer Networks
911,Can you explain how to what is latency in networking?,Can you explain latency in a computer network in a program?,1,Computer Networks
912,How can I create a button in HTML?,What HTML code is used to create a button efficiently?,1,Web Development
913,Can you explain how to what is a primary key in dbms?,Can you explain the purpose of a primary key in a database efficiently?,1,DBMS
914,How do I iterate through a HashMap in Java?,What is the correct way to loop over a HashMap in Java?,1,Java
915,What is latency in networking?,How does round robin scheduling work?,0,Computer Networks vs Operating Systems
916,What is a system call?,What is a transaction in DBMS?,0,Operating Systems vs DBMS
917,What is CPU scheduling?,Can you explain CPU scheduling in an operating system?,1,Operating Systems
918,How can I implement a stack using an array?,What is the difference between TCP and UDP?,0,DSA vs Computer Networks
919,What is a composite key?,What is a semaphore in OS?,0,DBMS vs Operating Systems
920,How do I read a file line by line in Java?,How do I make a website responsive?,0,Java vs Web Development
921,How do I what is method overloading in java?,Can you explain method overloading with Java methods in a program?,1,Java
922,Can you explain how to what is virtual memory?,Can you explain the concept of virtual memory in an operating system efficiently?,1,Operating Systems
923,What is a composite key?,Can you explain the meaning of a composite key in DBMS step by step?,1,DBMS
924,How can I count occurrences of an item in a Python list?,How do I iterate through a HashMap in Java?,0,Python vs Java
925,How can I load an external CSS file?,What is the correct way to link an external stylesheet to HTML step by step?,1,Web Development
926,How can I change text color using CSS?,How can I find the length of an array in Java?,0,Web Development vs Java
927,What is the difference between WHERE and HAVING?,What is packet switching?,0,DBMS vs Computer Networks
928,How can I find the maximum value in an integer array?,What is a firewall?,0,Java vs Computer Networks
929,How can I update records in SQL?,What is the SQL syntax for modifying existing records?,1,DBMS
930,How do I find the largest number in a Python list?,How do I split a string in Java?,0,Python vs Java
931,What is a simple way to what is a process in an operating system?,Can you explain what a process means in an operating system efficiently?,1,Operating Systems
932,What is a network topology step by step?,What does network topology mean in a program?,1,Computer Networks
933,How do I read a file line by line in Java?,How do I remove an item from a Python list?,0,Java vs Python
934,How do I create a dropdown menu in HTML step by step?,What HTML element can be used to create a dropdown list?,1,Web Development
935,What is the time complexity of binary search?,What is the difference between == and equals in Java?,0,DSA vs Java
936,What is packet switching?,How can I implement a queue using two stacks?,0,Computer Networks vs DSA
937,How can I find the maximum value in an integer array?,How can I find the shortest path in a graph?,0,Java vs DSA
938,What is the best way to what is a mac address?,Can you explain what a MAC address represents step by step?,1,Computer Networks
939,What is a foreign key efficiently?,Can you explain what a foreign key does in a database?,1,DBMS
940,How can I find the maximum value in an integer array?,How can I count occurrences of an item in a Python list?,0,Java vs Python
941,How do I iterate through a HashMap in Java?,What is paging in operating systems?,0,Java vs Operating Systems
942,How does DHCP work?,How do I hide an element using CSS?,0,Computer Networks vs Web Development
943,What is the difference between HTML and CSS?,How can I convert a string to lowercase in Python?,0,Web Development vs Python
944,How do I remove an item from a Python list?,What are the ways to delete an element from a Python list?,1,Python
945,What is a process in an operating system?,How can I find the maximum value in an integer array?,0,Operating Systems vs Java
946,What is a race condition?,How do I change a font size with CSS?,0,Operating Systems vs Web Development
947,How do I validate an html form using javascript?,What is a way to validate form inputs with JavaScript?,1,Web Development
948,What is context switching?,How does DHCP work?,0,Operating Systems vs Computer Networks
949,How can I reverse a string in Java?,How does DHCP work?,0,Java vs Computer Networks
950,How can I merge two dictionaries in Python?,How do I perform an inorder traversal of a binary tree?,0,Python vs DSA
951,What is a primary key in DBMS?,What is an IP address?,0,DBMS vs Computer Networks
952,What is virtual memory?,How can I read a CSV file in Python?,0,Operating Systems vs Python
953,What is an index in a database using a simple approach?,Why are indexes used in databases in a program?,1,DBMS
954,What is a firewall?,What is the role of a firewall in a network?,1,Computer Networks
955,How does the fork system call work?,How can I validate an HTML form using JavaScript?,0,Operating Systems vs Web Development
956,How do I count rows in an SQL table?,What SQL query can I use to count records in a table efficiently?,1,DBMS
957,Can you explain how to what is a process in an operating system?,Can you explain what a process means in an operating system step by step?,1,Operating Systems
958,What is a subnet mask?,How do I count rows in an SQL table?,0,Computer Networks vs DBMS
959,How can I detect duplicate elements in an array?,How can I load an external CSS file?,0,DSA vs Web Development
960,What is the best way to what is context switching?,What happens during a context switch in an operating system?,1,Operating Systems
961,What is the best way to what is the difference between tcp and udp?,How do TCP and UDP differ in networking efficiently?,1,Computer Networks
962,How do I select an element by ID in JavaScript?,What is a list comprehension in Python?,0,Web Development vs Python
963,What is a simple way to how does arp work?,Can you explain the working of the Address Resolution Protocol using a simple approach?,1,Computer Networks
964,How does HTTP work?,What is the difference between process and thread?,0,Computer Networks vs Operating Systems
965,How can I implement binary search?,What is a network topology?,0,DSA vs Computer Networks
966,How can I reverse a linked list using a simple approach?,What is the procedure to reverse a linked list using a simple approach?,1,DSA
967,What is a firewall?,How do I iterate through a HashMap in Java?,0,Computer Networks vs Java
968,Can you explain how to sort a list in python?,What is the best way to arrange the elements of a Python list step by step?,1,Python
969,How do I create a dropdown menu in HTML?,What HTML element can be used to create a dropdown list?,1,Web Development
970,What is a semaphore in OS?,How do I hide an element using CSS?,0,Operating Systems vs Web Development
971,What is a network topology?,What does network topology mean?,1,Computer Networks
972,How can I change an element's background color with CSS using a simple approach?,What CSS property changes the background color of an element step by step?,1,Web Development
973,What is a system call?,What is latency in networking?,0,Operating Systems vs Computer Networks
974,How can I reverse a list in Python efficiently?,What is the easiest way to reverse a list using Python?,1,Python
975,How do I create a dropdown menu in HTML?,How do I check if a key exists in a Python dictionary?,0,Web Development vs Python
976,How do I create a thread in Java?,What is DNS?,0,Java vs Computer Networks
977,How do I hide an element using CSS?,What CSS can I use to make an element invisible efficiently?,1,Web Development
978,How can I merge two dictionaries in Python?,What is demand paging?,0,Python vs Operating Systems
979,How can I find the length of an array in java?,How do I get the number of elements in a Java array in a program?,1,Java
980,How can I add an event listener in JavaScript?,What is a race condition?,0,Web Development vs Operating Systems
981,How do I find the middle node of a linked list?,How can I load an external CSS file?,0,DSA vs Web Development
982,How do I remove an item from a Python list?,What are the ways to delete an element from a Python list?,1,Python
983,What is demand paging?,How can I load an external CSS file?,0,Operating Systems vs Web Development
984,What is DNS efficiently?,What is the purpose of the Domain Name System efficiently?,1,Computer Networks
985,What is context switching using a simple approach?,What happens during a context switch in an operating system using a simple approach?,1,Operating Systems
986,What method can I use to check whether a string contains a word in java?,How do I test if a Java String contains a particular word?,1,Java
987,How do I center a div using CSS?,How do I handle exceptions in Python?,0,Web Development vs Python
988,What is the difference between HTML and CSS?,What is the difference between == and equals in Java?,0,Web Development vs Java
989,How can I handle exceptions in Java?,What is the proper way to handle exceptions in Java?,1,Java
990,What is a critical section?,How can I find the maximum value in an integer array?,0,Operating Systems vs Java
991,What is dynamic programming in algorithms?,How do I select an element by ID in JavaScript?,0,DSA vs Web Development
992,What is a race condition?,Can you explain race conditions in operating systems?,1,Operating Systems
993,What is paging in operating systems in a program?,Can you explain how paging works in OS memory management?,1,Operating Systems
994,What is virtual memory?,How can I check whether a string contains a word in Java?,0,Operating Systems vs Java
995,How can I join two tables in SQL?,How can I add an event listener in JavaScript?,0,DBMS vs Web Development
996,What is a system call efficiently?,Can you explain what a system call is in an operating system using a simple approach?,1,Operating Systems
997,How can I join two tables in SQL?,How can I find the length of an array in Java?,0,DBMS vs Java
998,What is an index in a database?,How can I merge two dictionaries in Python?,0,DBMS vs Python
999,How do I find the length of a list in Python?,How do I convert an ArrayList to an array?,0,Python vs Java
1000,How can I find the maximum value in an integer array?,How do I find the largest number in a Python list?,0,Java vs Python
