id,question_1_shingles,question_2_shingles
1,"How do I | do I count | I count rows | count rows in | rows in an | in an SQL | an SQL table?","How does ARP | does ARP work?"
2,"What is the | is the best | the best way | best way to | way to detect | to detect a | detect a cycle | a cycle in | cycle in a | in a linked | a linked list?","What is a | is a method | a method for | method for finding | for finding a | finding a loop | a loop in | loop in a | in a linked | a linked list | linked list using | list using a | using a simple | a simple approach?"
3,"What is the | is the difference | the difference between | difference between BFS | between BFS and | BFS and DFS | and DFS using | DFS using a | using a simple | a simple approach?","How are breadth-first | are breadth-first search | breadth-first search and | search and depth-first | and depth-first search | depth-first search different | search different step | different step by | step by step?"
4,"How can I | can I convert | I convert a | convert a string | a string to | string to an | to an integer | an integer in | integer in Java?","How can I | can I implement | I implement binary | implement binary search?"
5,"How can I | can I reverse | I reverse a | reverse a linked | a linked list?","What is the | is the difference | the difference between | difference between == | between == and | == and equals | and equals in | equals in Java?"
6,"How can I | can I add | I add an | add an event | an event listener | event listener in | listener in JavaScript?","How can I | can I update | I update records | update records in | records in SQL?"
7,"How can I | can I find | I find the | find the maximum | the maximum value | maximum value in | value in an | in an integer | an integer array | integer array using | array using a | using a simple | a simple approach?","How do I | do I get | I get the | get the largest | the largest element | largest element from | element from an | from an int | an int array | int array in | array in Java | in Java in | Java in a | in a program?"
8,"What is the | is the time | the time complexity | time complexity of | complexity of merge | of merge sort | merge sort step | sort step by | step by step?","How much time | much time complexity | time complexity does | complexity does merge | does merge sort | merge sort have | sort have efficiently?"
9,"What is a | is a simple | a simple way | simple way to | way to what | to what is | what is the | is the difference | the difference between | difference between tcp | between tcp and | tcp and udp?","How do TCP | do TCP and | TCP and UDP | and UDP differ | UDP differ in | differ in networking?"
10,"How do I | do I find | I find the | find the middle | the middle node | middle node of | node of a | of a linked | a linked list?","What is a | is a way | a way to | way to locate | to locate the | locate the middle | the middle element | middle element in | element in a | in a linked | a linked list?"
11,"How can I | can I sort | I sort a | sort a list | a list in | list in Python?","What is a | is a foreign | a foreign key?"
12,"What is a | is a firewall?","What is the | is the role | the role of | role of a | of a firewall | a firewall in | firewall in a | in a network?"
13,"What is the | is the difference | the difference between | difference between process | between process and | process and thread?","How can I | can I implement | I implement a | implement a queue | a queue using | queue using two | using two stacks?"
14,"What is DNS?","What is the | is the time | the time complexity | time complexity of | complexity of binary | of binary search?"
15,"What is normalization | is normalization in | normalization in DBMS?","How can I | can I read | I read a | read a CSV | a CSV file | CSV file in | file in Python?"
16,"What is a | is a simple | a simple way | simple way to | way to implement | to implement a | implement a stack | a stack using | stack using an | using an array?","How do I | do I create | I create a | create a stack | a stack using | stack using an | using an array | an array data | array data structure | data structure efficiently?"
17,"What method can | method can I | can I use | I use to | use to convert | to convert a | convert a string | a string to | string to an | to an integer | an integer in | integer in java?","How do I | do I convert | I convert a | convert a String | a String value | String value into | value into an | into an int | an int in | int in Java | in Java in | Java in a | in a program?"
18,"What is the | is the difference | the difference between | difference between == | between == and | == and equals | and equals in | equals in Java | in Java in | Java in a | in a program?","How does == | does == differ | == differ from | differ from equals() | from equals() when | equals() when comparing | when comparing objects | comparing objects in | objects in Java | in Java efficiently?"
19,"Can you explain | you explain how | explain how to | how to count | to count occurrences | count occurrences of | occurrences of an | of an item | an item in | item in a | in a python | a python list?","What is the | is the way | the way to | way to count | to count how | count how many | how many times | many times a | times a value | a value appears | value appears in | appears in a | in a Python | a Python list | Python list step | list step by | step by step?"
20,"How can I | can I implement | I implement a | implement a queue | a queue using | queue using two | using two stacks | two stacks efficiently?","What is the | is the approach | the approach for | approach for building | for building a | building a queue | a queue from | queue from two | from two stacks?"
21,"How can I | can I what | I what is | what is a | is a mac | a mac address?","Can you explain | you explain what | explain what a | what a MAC | a MAC address | MAC address represents | address represents in | represents in a | in a program?"
22,"What is a | is a MAC | a MAC address | MAC address efficiently?","Can you explain | you explain what | explain what a | what a MAC | a MAC address | MAC address represents | address represents efficiently?"
23,"What is virtual | is virtual memory | virtual memory in | memory in a | in a program?","Can you explain | you explain the | explain the concept | the concept of | concept of virtual | of virtual memory | virtual memory in | memory in an | in an operating | an operating system | operating system using | system using a | using a simple | a simple approach?"
24,"How do I | do I create | I create a | create a virtual | a virtual environment | virtual environment in | environment in Python?","What is the | is the procedure | the procedure for | procedure for creating | for creating a | creating a Python | a Python virtual | Python virtual environment?"
25,"How do I | do I handle | I handle exceptions | handle exceptions in | exceptions in Python?","What is the | is the correct | the correct way | correct way to | way to handle | to handle errors | handle errors with | errors with exceptions | with exceptions in | exceptions in Python?"
26,"How do I | do I find | I find the | find the largest | the largest number | largest number in | number in a | in a Python | a Python list?","What is the | is the DOM | the DOM in | DOM in JavaScript?"
27,"How can I | can I what | I what is | what is a | is a list | a list comprehension | list comprehension in | comprehension in python?","Can you explain | you explain list | explain list comprehensions | list comprehensions in | comprehensions in Python | in Python in | Python in a | in a program?"
28,"What is the | is the difference | the difference between | difference between HTML | between HTML and | HTML and CSS | and CSS step | CSS step by | step by step?","How are HTML | are HTML and | HTML and CSS | and CSS different | CSS different in | different in web | in web development?"
29,"What is an | is an IP | an IP address?","How does the | does the fork | the fork system | fork system call | system call work?"
30,"What is the | is the best | the best way | best way to | way to add | to add an | add an event | an event listener | event listener in | listener in javascript?","What is the | is the method | the method for | method for attaching | for attaching an | attaching an event | an event listener | event listener using | listener using JavaScript | using JavaScript in | JavaScript in a | in a program?"
31,"How do I | do I iterate | I iterate through | iterate through a | through a HashMap | a HashMap in | HashMap in Java?","How do I | do I check | I check if | check if a | if a key | a key exists | key exists in | exists in a | in a Python | a Python dictionary?"
32,"How can I | can I change | I change text | change text color | text color using | color using CSS?","What CSS property | CSS property is | property is used | is used to | used to change | to change the | change the color | the color of | color of text?"
33,"What is context | is context switching?","How do I | do I find | I find the | find the largest | the largest number | largest number in | number in a | in a Python | a Python list?"
34,"How can I | can I implement | I implement a | implement a min | a min heap | min heap step | heap step by | step by step?","What is the | is the approach | the approach for | approach for implementing | for implementing a | implementing a minimum | a minimum heap | minimum heap step | heap step by | step by step?"
35,"How can I | can I find | I find the | find the maximum | the maximum value | maximum value in | value in an | in an integer | an integer array?","What is the | is the DOM | the DOM in | DOM in JavaScript?"
36,"How can I | can I find | I find the | find the length | the length of | length of an | of an array | an array in | array in Java | in Java efficiently?","How do I | do I get | I get the | get the number | the number of | number of elements | of elements in | elements in a | in a Java | a Java array | Java array in | array in a | in a program?"
37,"How do I | do I check | I check if | check if a | if a key | a key exists | key exists in | exists in a | in a Python | a Python dictionary?","How can I | can I test | I test whether | test whether a | whether a dictionary | a dictionary contains | dictionary contains a | contains a specific | a specific key | specific key in | key in Python?"
38,"What method can | method can I | can I use | I use to | use to what | to what is | what is dns?","What is the | is the purpose | the purpose of | purpose of the | of the Domain | the Domain Name | Domain Name System | Name System using | System using a | using a simple | a simple approach?"
39,"How can I | can I reverse | I reverse a | reverse a list | a list in | list in Python?","What is the | is the easiest | the easiest way | easiest way to | way to reverse | to reverse a | reverse a list | a list using | list using Python | using Python in | Python in a | in a program?"
40,"How do I | do I create | I create a | create a virtual | a virtual environment | virtual environment in | environment in Python?","What is an | is an index | an index in | index in a | in a database?"
41,"How can I | can I load | I load an | load an external | an external CSS | external CSS file?","What is the | is the difference | the difference between | difference between BFS | between BFS and | BFS and DFS?"
42,"How can I | can I implement | I implement binary | implement binary search?","What is the | is the method | the method for | method for implementing | for implementing binary | implementing binary search | binary search in | search in a | in a program?"
43,"What is the | is the difference | the difference between | difference between DELETE | between DELETE and | DELETE and TRUNCATE?","How can I | can I check | I check if | check if a | if a string | a string contains | string contains a | contains a substring | a substring in | substring in Python?"
44,"Can you explain | you explain how | explain how to | how to implement | to implement a | implement a min | a min heap?","What is the | is the approach | the approach for | approach for implementing | for implementing a | implementing a minimum | a minimum heap | minimum heap in | heap in a | in a program?"
45,"How do I | do I find | I find the | find the middle | the middle node | middle node of | node of a | of a linked | a linked list | linked list using | list using a | using a simple | a simple approach?","What is a | is a way | a way to | way to locate | to locate the | locate the middle | the middle element | middle element in | element in a | in a linked | a linked list | linked list efficiently?"
46,"How can I | can I check | I check whether | check whether a | whether a string | a string contains | string contains a | contains a word | a word in | word in Java | in Java efficiently?","How do I | do I test | I test if | test if a | if a Java | a Java String | Java String contains | String contains a | contains a particular | a particular word | particular word efficiently?"
47,"What is a | is a simple | a simple way | simple way to | way to detect | to detect a | detect a cycle | a cycle in | cycle in a | in a linked | a linked list?","What is a | is a method | a method for | method for finding | for finding a | finding a loop | a loop in | loop in a | in a linked | a linked list?"
48,"How can I | can I change | I change a | change a font | a font size | font size with | size with css?","What CSS property | CSS property controls | property controls the | controls the size | the size of | size of text | of text using | text using a | using a simple | a simple approach?"
49,"How can I | can I change | I change an | change an element's | an element's background | element's background color | background color with | color with CSS?","How does DHCP | does DHCP work?"
50,"How do I | do I create | I create a | create a virtual | a virtual environment | virtual environment in | environment in Python?","What are ACID | are ACID properties?"
51,"How can I | can I remove | I remove duplicate | remove duplicate elements | duplicate elements from | elements from an | from an ArrayList | an ArrayList efficiently?","How do I | do I eliminate | I eliminate duplicate | eliminate duplicate values | duplicate values from | values from an | from an ArrayList | an ArrayList in | ArrayList in Java | in Java efficiently?"
52,"What is context | is context switching?","How can I | can I sort | I sort a | sort a list | a list in | list in Python?"
53,"What method can | method can I | can I use | I use to | use to create | to create a | create a button | a button in | button in html?","What HTML code | HTML code is | code is used | is used to | used to create | to create a | create a button | a button step | button step by | step by step?"
54,"How can I | can I add | I add an | add an event | an event listener | event listener in | listener in JavaScript | in JavaScript using | JavaScript using a | using a simple | a simple approach?","What is the | is the method | the method for | method for attaching | for attaching an | attaching an event | an event listener | event listener using | listener using JavaScript?"
55,"How can I | can I convert | I convert a | convert a string | a string to | string to lowercase | to lowercase in | lowercase in Python | in Python in | Python in a | in a program?","How do I | do I change | I change a | change a Python | a Python string | Python string to | string to lowercase | to lowercase step | lowercase step by | step by step?"
56,"What is the | is the best | the best way | best way to | way to what | to what is | what is a | is a system | a system call?","Can you explain | you explain what | explain what a | what a system | a system call | system call is | call is in | is in an | in an operating | an operating system?"
57,"How do I | do I create | I create a | create a virtual | a virtual environment | virtual environment in | environment in Python?","How do I | do I sort | I sort an | sort an array | an array in | array in Java?"
58,"What is DNS | is DNS using | DNS using a | using a simple | a simple approach?","What is the | is the purpose | the purpose of | purpose of the | of the Domain | the Domain Name | Domain Name System | Name System efficiently?"
59,"How can I | can I convert | I convert a | convert a string | a string to | string to an | to an integer | an integer in | integer in Java?","How do I | do I convert | I convert a | convert a String | a String value | String value into | value into an | into an int | an int in | int in Java?"
60,"What is the | is the difference | the difference between | difference between process | between process and | process and thread?","How does a | does a process | a process differ | process differ from | differ from a | from a thread | a thread in | thread in an | in an operating | an operating system | operating system using | system using a | using a simple | a simple approach?"
61,"How do I | do I find | I find the | find the length | the length of | length of a | of a list | a list in | list in Python?","What is deadlock | is deadlock in | deadlock in operating | in operating systems?"
62,"What is a | is a router?","How do I | do I check | I check if | check if a | if a key | a key exists | key exists in | exists in a | in a Python | a Python dictionary?"
63,"How do I | do I create | I create a | create a thread | a thread in | thread in Java?","What is a | is a race | a race condition?"
64,"How can I | can I validate | I validate an | validate an html | an html form | html form using | form using javascript?","What is a | is a way | a way to | way to validate | to validate form | validate form inputs | form inputs with | inputs with JavaScript | with JavaScript efficiently?"
65,"What is an | is an IP | an IP address?","How do I | do I find | I find duplicate | find duplicate rows | duplicate rows using | rows using SQL?"
66,"What is a | is a network | a network topology?","What is CPU | is CPU scheduling?"
67,"How do I | do I what | I what is | what is packet | is packet switching?","Can you explain | you explain packet | explain packet switching | packet switching in | switching in computer | in computer networks | computer networks step | networks step by | step by step?"
68,"What is the | is the DOM | the DOM in | DOM in JavaScript?","How do I | do I count | I count rows | count rows in | rows in an | in an SQL | an SQL table?"
69,"How do I | do I add | I add JavaScript | add JavaScript to | JavaScript to an | to an HTML | an HTML page?","How can I | can I merge | I merge two | merge two dictionaries | two dictionaries in | dictionaries in Python?"
70,"What is a | is a simple | a simple way | simple way to | way to what | to what is | what is a | is a subnet | a subnet mask?","What is the | is the purpose | the purpose of | purpose of a | of a subnet | a subnet mask | subnet mask in | mask in networking?"
71,"What method can | method can I | can I use | I use to | use to change | to change a | change a font | a font size | font size with | size with css?","What CSS property | CSS property controls | property controls the | controls the size | the size of | size of text | of text step | text step by | step by step?"
72,"How do I | do I what | I what is | what is the | is the time | the time complexity | time complexity of | complexity of binary | of binary search?","How much time | much time does | time does binary | does binary search | binary search take | search take in | take in terms | in terms of | terms of complexity | of complexity step | complexity step by | step by step?"
73,"How can I | can I detect | I detect duplicate | detect duplicate elements | duplicate elements in | elements in an | in an array | an array in | array in a | in a program?","What is a | is a method | a method for | method for finding | for finding repeated | finding repeated values | repeated values in | values in an | in an array | an array using | array using a | using a simple | a simple approach?"
74,"How do I | do I iterate | I iterate through | iterate through a | through a HashMap | a HashMap in | HashMap in Java | in Java in | Java in a | in a program?","What is the | is the correct | the correct way | correct way to | way to loop | to loop over | loop over a | over a HashMap | a HashMap in | HashMap in Java | in Java using | Java using a | using a simple | a simple approach?"
75,"What method can | method can I | can I use | I use to | use to what | to what is | what is a | is a composite | a composite key?","Can you explain | you explain the | explain the meaning | the meaning of | meaning of a | of a composite | a composite key | composite key in | key in DBMS?"
76,"What is the | is the difference | the difference between | difference between TCP | between TCP and | TCP and UDP?","How can I | can I update | I update records | update records in | records in SQL?"
77,"How can I | can I reverse | I reverse a | reverse a linked | a linked list?","How can I | can I add | I add an | add an event | an event listener | event listener in | listener in JavaScript?"
78,"What is the | is the difference | the difference between | difference between IPv4 | between IPv4 and | IPv4 and IPv6?","How do I | do I create | I create a | create a dropdown | a dropdown menu | dropdown menu in | menu in HTML?"
79,"How do I | do I make | I make a | make a website | a website responsive?","What is a | is a race | a race condition?"
80,"What is a | is a firewall?","What is a | is a system | a system call?"
81,"How can I | can I what | I what is | what is the | is the difference | the difference between | difference between delete | between delete and | delete and truncate?","How are SQL | are SQL DELETE | SQL DELETE and | DELETE and TRUNCATE | and TRUNCATE different | TRUNCATE different efficiently?"
82,"How can I | can I reverse | I reverse a | reverse a linked | a linked list?","What is the | is the procedure | the procedure to | procedure to reverse | to reverse a | reverse a linked | a linked list?"
83,"How do I | do I remove | I remove duplicates | remove duplicates from | duplicates from a | from a Python | a Python list | Python list in | list in a | in a program?","What is a | is a simple | a simple way | simple way to | way to eliminate | to eliminate duplicate | eliminate duplicate values | duplicate values from | values from a | from a list | a list in | list in Python | in Python in | Python in a | in a program?"
84,"What method can | method can I | can I use | I use to | use to add | to add an | add an event | an event listener | event listener in | listener in javascript?","What is the | is the method | the method for | method for attaching | for attaching an | attaching an event | an event listener | event listener using | listener using JavaScript | using JavaScript using | JavaScript using a | using a simple | a simple approach?"
85,"How do I | do I sort | I sort an | sort an array | an array in | array in Java | in Java in | Java in a | in a program?","What is the | is the easiest | the easiest way | easiest way to | way to sort | to sort an | sort an array | an array using | array using Java | using Java using | Java using a | using a simple | a simple approach?"
86,"How do I | do I make | I make a | make a website | a website responsive?","How can I | can I reverse | I reverse a | reverse a list | a list in | list in Python?"
87,"How can I | can I what | I what is | what is deadlock | is deadlock in | deadlock in operating | in operating systems?","Can you explain | you explain the | explain the concept | the concept of | concept of deadlock | of deadlock in | deadlock in OS | in OS in | OS in a | in a program?"
88,"What is the | is the difference | the difference between | difference between WHERE | between WHERE and | WHERE and HAVING?","What is a | is a subnet | a subnet mask?"
89,"How does ARP | does ARP work | ARP work in | work in a | in a program?","Can you explain | you explain the | explain the working | the working of | working of the | of the Address | the Address Resolution | Address Resolution Protocol?"
90,"How can I | can I validate | I validate an | validate an HTML | an HTML form | HTML form using | form using JavaScript?","How do I | do I remove | I remove an | remove an item | an item from | item from a | from a Python | a Python list?"
91,"How do I | do I detect | I detect a | detect a cycle | a cycle in | cycle in a | in a linked | a linked list?","How do I | do I find | I find the | find the length | the length of | length of a | of a list | a list in | list in Python?"
92,"How can I | can I remove | I remove a | remove a table | a table from | table from a | from a database?","How do I | do I detect | I detect a | detect a cycle | a cycle in | cycle in a | in a linked | a linked list?"
93,"How can I | can I find | I find the | find the height | the height of | height of a | of a binary | a binary tree?","How can I | can I update | I update records | update records in | records in SQL?"
94,"How do I | do I count | I count rows | count rows in | rows in an | in an SQL | an SQL table?","What SQL query | SQL query can | query can I | can I use | I use to | use to count | to count records | count records in | records in a | in a table?"
95,"Can you explain | you explain how | explain how to | how to select | to select an | select an element | an element by | element by id | by id in | id in javascript?","What is the | is the JavaScript | the JavaScript method | JavaScript method for | method for selecting | for selecting an | selecting an element | an element using | element using its | using its ID | its ID using | ID using a | using a simple | a simple approach?"
96,"How can I | can I update | I update records | update records in | records in SQL?","How does round | does round robin | round robin scheduling | robin scheduling work?"
97,"How do I | do I count | I count rows | count rows in | rows in an | in an SQL | an SQL table?","How can I | can I implement | I implement a | implement a queue | a queue using | queue using two | using two stacks?"
98,"How do I | do I split | I split a | split a string | a string in | string in Java?","How do I | do I make | I make a | make a website | a website responsive?"
99,"What is the | is the DOM | the DOM in | DOM in JavaScript?","Can you explain | you explain the | explain the Document | the Document Object | Document Object Model | Object Model in | Model in JavaScript?"
100,"What method can | method can I | can I use | I use to | use to what | to what is | what is virtual | is virtual memory?","Can you explain | you explain the | explain the concept | the concept of | concept of virtual | of virtual memory | virtual memory in | memory in an | in an operating | an operating system | operating system efficiently?"
101,"How do I | do I how | I how does | how does round | does round robin | round robin scheduling | robin scheduling work?","What is the | is the working | the working principle | working principle of | principle of round | of round robin | round robin CPU | robin CPU scheduling | CPU scheduling in | scheduling in a | in a program?"
102,"What is a | is a simple | a simple way | simple way to | way to find | to find the | find the length | the length of | length of an | of an array | an array in | array in java?","How do I | do I get | I get the | get the number | the number of | number of elements | of elements in | elements in a | in a Java | a Java array | Java array step | array step by | step by step?"
103,"How do I | do I sort | I sort an | sort an array | an array in | array in Java?","How do I | do I find | I find the | find the length | the length of | length of a | of a list | a list in | list in Python?"
104,"What is a | is a simple | a simple way | simple way to | way to what | to what is | what is normalization | is normalization in | normalization in dbms?","What does database | does database normalization | database normalization mean?"
105,"How can I | can I implement | I implement binary | implement binary search | binary search efficiently?","What is the | is the method | the method for | method for implementing | for implementing binary | implementing binary search | binary search step | search step by | step by step?"
106,"What is the | is the difference | the difference between | difference between == | between == and | == and equals | and equals in | equals in Java?","What is demand | is demand paging?"
107,"What is a | is a simple | a simple way | simple way to | way to what | to what is | what is paging | is paging in | paging in operating | in operating systems?","Can you explain | you explain how | explain how paging | how paging works | paging works in | works in OS | in OS memory | OS memory management | memory management in | management in a | in a program?"
108,"How do I | do I remove | I remove duplicates | remove duplicates from | duplicates from a | from a Python | a Python list?","What is virtual | is virtual memory?"
109,"What is the | is the best | the best way | best way to | way to center | to center a | center a div | a div using | div using css?","What is the | is the best | the best way | best way to | way to horizontally | to horizontally and | horizontally and vertically | and vertically center | vertically center a | center a div | a div in | div in CSS | in CSS in | CSS in a | in a program?"
110,"What is the | is the difference | the difference between | difference between BFS | between BFS and | BFS and DFS | and DFS efficiently?","How are breadth-first | are breadth-first search | breadth-first search and | search and depth-first | and depth-first search | depth-first search different | search different in | different in a | in a program?"
111,"What is deadlock | is deadlock in | deadlock in operating | in operating systems | operating systems efficiently?","Can you explain | you explain the | explain the concept | the concept of | concept of deadlock | of deadlock in | deadlock in OS | in OS step | OS step by | step by step?"
112,"How can I | can I validate | I validate an | validate an HTML | an HTML form | HTML form using | form using JavaScript?","What is a | is a list | a list comprehension | list comprehension in | comprehension in Python?"
113,"Can you explain | you explain how | explain how to | how to create | to create a | create a button | a button in | button in html?","What HTML code | HTML code is | code is used | is used to | used to create | to create a | create a button?"
114,"How do I | do I detect | I detect a | detect a cycle | a cycle in | cycle in a | in a linked | a linked list?","What is a | is a method | a method for | method for finding | for finding a | finding a loop | a loop in | loop in a | in a linked | a linked list?"
115,"What method can | method can I | can I use | I use to | use to add | to add an | add an event | an event listener | event listener in | listener in javascript?","What is the | is the method | the method for | method for attaching | for attaching an | attaching an event | an event listener | event listener using | listener using JavaScript | using JavaScript using | JavaScript using a | using a simple | a simple approach?"
116,"How can I | can I detect | I detect duplicate | detect duplicate elements | duplicate elements in | elements in an | in an array?","How can I | can I check | I check whether | check whether a | whether a string | a string contains | string contains a | contains a word | a word in | word in Java?"
117,"What is the | is the difference | the difference between | difference between == | between == and | == and equals | and equals in | equals in Java | in Java step | Java step by | step by step?","How does == | does == differ | == differ from | differ from equals() | from equals() when | equals() when comparing | when comparing objects | comparing objects in | objects in Java | in Java step | Java step by | step by step?"
118,"What is the | is the best | the best way | best way to | way to implement | to implement binary | implement binary search?","What is the | is the method | the method for | method for implementing | for implementing binary | implementing binary search | binary search using | search using a | using a simple | a simple approach?"
119,"How do I | do I add | I add JavaScript | add JavaScript to | JavaScript to an | to an HTML | an HTML page | HTML page step | page step by | step by step?","What is the | is the correct | the correct way | correct way to | way to include | to include JavaScript | include JavaScript in | JavaScript in an | in an HTML | an HTML document | HTML document efficiently?"
120,"What is deadlock | is deadlock in | deadlock in operating | in operating systems?","What is DNS?"
121,"What is a | is a semaphore | a semaphore in | semaphore in OS?","What is a | is a primary | a primary key | primary key in | key in DBMS?"
122,"What is a | is a race | a race condition?","How do I | do I check | I check if | check if a | if a key | a key exists | key exists in | exists in a | in a Python | a Python dictionary?"
123,"How can I | can I sort | I sort a | sort a list | a list in | list in Python?","How do I | do I perform | I perform an | perform an inorder | an inorder traversal | inorder traversal of | traversal of a | of a binary | a binary tree?"
124,"Can you explain | you explain how | explain how to | how to reverse | to reverse a | reverse a list | a list in | list in python?","What is the | is the easiest | the easiest way | easiest way to | way to reverse | to reverse a | reverse a list | a list using | list using Python?"
125,"What is latency | is latency in | latency in networking?","What is the | is the difference | the difference between | difference between WHERE | between WHERE and | WHERE and HAVING?"
126,"What is an | is an IP | an IP address?","Can you explain | you explain what | explain what an | what an IP | an IP address | IP address is | address is in | is in computer | in computer networking | computer networking efficiently?"
127,"What is packet | is packet switching?","How do I | do I perform | I perform an | perform an inorder | an inorder traversal | inorder traversal of | traversal of a | of a binary | a binary tree?"
128,"How can I | can I read | I read a | read a CSV | a CSV file | CSV file in | file in Python?","What is a | is a router?"
129,"What is the | is the difference | the difference between | difference between WHERE | between WHERE and | WHERE and HAVING?","How can I | can I reverse | I reverse a | reverse a linked | a linked list?"
130,"How can I | can I change | I change an | change an element's | an element's background | element's background color | background color with | color with css?","What CSS property | CSS property changes | property changes the | changes the background | the background color | background color of | color of an | of an element | an element using | element using a | using a simple | a simple approach?"
131,"How can I | can I find | I find the | find the maximum | the maximum value | maximum value in | value in an | in an integer | an integer array | integer array efficiently?","How do I | do I get | I get the | get the largest | the largest element | largest element from | element from an | from an int | an int array | int array in | array in Java | in Java step | Java step by | step by step?"
132,"How can I | can I join | I join two | join two tables | two tables in | tables in SQL?","How can I | can I add | I add an | add an event | an event listener | event listener in | listener in JavaScript?"
133,"How can I | can I add | I add an | add an event | an event listener | event listener in | listener in JavaScript?","What is an | is an IP | an IP address?"
134,"What is demand | is demand paging?","What is a | is a subnet | a subnet mask?"
135,"What is the | is the best | the best way | best way to | way to what | to what is | what is a | is a process | a process in | process in an | in an operating | an operating system?","Can you explain | you explain what | explain what a | what a process | a process means | process means in | means in an | in an operating | an operating system | operating system step | system step by | step by step?"
136,"What is a | is a simple | a simple way | simple way to | way to what | to what is | what is the | is the time | the time complexity | time complexity of | complexity of merge | of merge sort?","How much time | much time complexity | time complexity does | complexity does merge | does merge sort | merge sort have | sort have in | have in a | in a program?"
137,"How do I | do I add | I add JavaScript | add JavaScript to | JavaScript to an | to an HTML | an HTML page?","What is a | is a composite | a composite key?"
138,"How can I | can I find | I find the | find the height | the height of | height of a | of a binary | a binary tree?","How can I | can I count | I count occurrences | count occurrences of | occurrences of an | of an item | an item in | item in a | in a Python | a Python list?"
139,"How do I | do I find | I find the | find the middle | the middle node | middle node of | node of a | of a linked | a linked list | linked list efficiently?","What is a | is a way | a way to | way to locate | to locate the | locate the middle | the middle element | middle element in | element in a | in a linked | a linked list | linked list in | list in a | in a program?"
140,"How does the | does the fork | the fork system | fork system call | system call work?","How do I | do I handle | I handle exceptions | handle exceptions in | exceptions in Python?"
141,"What is an | is an IP | an IP address?","How do I | do I iterate | I iterate through | iterate through a | through a HashMap | a HashMap in | HashMap in Java?"
142,"What is method | is method overloading | method overloading in | overloading in Java?","How can I | can I implement | I implement a | implement a queue | a queue using | queue using two | using two stacks?"
143,"How do I | do I remove | I remove an | remove an item | an item from | item from a | from a Python | a Python list?","How can I | can I create | I create a | create a button | a button in | button in HTML?"
144,"What is a | is a composite | a composite key | composite key step | key step by | step by step?","Can you explain | you explain the | explain the meaning | the meaning of | meaning of a | of a composite | a composite key | composite key in | key in DBMS | in DBMS step | DBMS step by | step by step?"
145,"How do I | do I add | I add javascript | add javascript to | javascript to an | to an html | an html page?","What is the | is the correct | the correct way | correct way to | way to include | to include JavaScript | include JavaScript in | JavaScript in an | in an HTML | an HTML document | HTML document efficiently?"
146,"How do I | do I find | I find the | find the middle | the middle node | middle node of | node of a | of a linked | a linked list?","What is a | is a way | a way to | way to locate | to locate the | locate the middle | the middle element | middle element in | element in a | in a linked | a linked list | linked list in | list in a | in a program?"
147,"How do I | do I create | I create a | create a thread | a thread in | thread in Java?","What are the | are the ways | the ways to | ways to create | to create a | create a thread | a thread using | thread using Java?"
148,"What is the | is the difference | the difference between | difference between WHERE | between WHERE and | WHERE and HAVING?","How does the | does the SQL | the SQL WHERE | SQL WHERE clause | WHERE clause differ | clause differ from | differ from HAVING?"
149,"Can you explain | you explain how | explain how to | how to remove | to remove duplicates | remove duplicates from | duplicates from a | from a python | a python list?","What is a | is a simple | a simple way | simple way to | way to eliminate | to eliminate duplicate | eliminate duplicate values | duplicate values from | values from a | from a list | a list in | list in Python | in Python in | Python in a | in a program?"
150,"How can I | can I check | I check if | check if a | if a string | a string contains | string contains a | contains a substring | a substring in | substring in Python?","What is the | is the difference | the difference between | difference between HTML | between HTML and | HTML and CSS?"
151,"How can I | can I reverse | I reverse a | reverse a string | a string in | string in Java | in Java in | Java in a | in a program?","What is the | is the best | the best way | best way to | way to reverse | to reverse a | reverse a String | a String using | String using Java | using Java using | Java using a | using a simple | a simple approach?"
152,"What is a | is a list | a list comprehension | list comprehension in | comprehension in Python?","How can I | can I find | I find the | find the maximum | the maximum value | maximum value in | value in an | in an integer | an integer array?"
153,"How does round | does round robin | round robin scheduling | robin scheduling work?","What is a | is a firewall?"
154,"How can I | can I find | I find the | find the length | the length of | length of a | of a list | a list in | list in python?","How can I | can I get | I get the | get the number | the number of | number of items | of items in | items in a | in a Python | a Python list | Python list using | list using a | using a simple | a simple approach?"
155,"What is a | is a race | a race condition | race condition step | condition step by | step by step?","Can you explain | you explain race | explain race conditions | race conditions in | conditions in operating | in operating systems | operating systems step | systems step by | step by step?"
156,"How do I | do I find | I find duplicate | find duplicate rows | duplicate rows using | rows using SQL?","How can I | can I reverse | I reverse a | reverse a linked | a linked list?"
157,"What are ACID | are ACID properties?","How can I | can I add | I add an | add an event | an event listener | event listener in | listener in JavaScript?"
158,"What is a | is a process | a process in | process in an | in an operating | an operating system?","How can I | can I create | I create a | create a button | a button in | button in HTML?"
159,"How can I | can I perform | I perform an | perform an inorder | an inorder traversal | inorder traversal of | traversal of a | of a binary | a binary tree?","What is the | is the procedure | the procedure for | procedure for inorder | for inorder traversal | inorder traversal in | traversal in a | in a binary | a binary tree?"
160,"How can I | can I load | I load an | load an external | an external CSS | external CSS file?","How do I | do I sort | I sort an | sort an array | an array in | array in Java?"
161,"What is the | is the difference | the difference between | difference between BFS | between BFS and | BFS and DFS?","How can I | can I merge | I merge two | merge two dictionaries | two dictionaries in | dictionaries in Python?"
162,"What are ACID | are ACID properties?","What do the | do the ACID | the ACID properties | ACID properties of | properties of database | of database transactions | database transactions mean?"
163,"How does DHCP | does DHCP work?","What is deadlock | is deadlock in | deadlock in operating | in operating systems?"
164,"What is the | is the difference | the difference between | difference between DELETE | between DELETE and | DELETE and TRUNCATE?","How are SQL | are SQL DELETE | SQL DELETE and | DELETE and TRUNCATE | and TRUNCATE different?"
165,"What method can | method can I | can I use | I use to | use to find | to find the | find the middle | the middle node | middle node of | node of a | of a linked | a linked list?","What is a | is a way | a way to | way to locate | to locate the | locate the middle | the middle element | middle element in | element in a | in a linked | a linked list | linked list efficiently?"
166,"What is a | is a race | a race condition?","How does DHCP | does DHCP work?"
167,"How do I | do I detect | I detect a | detect a cycle | a cycle in | cycle in a | in a linked | a linked list?","How can I | can I add | I add an | add an event | an event listener | event listener in | listener in JavaScript?"
168,"How does ARP | does ARP work?","How do I | do I make | I make a | make a website | a website responsive?"
169,"How can I | can I implement | I implement binary | implement binary search?","What is a | is a transaction | a transaction in | transaction in DBMS?"
170,"How do I | do I iterate | I iterate through | iterate through a | through a HashMap | a HashMap in | HashMap in Java?","How can I | can I join | I join two | join two tables | two tables in | tables in SQL?"
171,"How can I | can I find | I find the | find the shortest | the shortest path | shortest path in | path in a | in a graph?","What is a | is a process | a process in | process in an | in an operating | an operating system?"
172,"How do I | do I find | I find the | find the length | the length of | length of a | of a list | a list in | list in Python?","How can I | can I remove | I remove duplicate | remove duplicate elements | duplicate elements from | elements from an | from an ArrayList?"
173,"What is an | is an IP | an IP address?","How can I | can I count | I count occurrences | count occurrences of | occurrences of an | of an item | an item in | item in a | in a Python | a Python list?"
174,"What is a | is a composite | a composite key?","Can you explain | you explain the | explain the meaning | the meaning of | meaning of a | of a composite | a composite key | composite key in | key in DBMS?"
175,"What is a | is a critical | a critical section?","How do I | do I iterate | I iterate through | iterate through a | through a HashMap | a HashMap in | HashMap in Java?"
176,"How do I | do I read | I read a | read a file | a file line | file line by | line by line | by line in | line in Java?","How can I | can I validate | I validate an | validate an HTML | an HTML form | HTML form using | form using JavaScript?"
177,"How can I | can I find | I find the | find the length | the length of | length of an | of an array | an array in | array in Java?","How do I | do I find | I find the | find the length | the length of | length of a | of a list | a list in | list in Python?"
178,"What is demand | is demand paging?","How does demand | does demand paging | demand paging work | paging work in | work in virtual | in virtual memory?"
179,"How do I | do I select | I select an | select an element | an element by | element by ID | by ID in | ID in JavaScript?","How does round | does round robin | round robin scheduling | robin scheduling work?"
180,"How can I | can I find | I find the | find the length | the length of | length of an | of an array | an array in | array in Java?","What is a | is a composite | a composite key?"
181,"What is a | is a critical | a critical section?","How can I | can I find | I find the | find the shortest | the shortest path | shortest path in | path in a | in a graph?"
182,"What is the | is the difference | the difference between | difference between TCP | between TCP and | TCP and UDP | and UDP step | UDP step by | step by step?","How do TCP | do TCP and | TCP and UDP | and UDP differ | UDP differ in | differ in networking?"
183,"How can I | can I change | I change text | change text color | text color using | color using CSS?","What is a | is a firewall?"
184,"What is context | is context switching?","What happens during | happens during a | during a context | a context switch | context switch in | switch in an | in an operating | an operating system?"
185,"How do I | do I count | I count rows | count rows in | rows in an | in an SQL | an SQL table?","How can I | can I remove | I remove duplicate | remove duplicate elements | duplicate elements from | elements from an | from an ArrayList?"
186,"What is a | is a transaction | a transaction in | transaction in DBMS?","What is paging | is paging in | paging in operating | in operating systems?"
187,"What is a | is a process | a process in | process in an | in an operating | an operating system?","Can you explain | you explain what | explain what a | what a process | a process means | process means in | means in an | in an operating | an operating system?"
188,"What method can | method can I | can I use | I use to | use to what | to what is | what is the | is the time | the time complexity | time complexity of | complexity of merge | of merge sort?","How much time | much time complexity | time complexity does | complexity does merge | does merge sort | merge sort have | sort have in | have in a | in a program?"
189,"How can I | can I convert | I convert a | convert a string | a string to | string to lowercase | to lowercase in | lowercase in Python?","How do I | do I add | I add JavaScript | add JavaScript to | JavaScript to an | to an HTML | an HTML page?"
190,"How do I | do I find | I find the | find the largest | the largest number | largest number in | number in a | in a Python | a Python list?","How do I | do I select | I select an | select an element | an element by | element by ID | by ID in | ID in JavaScript?"
191,"How do I | do I select | I select an | select an element | an element by | element by ID | by ID in | ID in JavaScript?","How can I | can I find | I find the | find the maximum | the maximum value | maximum value in | value in an | in an integer | an integer array?"
192,"How does round | does round robin | round robin scheduling | robin scheduling work?","What is packet | is packet switching?"
193,"How can I | can I find | I find the | find the shortest | the shortest path | shortest path in | path in a | in a graph?","What is an | is an index | an index in | index in a | in a database?"
194,"How can I | can I count | I count occurrences | count occurrences of | occurrences of an | of an item | an item in | item in a | in a Python | a Python list?","How does the | does the fork | the fork system | fork system call | system call work?"
195,"What is a | is a race | a race condition?","What is an | is an IP | an IP address?"
196,"How can I | can I load | I load an | load an external | an external css | external css file?","What is the | is the correct | the correct way | correct way to | way to link | to link an | link an external | an external stylesheet | external stylesheet to | stylesheet to HTML?"
197,"How do I | do I make | I make a | make a website | a website responsive?","What is dynamic | is dynamic programming | dynamic programming in | programming in algorithms?"
198,"Can you explain | you explain how | explain how to | how to change | to change text | change text color | text color using | color using css?","What CSS property | CSS property is | property is used | is used to | used to change | to change the | change the color | the color of | color of text?"
199,"What method can | method can I | can I use | I use to | use to how | to how does | how does arp | does arp work?","Can you explain | you explain the | explain the working | the working of | working of the | of the Address | the Address Resolution | Address Resolution Protocol?"
200,"How does ARP | does ARP work?","How can I | can I count | I count occurrences | count occurrences of | occurrences of an | of an item | an item in | item in a | in a Python | a Python list?"
201,"What is a | is a firewall?","How can I | can I merge | I merge two | merge two dictionaries | two dictionaries in | dictionaries in Python?"
202,"What is a | is a system | a system call | system call using | call using a | using a simple | a simple approach?","Can you explain | you explain what | explain what a | what a system | a system call | system call is | call is in | is in an | in an operating | an operating system?"
203,"What is the | is the difference | the difference between | difference between HTML | between HTML and | HTML and CSS?","How do I | do I perform | I perform an | perform an inorder | an inorder traversal | inorder traversal of | traversal of a | of a binary | a binary tree?"
204,"How do I | do I remove | I remove duplicates | remove duplicates from | duplicates from a | from a Python | a Python list?","What is deadlock | is deadlock in | deadlock in operating | in operating systems?"
205,"How do I | do I create | I create a | create a virtual | a virtual environment | virtual environment in | environment in Python?","What is a | is a router?"
206,"What is latency | is latency in | latency in networking?","What is normalization | is normalization in | normalization in DBMS?"
207,"How do I | do I what | I what is | what is a | is a composite | a composite key?","Can you explain | you explain the | explain the meaning | the meaning of | meaning of a | of a composite | a composite key | composite key in | key in DBMS | in DBMS efficiently?"
208,"How does the | does the fork | the fork system | fork system call | system call work?","How do I | do I handle | I handle exceptions | handle exceptions in | exceptions in Python?"
209,"What method can | method can I | can I use | I use to | use to check | to check whether | check whether a | whether a string | a string contains | string contains a | contains a word | a word in | word in java?","How do I | do I test | I test if | test if a | if a Java | a Java String | Java String contains | String contains a | contains a particular | a particular word | particular word efficiently?"
210,"How can I | can I handle | I handle exceptions | handle exceptions in | exceptions in Java?","How does HTTP | does HTTP work?"
211,"What is the | is the difference | the difference between | difference between == | between == and | == and equals | and equals in | equals in Java | in Java efficiently?","How does == | does == differ | == differ from | differ from equals() | from equals() when | equals() when comparing | when comparing objects | comparing objects in | objects in Java?"
212,"What is a | is a critical | a critical section?","What does the | does the critical | the critical section | critical section mean | section mean in | mean in process | in process synchronization?"
213,"How can I | can I what | I what is | what is dns?","What is the | is the purpose | the purpose of | purpose of the | of the Domain | the Domain Name | Domain Name System | Name System step | System step by | step by step?"
214,"What is the | is the best | the best way | best way to | way to find | to find the | find the maximum | the maximum value | maximum value in | value in an | in an integer | an integer array?","How do I | do I get | I get the | get the largest | the largest element | largest element from | element from an | from an int | an int array | int array in | array in Java | in Java efficiently?"
215,"How can I | can I detect | I detect duplicate | detect duplicate elements | duplicate elements in | elements in an | in an array | an array efficiently?","What is a | is a method | a method for | method for finding | for finding repeated | finding repeated values | repeated values in | values in an | in an array | an array efficiently?"
216,"How can I | can I find | I find duplicate | find duplicate rows | duplicate rows using | rows using sql?","What SQL query | SQL query can | query can be | can be used | be used to | used to identify | to identify duplicate | identify duplicate records?"
217,"What is the | is the best | the best way | best way to | way to how | to how does | how does arp | does arp work?","Can you explain | you explain the | explain the working | the working of | working of the | of the Address | the Address Resolution | Address Resolution Protocol | Resolution Protocol step | Protocol step by | step by step?"
218,"Can you explain | you explain how | explain how to | how to what | to what is | what is the | is the difference | the difference between | difference between html | between html and | html and css?","How are HTML | are HTML and | HTML and CSS | and CSS different | CSS different in | different in web | in web development | web development step | development step by | step by step?"
219,"What method can | method can I | can I use | I use to | use to count | to count occurrences | count occurrences of | occurrences of an | of an item | an item in | item in a | in a python | a python list?","What is the | is the way | the way to | way to count | to count how | count how many | how many times | many times a | times a value | a value appears | value appears in | appears in a | in a Python | a Python list | Python list in | list in a | in a program?"
220,"How can I | can I add | I add an | add an event | an event listener | event listener in | listener in JavaScript?","How do I | do I split | I split a | split a string | a string in | string in Java?"
221,"How do I | do I create | I create a | create a thread | a thread in | thread in Java?","How can I | can I add | I add an | add an event | an event listener | event listener in | listener in JavaScript?"
222,"What is an | is an IP | an IP address?","How do I | do I check | I check if | check if a | if a key | a key exists | key exists in | exists in a | in a Python | a Python dictionary?"
223,"What is a | is a simple | a simple way | simple way to | way to how | to how does | how does round | does round robin | round robin scheduling | robin scheduling work?","What is the | is the working | the working principle | working principle of | principle of round | of round robin | round robin CPU | robin CPU scheduling | CPU scheduling step | scheduling step by | step by step?"
224,"How can I | can I create | I create a | create a dropdown | a dropdown menu | dropdown menu in | menu in html?","What HTML element | HTML element can | element can be | can be used | be used to | used to create | to create a | create a dropdown | a dropdown list | dropdown list step | list step by | step by step?"
225,"How do I | do I create | I create a | create a thread | a thread in | thread in Java?","What is a | is a router?"
226,"What is an | is an IP | an IP address?","How can I | can I merge | I merge two | merge two dictionaries | two dictionaries in | dictionaries in Python?"
227,"What is a | is a firewall | a firewall in | firewall in a | in a program?","What is the | is the role | the role of | role of a | of a firewall | a firewall in | firewall in a | in a network | a network using | network using a | using a simple | a simple approach?"
228,"What is virtual | is virtual memory?","What is a | is a network | a network topology?"
229,"How do I | do I detect | I detect a | detect a cycle | a cycle in | cycle in a | in a linked | a linked list?","How do I | do I center | I center a | center a div | a div using | div using CSS?"
230,"How can I | can I change | I change an | change an element's | an element's background | element's background color | background color with | color with CSS?","How can I | can I handle | I handle exceptions | handle exceptions in | exceptions in Java?"
231,"What is a | is a firewall?","What is a | is a system | a system call?"
232,"What is the | is the best | the best way | best way to | way to what | to what is | what is the | is the difference | the difference between | difference between == | between == and | == and equals | and equals in | equals in java?","How does == | does == differ | == differ from | differ from equals() | from equals() when | equals() when comparing | when comparing objects | comparing objects in | objects in Java | in Java using | Java using a | using a simple | a simple approach?"
233,"How do I | do I make | I make a | make a website | a website responsive | website responsive step | responsive step by | step by step?","What techniques can | techniques can I | can I use | I use to | use to make | to make a | make a web | a web page | web page responsive?"
234,"How do I | do I read | I read a | read a file | a file line | file line by | line by line | by line in | line in Java?","What is the | is the method | the method for | method for reading | for reading a | reading a file | a file one | file one line | one line at | line at a | at a time | a time in | time in Java?"
235,"How can I | can I check | I check whether | check whether a | whether a string | a string contains | string contains a | contains a word | a word in | word in Java?","What is DNS?"
236,"How can I | can I handle | I handle exceptions | handle exceptions in | exceptions in Java?","What is the | is the difference | the difference between | difference between BFS | between BFS and | BFS and DFS?"
237,"What is the | is the best | the best way | best way to | way to make | to make a | make a website | a website responsive?","What techniques can | techniques can I | can I use | I use to | use to make | to make a | make a web | a web page | web page responsive?"
238,"What is a | is a subnet | a subnet mask?","How do I | do I create | I create a | create a virtual | a virtual environment | virtual environment in | environment in Python?"
239,"How can I | can I detect | I detect duplicate | detect duplicate elements | duplicate elements in | elements in an | in an array?","How do I | do I create | I create a | create a virtual | a virtual environment | virtual environment in | environment in Python?"
240,"What is an | is an index | an index in | index in a | in a database?","How can I | can I reverse | I reverse a | reverse a string | a string in | string in Java?"
241,"How do I | do I what | I what is | what is a | is a system | a system call?","Can you explain | you explain what | explain what a | what a system | a system call | system call is | call is in | is in an | in an operating | an operating system?"
242,"What is method | is method overloading | method overloading in | overloading in Java?","Can you explain | you explain method | explain method overloading | method overloading with | overloading with Java | with Java methods | Java methods using | methods using a | using a simple | a simple approach?"
243,"How can I | can I add | I add an | add an event | an event listener | event listener in | listener in JavaScript?","What is the | is the method | the method for | method for attaching | for attaching an | attaching an event | an event listener | event listener using | listener using JavaScript?"
244,"How do I | do I add | I add JavaScript | add JavaScript to | JavaScript to an | to an HTML | an HTML page | HTML page step | page step by | step by step?","What is the | is the correct | the correct way | correct way to | way to include | to include JavaScript | include JavaScript in | JavaScript in an | in an HTML | an HTML document | HTML document using | document using a | using a simple | a simple approach?"
245,"How do I | do I hide | I hide an | hide an element | an element using | element using CSS?","What CSS can | CSS can I | can I use | I use to | use to make | to make an | make an element | an element invisible?"
246,"How do I | do I what | I what is | what is a | is a network | a network topology?","What does network | does network topology | network topology mean | topology mean step | mean step by | step by step?"
247,"How can I | can I implement | I implement a | implement a stack | a stack using | stack using an | using an array?","How do I | do I remove | I remove an | remove an item | an item from | item from a | from a Python | a Python list?"
248,"What is a | is a simple | a simple way | simple way to | way to create | to create a | create a button | a button in | button in html?","What HTML code | HTML code is | code is used | is used to | used to create | to create a | create a button | a button in | button in a | in a program?"
249,"How can I | can I check | I check if | check if a | if a string | a string contains | string contains a | contains a substring | a substring in | substring in Python | in Python using | Python using a | using a simple | a simple approach?","How do I | do I test | I test whether | test whether a | whether a Python | a Python string | Python string contains | string contains another | contains another string?"
250,"What is a | is a subnet | a subnet mask?","How do I | do I find | I find the | find the largest | the largest number | largest number in | number in a | in a Python | a Python list?"
251,"What is a | is a foreign | a foreign key?","How can I | can I convert | I convert a | convert a string | a string to | string to an | to an integer | an integer in | integer in Java?"
252,"What is a | is a subnet | a subnet mask?","What is the | is the purpose | the purpose of | purpose of a | of a subnet | a subnet mask | subnet mask in | mask in networking?"
253,"What is the | is the difference | the difference between | difference between BFS | between BFS and | BFS and DFS?","What is a | is a primary | a primary key | primary key in | key in DBMS?"
254,"What is a | is a race | a race condition?","How do I | do I select | I select an | select an element | an element by | element by ID | by ID in | ID in JavaScript?"
255,"How do I | do I detect | I detect a | detect a cycle | a cycle in | cycle in a | in a linked | a linked list | linked list using | list using a | using a simple | a simple approach?","What is a | is a method | a method for | method for finding | for finding a | finding a loop | a loop in | loop in a | in a linked | a linked list | linked list using | list using a | using a simple | a simple approach?"
256,"How do I | do I find | I find the | find the length | the length of | length of a | of a list | a list in | list in Python?","What is the | is the difference | the difference between | difference between process | between process and | process and thread?"
257,"What is a | is a thread | a thread in | thread in OS?","What is the | is the difference | the difference between | difference between IPv4 | between IPv4 and | IPv4 and IPv6?"
258,"What is a | is a simple | a simple way | simple way to | way to convert | to convert an | convert an arraylist | an arraylist to | arraylist to an | to an array?","What is the | is the way | the way to | way to convert | to convert an | convert an ArrayList | an ArrayList into | ArrayList into an | into an array | an array in | array in Java?"
259,"Can you explain | you explain how | explain how to | how to what | to what is | what is the | is the difference | the difference between | difference between bfs | between bfs and | bfs and dfs?","How are breadth-first | are breadth-first search | breadth-first search and | search and depth-first | and depth-first search | depth-first search different | search different efficiently?"
260,"What is the | is the difference | the difference between | difference between TCP | between TCP and | TCP and UDP | and UDP using | UDP using a | using a simple | a simple approach?","How do TCP | do TCP and | TCP and UDP | and UDP differ | UDP differ in | differ in networking | in networking efficiently?"
261,"How can I | can I convert | I convert a | convert a string | a string to | string to lowercase | to lowercase in | lowercase in Python?","How do I | do I change | I change a | change a Python | a Python string | Python string to | string to lowercase?"
262,"What is virtual | is virtual memory?","Can you explain | you explain the | explain the concept | the concept of | concept of virtual | of virtual memory | virtual memory in | memory in an | in an operating | an operating system?"
263,"How can I | can I create | I create a | create a button | a button in | button in HTML?","What HTML code | HTML code is | code is used | is used to | used to create | to create a | create a button?"
264,"What are ACID | are ACID properties?","How can I | can I read | I read a | read a CSV | a CSV file | CSV file in | file in Python?"
265,"How do I | do I handle | I handle exceptions | handle exceptions in | exceptions in Python?","How can I | can I remove | I remove a | remove a table | a table from | table from a | from a database?"
266,"How do I | do I change | I change a | change a font | a font size | font size with | size with CSS?","What is packet | is packet switching?"
267,"How can I | can I change | I change text | change text color | text color using | color using CSS?","How do I | do I perform | I perform an | perform an inorder | an inorder traversal | inorder traversal of | traversal of a | of a binary | a binary tree?"
268,"What is an | is an IP | an IP address?","How can I | can I find | I find the | find the maximum | the maximum value | maximum value in | value in an | in an integer | an integer array?"
269,"What is a | is a simple | a simple way | simple way to | way to what | to what is | what is a | is a router?","What is the | is the function | the function of | function of a | of a router | a router in | router in a | in a computer | a computer network | computer network in | network in a | in a program?"
270,"Can you explain | you explain how | explain how to | how to what | to what is | what is the | is the difference | the difference between | difference between delete | between delete and | delete and truncate?","How are SQL | are SQL DELETE | SQL DELETE and | DELETE and TRUNCATE | and TRUNCATE different | TRUNCATE different using | different using a | using a simple | a simple approach?"
271,"How do I | do I perform | I perform an | perform an inorder | an inorder traversal | inorder traversal of | traversal of a | of a binary | a binary tree | binary tree efficiently?","What is the | is the procedure | the procedure for | procedure for inorder | for inorder traversal | inorder traversal in | traversal in a | in a binary | a binary tree?"
272,"What is demand | is demand paging?","How do I | do I check | I check if | check if a | if a key | a key exists | key exists in | exists in a | in a Python | a Python dictionary?"
273,"How do I | do I make | I make a | make a website | a website responsive | website responsive step | responsive step by | step by step?","What techniques can | techniques can I | can I use | I use to | use to make | to make a | make a web | a web page | web page responsive | page responsive efficiently?"
274,"How can I | can I count | I count occurrences | count occurrences of | occurrences of an | of an item | an item in | item in a | in a Python | a Python list?","What is a | is a router?"
275,"How do I | do I find | I find the | find the largest | the largest number | largest number in | number in a | in a Python | a Python list?","What is a | is a MAC | a MAC address?"
276,"What is a | is a subnet | a subnet mask?","How do I | do I convert | I convert an | convert an ArrayList | an ArrayList to | ArrayList to an | to an array?"
277,"How can I | can I count | I count occurrences | count occurrences of | occurrences of an | of an item | an item in | item in a | in a Python | a Python list?","How can I | can I join | I join two | join two tables | two tables in | tables in SQL?"
278,"How do I | do I sort | I sort query | sort query results | query results in | results in SQL?","What is the | is the difference | the difference between | difference between IPv4 | between IPv4 and | IPv4 and IPv6?"
279,"How can I | can I implement | I implement a | implement a min | a min heap | min heap efficiently?","What is the | is the approach | the approach for | approach for implementing | for implementing a | implementing a minimum | a minimum heap | minimum heap efficiently?"
280,"How can I | can I reverse | I reverse a | reverse a linked | a linked list?","How can I | can I add | I add an | add an event | an event listener | event listener in | listener in JavaScript?"
281,"How do I | do I perform | I perform an | perform an inorder | an inorder traversal | inorder traversal of | traversal of a | of a binary | a binary tree?","How can I | can I sort | I sort a | sort a list | a list in | list in Python?"
282,"What is demand | is demand paging?","How do I | do I hide | I hide an | hide an element | an element using | element using CSS?"
283,"What is the | is the difference | the difference between | difference between DELETE | between DELETE and | DELETE and TRUNCATE?","What is a | is a subnet | a subnet mask?"
284,"What is a | is a critical | a critical section | critical section in | section in a | in a program?","What does the | does the critical | the critical section | critical section mean | section mean in | mean in process | in process synchronization | process synchronization step | synchronization step by | step by step?"
285,"How can I | can I how | I how does | how does round | does round robin | round robin scheduling | robin scheduling work?","What is the | is the working | the working principle | working principle of | principle of round | of round robin | round robin CPU | robin CPU scheduling | CPU scheduling in | scheduling in a | in a program?"
286,"What is the | is the difference | the difference between | difference between == | between == and | == and equals | and equals in | equals in Java?","What is the | is the time | the time complexity | time complexity of | complexity of merge | of merge sort?"
287,"How do I | do I make | I make a | make a website | a website responsive?","How can I | can I check | I check if | check if a | if a string | a string contains | string contains a | contains a substring | a substring in | substring in Python?"
288,"What is a | is a foreign | a foreign key?","How can I | can I merge | I merge two | merge two dictionaries | two dictionaries in | dictionaries in Python?"
289,"How do I | do I handle | I handle exceptions | handle exceptions in | exceptions in Python?","What is paging | is paging in | paging in operating | in operating systems?"
290,"What is a | is a primary | a primary key | primary key in | key in DBMS?","What is method | is method overloading | method overloading in | overloading in Java?"
291,"What is DNS?","What is the | is the purpose | the purpose of | purpose of the | of the Domain | the Domain Name | Domain Name System?"
292,"How do I | do I find | I find the | find the middle | the middle node | middle node of | node of a | of a linked | a linked list?","How do I | do I create | I create a | create a dropdown | a dropdown menu | dropdown menu in | menu in HTML?"
293,"Can you explain | you explain how | explain how to | how to what | to what is | what is cpu | is cpu scheduling?","Can you explain | you explain CPU | explain CPU scheduling | CPU scheduling in | scheduling in an | in an operating | an operating system | operating system step | system step by | step by step?"
294,"How does round | does round robin | round robin scheduling | robin scheduling work | scheduling work in | work in a | in a program?","What is the | is the working | the working principle | working principle of | principle of round | of round robin | round robin CPU | robin CPU scheduling | CPU scheduling using | scheduling using a | using a simple | a simple approach?"
295,"How do I | do I sort | I sort query | sort query results | query results in | results in SQL?","What is the | is the difference | the difference between | difference between HTML | between HTML and | HTML and CSS?"
296,"How can I | can I check | I check if | check if a | if a string | a string contains | string contains a | contains a substring | a substring in | substring in Python?","How do I | do I change | I change a | change a font | a font size | font size with | size with CSS?"
297,"How can I | can I find | I find the | find the length | the length of | length of an | of an array | an array in | array in Java?","What is the | is the difference | the difference between | difference between WHERE | between WHERE and | WHERE and HAVING?"
298,"What method can | method can I | can I use | I use to | use to what | to what is | what is a | is a semaphore | a semaphore in | semaphore in os?","What is the | is the purpose | the purpose of | purpose of a | of a semaphore | a semaphore in | semaphore in operating | in operating systems | operating systems using | systems using a | using a simple | a simple approach?"
299,"How can I | can I convert | I convert a | convert a string | a string to | string to an | to an integer | an integer in | integer in Java | in Java step | Java step by | step by step?","How do I | do I convert | I convert a | convert a String | a String value | String value into | value into an | into an int | an int in | int in Java?"
300,"What is the | is the difference | the difference between | difference between WHERE | between WHERE and | WHERE and HAVING?","What is a | is a thread | a thread in | thread in OS?"
301,"How can I | can I find | I find the | find the shortest | the shortest path | shortest path in | path in a | in a graph?","What algorithms can | algorithms can be | can be used | be used to | used to determine | to determine the | determine the shortest | the shortest path | shortest path in | path in a | in a graph | a graph using | graph using a | using a simple | a simple approach?"
302,"How do I | do I find | I find the | find the largest | the largest number | largest number in | number in a | in a Python | a Python list?","What is context | is context switching?"
303,"How do I | do I perform | I perform an | perform an inorder | an inorder traversal | inorder traversal of | traversal of a | of a binary | a binary tree?","What is the | is the procedure | the procedure for | procedure for inorder | for inorder traversal | inorder traversal in | traversal in a | in a binary | a binary tree | binary tree in | tree in a | in a program?"
304,"How can I | can I reverse | I reverse a | reverse a linked | a linked list?","What is the | is the procedure | the procedure to | procedure to reverse | to reverse a | reverse a linked | a linked list | linked list step | list step by | step by step?"
305,"How do I | do I find | I find duplicate | find duplicate rows | duplicate rows using | rows using SQL | using SQL efficiently?","What SQL query | SQL query can | query can be | can be used | be used to | used to identify | to identify duplicate | identify duplicate records?"
306,"How can I | can I detect | I detect duplicate | detect duplicate elements | duplicate elements in | elements in an | in an array?","How do I | do I select | I select an | select an element | an element by | element by ID | by ID in | ID in JavaScript?"
307,"What method can | method can I | can I use | I use to | use to reverse | to reverse a | reverse a list | a list in | list in python?","What is the | is the easiest | the easiest way | easiest way to | way to reverse | to reverse a | reverse a list | a list using | list using Python | using Python efficiently?"
308,"What is the | is the difference | the difference between | difference between HTML | between HTML and | HTML and CSS?","How can I | can I implement | I implement a | implement a stack | a stack using | stack using an | using an array?"
309,"What is normalization | is normalization in | normalization in DBMS?","What does database | does database normalization | database normalization mean?"
310,"Can you explain | you explain how | explain how to | how to create | to create a | create a button | a button in | button in html?","What HTML code | HTML code is | code is used | is used to | used to create | to create a | create a button | a button using | button using a | using a simple | a simple approach?"
311,"What is a | is a MAC | a MAC address?","How can I | can I implement | I implement a | implement a stack | a stack using | stack using an | using an array?"
312,"How do I | do I split | I split a | split a string | a string in | string in Java | in Java using | Java using a | using a simple | a simple approach?","What method can | method can I | can I use | I use to | use to split | to split a | split a String | a String into | String into parts | into parts in | parts in Java?"
313,"What method can | method can I | can I use | I use to | use to implement | to implement a | implement a min | a min heap?","What is the | is the approach | the approach for | approach for implementing | for implementing a | implementing a minimum | a minimum heap | minimum heap using | heap using a | using a simple | a simple approach?"
314,"How can I | can I check | I check whether | check whether a | whether a string | a string contains | string contains a | contains a word | a word in | word in java?","How do I | do I test | I test if | test if a | if a Java | a Java String | Java String contains | String contains a | contains a particular | a particular word | particular word using | word using a | using a simple | a simple approach?"
315,"How can I | can I read | I read a | read a CSV | a CSV file | CSV file in | file in Python?","How can I | can I find | I find the | find the maximum | the maximum value | maximum value in | value in an | in an integer | an integer array?"
316,"How do I | do I create | I create a | create a virtual | a virtual environment | virtual environment in | environment in Python?","How do I | do I find | I find duplicate | find duplicate rows | duplicate rows using | rows using SQL?"
317,"What is a | is a semaphore | a semaphore in | semaphore in OS?","How do I | do I find | I find duplicate | find duplicate rows | duplicate rows using | rows using SQL?"
318,"How do I | do I split | I split a | split a string | a string in | string in Java | in Java efficiently?","What method can | method can I | can I use | I use to | use to split | to split a | split a String | a String into | String into parts | into parts in | parts in Java?"
319,"What is context | is context switching | context switching using | switching using a | using a simple | a simple approach?","What happens during | happens during a | during a context | a context switch | context switch in | switch in an | in an operating | an operating system | operating system using | system using a | using a simple | a simple approach?"
320,"What is a | is a router | a router step | router step by | step by step?","What is the | is the function | the function of | function of a | of a router | a router in | router in a | in a computer | a computer network | computer network efficiently?"
321,"How can I | can I find | I find the | find the maximum | the maximum value | maximum value in | value in an | in an integer | an integer array?","How do I | do I get | I get the | get the largest | the largest element | largest element from | element from an | from an int | an int array | int array in | array in Java?"
322,"How do I | do I find | I find the | find the middle | the middle node | middle node of | node of a | of a linked | a linked list | linked list efficiently?","What is a | is a way | a way to | way to locate | to locate the | locate the middle | the middle element | middle element in | element in a | in a linked | a linked list | linked list efficiently?"
323,"How can I | can I convert | I convert a | convert a string | a string to | string to lowercase | to lowercase in | lowercase in Python?","How do I | do I perform | I perform an | perform an inorder | an inorder traversal | inorder traversal of | traversal of a | of a binary | a binary tree?"
324,"What is the | is the best | the best way | best way to | way to how | to how does | how does round | does round robin | round robin scheduling | robin scheduling work?","What is the | is the working | the working principle | working principle of | principle of round | of round robin | round robin CPU | robin CPU scheduling | CPU scheduling efficiently?"
325,"What method can | method can I | can I use | I use to | use to what | to what is | what is the | is the difference | the difference between | difference between process | between process and | process and thread?","How does a | does a process | a process differ | process differ from | differ from a | from a thread | a thread in | thread in an | in an operating | an operating system?"
326,"What is demand | is demand paging | demand paging step | paging step by | step by step?","How does demand | does demand paging | demand paging work | paging work in | work in virtual | in virtual memory | virtual memory step | memory step by | step by step?"
327,"What is a | is a transaction | a transaction in | transaction in DBMS | in DBMS efficiently?","Can you explain | you explain the | explain the concept | the concept of | concept of a | of a database | a database transaction | database transaction efficiently?"
328,"How does DHCP | does DHCP work?","How can I | can I convert | I convert a | convert a string | a string to | string to an | to an integer | an integer in | integer in Java?"
329,"How do I | do I center | I center a | center a div | a div using | div using CSS?","How do I | do I sort | I sort an | sort an array | an array in | array in Java?"
330,"What is deadlock | is deadlock in | deadlock in operating | in operating systems?","How do I | do I find | I find the | find the length | the length of | length of a | of a list | a list in | list in Python?"
331,"How do I | do I remove | I remove an | remove an item | an item from | item from a | from a Python | a Python list?","What is virtual | is virtual memory?"
332,"How can I | can I find | I find the | find the shortest | the shortest path | shortest path in | path in a | in a graph?","What is an | is an index | an index in | index in a | in a database?"
333,"What is a | is a race | a race condition?","How do I | do I count | I count rows | count rows in | rows in an | in an SQL | an SQL table?"
334,"How does the | does the fork | the fork system | fork system call | system call work?","How can I | can I check | I check if | check if a | if a string | a string contains | string contains a | contains a substring | a substring in | substring in Python?"
335,"How do I | do I handle | I handle exceptions | handle exceptions in | exceptions in Python?","What is the | is the difference | the difference between | difference between WHERE | between WHERE and | WHERE and HAVING?"
336,"How do I | do I check | I check if | check if a | if a key | a key exists | key exists in | exists in a | in a Python | a Python dictionary?","How can I | can I test | I test whether | test whether a | whether a dictionary | a dictionary contains | dictionary contains a | contains a specific | a specific key | specific key in | key in Python | in Python in | Python in a | in a program?"
337,"How do I | do I sort | I sort an | sort an array | an array in | array in java?","What is the | is the easiest | the easiest way | easiest way to | way to sort | to sort an | sort an array | an array using | array using Java | using Java in | Java in a | in a program?"
338,"How do I | do I find | I find the | find the largest | the largest number | largest number in | number in a | in a Python | a Python list?","How can I | can I get | I get the | get the maximum | the maximum value | maximum value from | value from a | from a list | a list in | list in Python?"
339,"How can I | can I join | I join two | join two tables | two tables in | tables in SQL?","What is the | is the correct | the correct way | correct way to | way to combine | to combine two | combine two tables | two tables using | tables using an | using an SQL | an SQL join?"
340,"What is the | is the best | the best way | best way to | way to what | to what is | what is a | is a thread | a thread in | thread in os?","What does a | does a thread | a thread represent | thread represent in | represent in an | in an operating | an operating system | operating system in | system in a | in a program?"
341,"How can I | can I convert | I convert a | convert a string | a string to | string to lowercase | to lowercase in | lowercase in Python?","What is packet | is packet switching?"
342,"What is a | is a simple | a simple way | simple way to | way to create | to create a | create a virtual | a virtual environment | virtual environment in | environment in python?","What is the | is the procedure | the procedure for | procedure for creating | for creating a | creating a Python | a Python virtual | Python virtual environment | virtual environment in | environment in a | in a program?"
343,"What method can | method can I | can I use | I use to | use to what | to what is | what is the | is the time | the time complexity | time complexity of | complexity of merge | of merge sort?","How much time | much time complexity | time complexity does | complexity does merge | does merge sort | merge sort have | sort have using | have using a | using a simple | a simple approach?"
344,"What is the | is the difference | the difference between | difference between IPv4 | between IPv4 and | IPv4 and IPv6?","How can I | can I change | I change an | change an element's | an element's background | element's background color | background color with | color with CSS?"
345,"How does ARP | does ARP work?","How do I | do I find | I find the | find the length | the length of | length of a | of a list | a list in | list in Python?"
346,"How can I | can I load | I load an | load an external | an external CSS | external CSS file?","How do I | do I check | I check if | check if a | if a key | a key exists | key exists in | exists in a | in a Python | a Python dictionary?"
347,"How do I | do I what | I what is | what is virtual | is virtual memory?","Can you explain | you explain the | explain the concept | the concept of | concept of virtual | of virtual memory | virtual memory in | memory in an | in an operating | an operating system | operating system step | system step by | step by step?"
348,"How can I | can I create | I create a | create a button | a button in | button in HTML?","What is a | is a foreign | a foreign key?"
349,"What is a | is a MAC | a MAC address?","How do I | do I find | I find the | find the middle | the middle node | middle node of | node of a | of a linked | a linked list?"
350,"How can I | can I join | I join two | join two tables | two tables in | tables in SQL | in SQL using | SQL using a | using a simple | a simple approach?","What is the | is the correct | the correct way | correct way to | way to combine | to combine two | combine two tables | two tables using | tables using an | using an SQL | an SQL join?"
351,"How can I | can I load | I load an | load an external | an external CSS | external CSS file?","What is a | is a semaphore | a semaphore in | semaphore in OS?"
352,"How do I | do I sort | I sort an | sort an array | an array in | array in Java?","What is a | is a MAC | a MAC address?"
353,"How do I | do I change | I change a | change a font | a font size | font size with | size with CSS | with CSS step | CSS step by | step by step?","What CSS property | CSS property controls | property controls the | controls the size | the size of | size of text?"
354,"How can I | can I find | I find the | find the height | the height of | height of a | of a binary | a binary tree?","What is a | is a semaphore | a semaphore in | semaphore in OS?"
355,"Can you explain | you explain how | explain how to | how to what | to what is | what is a | is a subnet | a subnet mask?","What is the | is the purpose | the purpose of | purpose of a | of a subnet | a subnet mask | subnet mask in | mask in networking?"
356,"How can I | can I sort | I sort a | sort a list | a list in | list in Python?","How can I | can I validate | I validate an | validate an HTML | an HTML form | HTML form using | form using JavaScript?"
357,"What are ACID | are ACID properties?","How do I | do I hide | I hide an | hide an element | an element using | element using CSS?"
358,"What is a | is a race | a race condition?","How can I | can I find | I find the | find the height | the height of | height of a | of a binary | a binary tree?"
359,"How can I | can I reverse | I reverse a | reverse a list | a list in | list in Python?","What is the | is the easiest | the easiest way | easiest way to | way to reverse | to reverse a | reverse a list | a list using | list using Python?"
360,"What is a | is a simple | a simple way | simple way to | way to what | to what is | what is the | is the difference | the difference between | difference between tcp | between tcp and | tcp and udp?","How do TCP | do TCP and | TCP and UDP | and UDP differ | UDP differ in | differ in networking?"
361,"What method can | method can I | can I use | I use to | use to what | to what is | what is the | is the time | the time complexity | time complexity of | complexity of binary | of binary search?","How much time | much time does | time does binary | does binary search | binary search take | search take in | take in terms | in terms of | terms of complexity | of complexity efficiently?"
362,"What is a | is a simple | a simple way | simple way to | way to what | to what is | what is a | is a process | a process in | process in an | in an operating | an operating system?","Can you explain | you explain what | explain what a | what a process | a process means | process means in | means in an | in an operating | an operating system | operating system efficiently?"
363,"How can I | can I what | I what is | what is dynamic | is dynamic programming | dynamic programming in | programming in algorithms?","Can you explain | you explain the | explain the concept | the concept of | concept of dynamic | of dynamic programming | dynamic programming in | programming in DSA?"
364,"What is a | is a critical | a critical section?","What is the | is the difference | the difference between | difference between HTML | between HTML and | HTML and CSS?"
365,"What is a | is a router?","What is the | is the function | the function of | function of a | of a router | a router in | router in a | in a computer | a computer network?"
366,"How do I | do I change | I change a | change a font | a font size | font size with | size with CSS?","What is a | is a subnet | a subnet mask?"
367,"How does DHCP | does DHCP work?","Can you explain | you explain how | explain how DHCP | how DHCP assigns | DHCP assigns network | assigns network configuration?"
368,"What is the | is the best | the best way | best way to | way to detect | to detect duplicate | detect duplicate elements | duplicate elements in | elements in an | in an array?","What is a | is a method | a method for | method for finding | for finding repeated | finding repeated values | repeated values in | values in an | in an array | an array using | array using a | using a simple | a simple approach?"
369,"How does ARP | does ARP work?","Can you explain | you explain the | explain the working | the working of | working of the | of the Address | the Address Resolution | Address Resolution Protocol?"
370,"What is the | is the best | the best way | best way to | way to how | to how does | how does round | does round robin | round robin scheduling | robin scheduling work?","What is the | is the working | the working principle | working principle of | principle of round | of round robin | round robin CPU | robin CPU scheduling | CPU scheduling efficiently?"
371,"What is a | is a network | a network topology?","How can I | can I create | I create a | create a button | a button in | button in HTML?"
372,"How can I | can I find | I find the | find the height | the height of | height of a | of a binary | a binary tree?","How does round | does round robin | round robin scheduling | robin scheduling work?"
373,"How can I | can I convert | I convert a | convert a string | a string to | string to an | to an integer | an integer in | integer in Java?","What is a | is a semaphore | a semaphore in | semaphore in OS?"
374,"What is a | is a router | a router step | router step by | step by step?","What is the | is the function | the function of | function of a | of a router | a router in | router in a | in a computer | a computer network | computer network step | network step by | step by step?"
375,"How can I | can I check | I check whether | check whether a | whether a string | a string contains | string contains a | contains a word | a word in | word in Java?","How do I | do I test | I test if | test if a | if a Java | a Java String | Java String contains | String contains a | contains a particular | a particular word?"
376,"What is normalization | is normalization in | normalization in DBMS | in DBMS efficiently?","What does database | does database normalization | database normalization mean | normalization mean efficiently?"
377,"How do I | do I make | I make a | make a website | a website responsive?","How can I | can I reverse | I reverse a | reverse a list | a list in | list in Python?"
378,"What is the | is the time | the time complexity | time complexity of | complexity of binary | of binary search?","What is paging | is paging in | paging in operating | in operating systems?"
379,"What is a | is a thread | a thread in | thread in OS | in OS in | OS in a | in a program?","What does a | does a thread | a thread represent | thread represent in | represent in an | in an operating | an operating system | operating system step | system step by | step by step?"
380,"What is a | is a router?","What is the | is the function | the function of | function of a | of a router | a router in | router in a | in a computer | a computer network?"
381,"How do I | do I find | I find duplicate | find duplicate rows | duplicate rows using | rows using SQL?","What is a | is a network | a network topology?"
382,"How do I | do I read | I read a | read a file | a file line | file line by | line by line | by line in | line in Java | in Java efficiently?","What is the | is the method | the method for | method for reading | for reading a | reading a file | a file one | file one line | one line at | line at a | at a time | a time in | time in Java | in Java using | Java using a | using a simple | a simple approach?"
383,"What method can | method can I | can I use | I use to | use to change | to change text | change text color | text color using | color using css?","What CSS property | CSS property is | property is used | is used to | used to change | to change the | change the color | the color of | color of text?"
384,"How can I | can I check | I check whether | check whether a | whether a string | a string contains | string contains a | contains a word | a word in | word in Java | in Java efficiently?","How do I | do I test | I test if | test if a | if a Java | a Java String | Java String contains | String contains a | contains a particular | a particular word | particular word using | word using a | using a simple | a simple approach?"
385,"How do I | do I remove | I remove duplicates | remove duplicates from | duplicates from a | from a Python | a Python list?","What is the | is the difference | the difference between | difference between DELETE | between DELETE and | DELETE and TRUNCATE?"
386,"How can I | can I read | I read a | read a CSV | a CSV file | CSV file in | file in Python?","How can I | can I handle | I handle exceptions | handle exceptions in | exceptions in Java?"
387,"What is a | is a MAC | a MAC address?","How can I | can I find | I find the | find the height | the height of | height of a | of a binary | a binary tree?"
388,"How do I | do I detect | I detect a | detect a cycle | a cycle in | cycle in a | in a linked | a linked list | linked list efficiently?","What is a | is a method | a method for | method for finding | for finding a | finding a loop | a loop in | loop in a | in a linked | a linked list?"
389,"What is packet | is packet switching | packet switching efficiently?","Can you explain | you explain packet | explain packet switching | packet switching in | switching in computer | in computer networks?"
390,"How do I | do I read | I read a | read a file | a file line | file line by | line by line | by line in | line in Java?","What is demand | is demand paging?"
391,"How can I | can I load | I load an | load an external | an external CSS | external CSS file | CSS file efficiently?","What is the | is the correct | the correct way | correct way to | way to link | to link an | link an external | an external stylesheet | external stylesheet to | stylesheet to HTML?"
392,"What is the | is the best | the best way | best way to | way to what | to what is | what is a | is a subnet | a subnet mask?","What is the | is the purpose | the purpose of | purpose of a | of a subnet | a subnet mask | subnet mask in | mask in networking | in networking using | networking using a | using a simple | a simple approach?"
393,"How does HTTP | does HTTP work | HTTP work step | work step by | step by step?","Can you explain | you explain the | explain the working | the working of | working of the | of the HTTP | the HTTP protocol | HTTP protocol using | protocol using a | using a simple | a simple approach?"
394,"What is the | is the OSI | the OSI model | OSI model step | model step by | step by step?","Can you explain | you explain the | explain the seven-layer | the seven-layer OSI | seven-layer OSI model | OSI model in | model in a | in a program?"
395,"How do I | do I count | I count rows | count rows in | rows in an | in an SQL | an SQL table | SQL table efficiently?","What SQL query | SQL query can | query can I | can I use | I use to | use to count | to count records | count records in | records in a | in a table | a table efficiently?"
396,"What is method | is method overloading | method overloading in | overloading in Java?","How can I | can I remove | I remove a | remove a table | a table from | table from a | from a database?"
397,"How do I | do I change | I change a | change a font | a font size | font size with | size with CSS | with CSS efficiently?","What CSS property | CSS property controls | property controls the | controls the size | the size of | size of text | of text in | text in a | in a program?"
398,"What is a | is a composite | a composite key?","How can I | can I implement | I implement binary | implement binary search?"
399,"What is a | is a simple | a simple way | simple way to | way to what | to what is | what is deadlock | is deadlock in | deadlock in operating | in operating systems?","Can you explain | you explain the | explain the concept | the concept of | concept of deadlock | of deadlock in | deadlock in OS?"
400,"How can I | can I validate | I validate an | validate an HTML | an HTML form | HTML form using | form using JavaScript?","What is the | is the difference | the difference between | difference between TCP | between TCP and | TCP and UDP?"
401,"How do I | do I find | I find duplicate | find duplicate rows | duplicate rows using | rows using SQL?","What is paging | is paging in | paging in operating | in operating systems?"
402,"How does DHCP | does DHCP work?","How do I | do I remove | I remove duplicates | remove duplicates from | duplicates from a | from a Python | a Python list?"
403,"What is the | is the difference | the difference between | difference between TCP | between TCP and | TCP and UDP?","What is the | is the difference | the difference between | difference between WHERE | between WHERE and | WHERE and HAVING?"
404,"How can I | can I implement | I implement a | implement a stack | a stack using | stack using an | using an array?","How do I | do I create | I create a | create a stack | a stack using | stack using an | using an array | an array data | array data structure?"
405,"What is paging | is paging in | paging in operating | in operating systems?","What are ACID | are ACID properties?"
406,"Can you explain | you explain how | explain how to | how to implement | to implement a | implement a min | a min heap?","What is the | is the approach | the approach for | approach for implementing | for implementing a | implementing a minimum | a minimum heap | minimum heap step | heap step by | step by step?"
407,"How do I | do I convert | I convert an | convert an ArrayList | an ArrayList to | ArrayList to an | to an array?","What is the | is the way | the way to | way to convert | to convert an | convert an ArrayList | an ArrayList into | ArrayList into an | into an array | an array in | array in Java?"
408,"How do I | do I sort | I sort an | sort an array | an array in | array in Java?","How does ARP | does ARP work?"
409,"What is the | is the difference | the difference between | difference between == | between == and | == and equals | and equals in | equals in Java?","How does == | does == differ | == differ from | differ from equals() | from equals() when | equals() when comparing | when comparing objects | comparing objects in | objects in Java?"
410,"How does the | does the fork | the fork system | fork system call | system call work?","How do I | do I convert | I convert an | convert an ArrayList | an ArrayList to | ArrayList to an | to an array?"
411,"What is dynamic | is dynamic programming | dynamic programming in | programming in algorithms | in algorithms efficiently?","Can you explain | you explain the | explain the concept | the concept of | concept of dynamic | of dynamic programming | dynamic programming in | programming in DSA | in DSA in | DSA in a | in a program?"
412,"How do I | do I find | I find duplicate | find duplicate rows | duplicate rows using | rows using SQL?","How do I | do I remove | I remove duplicates | remove duplicates from | duplicates from a | from a Python | a Python list?"
413,"How can I | can I reverse | I reverse a | reverse a string | a string in | string in Java | in Java step | Java step by | step by step?","What is the | is the best | the best way | best way to | way to reverse | to reverse a | reverse a String | a String using | String using Java | using Java in | Java in a | in a program?"
414,"How can I | can I remove | I remove a | remove a table | a table from | table from a | from a database?","How can I | can I handle | I handle exceptions | handle exceptions in | exceptions in Java?"
415,"What is dynamic | is dynamic programming | dynamic programming in | programming in algorithms?","What is latency | is latency in | latency in networking?"
416,"How do I | do I sort | I sort query | sort query results | query results in | results in SQL?","What is method | is method overloading | method overloading in | overloading in Java?"
417,"What is the | is the difference | the difference between | difference between TCP | between TCP and | TCP and UDP?","How can I | can I check | I check whether | check whether a | whether a string | a string contains | string contains a | contains a word | a word in | word in Java?"
418,"How can I | can I implement | I implement a | implement a queue | a queue using | queue using two | using two stacks?","What is a | is a thread | a thread in | thread in OS?"
419,"How can I | can I remove | I remove duplicate | remove duplicate elements | duplicate elements from | elements from an | from an ArrayList?","How do I | do I select | I select an | select an element | an element by | element by ID | by ID in | ID in JavaScript?"
420,"How do I | do I count | I count rows | count rows in | rows in an | in an SQL | an SQL table?","How can I | can I change | I change an | change an element's | an element's background | element's background color | background color with | color with CSS?"
421,"What is the | is the difference | the difference between | difference between WHERE | between WHERE and | WHERE and HAVING | and HAVING using | HAVING using a | using a simple | a simple approach?","How does the | does the SQL | the SQL WHERE | SQL WHERE clause | WHERE clause differ | clause differ from | differ from HAVING | from HAVING in | HAVING in a | in a program?"
422,"How can I | can I find | I find the | find the shortest | the shortest path | shortest path in | path in a | in a graph?","What algorithms can | algorithms can be | can be used | be used to | used to determine | to determine the | determine the shortest | the shortest path | shortest path in | path in a | in a graph?"
423,"What is the | is the difference | the difference between | difference between TCP | between TCP and | TCP and UDP?","What is deadlock | is deadlock in | deadlock in operating | in operating systems?"
424,"How do I | do I perform | I perform an | perform an inorder | an inorder traversal | inorder traversal of | traversal of a | of a binary | a binary tree?","What is the | is the difference | the difference between | difference between WHERE | between WHERE and | WHERE and HAVING?"
425,"How can I | can I reverse | I reverse a | reverse a linked | a linked list?","What is the | is the difference | the difference between | difference between WHERE | between WHERE and | WHERE and HAVING?"
426,"What is the | is the difference | the difference between | difference between DELETE | between DELETE and | DELETE and TRUNCATE?","How can I | can I change | I change an | change an element's | an element's background | element's background color | background color with | color with CSS?"
427,"What is a | is a system | a system call?","How do I | do I add | I add JavaScript | add JavaScript to | JavaScript to an | to an HTML | an HTML page?"
428,"What is the | is the difference | the difference between | difference between DELETE | between DELETE and | DELETE and TRUNCATE?","What is context | is context switching?"
429,"What is packet | is packet switching?","How do I | do I sort | I sort query | sort query results | query results in | results in SQL?"
430,"How can I | can I detect | I detect duplicate | detect duplicate elements | duplicate elements in | elements in an | in an array | an array efficiently?","What is a | is a method | a method for | method for finding | for finding repeated | finding repeated values | repeated values in | values in an | in an array?"
431,"What is the | is the difference | the difference between | difference between WHERE | between WHERE and | WHERE and HAVING | and HAVING using | HAVING using a | using a simple | a simple approach?","How does the | does the SQL | the SQL WHERE | SQL WHERE clause | WHERE clause differ | clause differ from | differ from HAVING | from HAVING efficiently?"
432,"What is packet | is packet switching?","How do I | do I create | I create a | create a thread | a thread in | thread in Java?"
433,"What is DNS?","How can I | can I add | I add an | add an event | an event listener | event listener in | listener in JavaScript?"
434,"How can I | can I reverse | I reverse a | reverse a string | a string in | string in Java?","How does ARP | does ARP work?"
435,"What is a | is a primary | a primary key | primary key in | key in DBMS?","What is dynamic | is dynamic programming | dynamic programming in | programming in algorithms?"
436,"How do I | do I remove | I remove duplicates | remove duplicates from | duplicates from a | from a Python | a Python list?","What is a | is a simple | a simple way | simple way to | way to eliminate | to eliminate duplicate | eliminate duplicate values | duplicate values from | values from a | from a list | a list in | list in Python?"
437,"Can you explain | you explain how | explain how to | how to find | to find the | find the shortest | the shortest path | shortest path in | path in a | in a graph?","What algorithms can | algorithms can be | can be used | be used to | used to determine | to determine the | determine the shortest | the shortest path | shortest path in | path in a | in a graph?"
438,"How can I | can I find | I find the | find the height | the height of | height of a | of a binary | a binary tree?","What is the | is the method | the method to | method to calculate | to calculate the | calculate the height | the height of | height of a | of a binary | a binary tree?"
439,"How do I | do I hide | I hide an | hide an element | an element using | element using CSS | using CSS efficiently?","What CSS can | CSS can I | can I use | I use to | use to make | to make an | make an element | an element invisible?"
440,"How can I | can I add | I add an | add an event | an event listener | event listener in | listener in JavaScript?","What is the | is the difference | the difference between | difference between IPv4 | between IPv4 and | IPv4 and IPv6?"
441,"What is the | is the OSI | the OSI model?","How do I | do I add | I add JavaScript | add JavaScript to | JavaScript to an | to an HTML | an HTML page?"
442,"How do I | do I create | I create a | create a virtual | a virtual environment | virtual environment in | environment in Python?","What is a | is a process | a process in | process in an | in an operating | an operating system?"
443,"What is a | is a critical | a critical section?","What is dynamic | is dynamic programming | dynamic programming in | programming in algorithms?"
444,"What is the | is the best | the best way | best way to | way to read | to read a | read a file | a file line | file line by | line by line | by line in | line in java?","What is the | is the method | the method for | method for reading | for reading a | reading a file | a file one | file one line | one line at | line at a | at a time | a time in | time in Java | in Java step | Java step by | step by step?"
445,"What is method | is method overloading | method overloading in | overloading in Java?","How does ARP | does ARP work?"
446,"How does ARP | does ARP work?","How can I | can I remove | I remove a | remove a table | a table from | table from a | from a database?"
447,"How does round | does round robin | round robin scheduling | robin scheduling work | scheduling work step | work step by | step by step?","What is the | is the working | the working principle | working principle of | principle of round | of round robin | round robin CPU | robin CPU scheduling | CPU scheduling in | scheduling in a | in a program?"
448,"What is paging | is paging in | paging in operating | in operating systems?","How do I | do I find | I find the | find the middle | the middle node | middle node of | node of a | of a linked | a linked list?"
449,"What is the | is the best | the best way | best way to | way to what | to what are | what are acid | are acid properties?","What do the | do the ACID | the ACID properties | ACID properties of | properties of database | of database transactions | database transactions mean | transactions mean step | mean step by | step by step?"
450,"How can I | can I sort | I sort a | sort a list | a list in | list in Python?","What is the | is the best | the best way | best way to | way to arrange | to arrange the | arrange the elements | the elements of | elements of a | of a Python | a Python list | Python list step | list step by | step by step?"
451,"How do I | do I center | I center a | center a div | a div using | div using CSS?","How can I | can I find | I find the | find the height | the height of | height of a | of a binary | a binary tree?"
452,"How can I | can I remove | I remove duplicate | remove duplicate elements | duplicate elements from | elements from an | from an ArrayList?","What is the | is the difference | the difference between | difference between WHERE | between WHERE and | WHERE and HAVING?"
453,"What is a | is a subnet | a subnet mask?","What is the | is the purpose | the purpose of | purpose of a | of a subnet | a subnet mask | subnet mask in | mask in networking?"
454,"What method can | method can I | can I use | I use to | use to perform | to perform an | perform an inorder | an inorder traversal | inorder traversal of | traversal of a | of a binary | a binary tree?","What is the | is the procedure | the procedure for | procedure for inorder | for inorder traversal | inorder traversal in | traversal in a | in a binary | a binary tree?"
455,"What is the | is the difference | the difference between | difference between TCP | between TCP and | TCP and UDP?","How do TCP | do TCP and | TCP and UDP | and UDP differ | UDP differ in | differ in networking?"
456,"What method can | method can I | can I use | I use to | use to how | to how does | how does dhcp | does dhcp work?","Can you explain | you explain how | explain how DHCP | how DHCP assigns | DHCP assigns network | assigns network configuration?"
457,"How do I | do I find | I find the | find the largest | the largest number | largest number in | number in a | in a python | a python list?","How can I | can I get | I get the | get the maximum | the maximum value | maximum value from | value from a | from a list | a list in | list in Python | in Python using | Python using a | using a simple | a simple approach?"
458,"How can I | can I find | I find the | find the length | the length of | length of an | of an array | an array in | array in Java?","What is dynamic | is dynamic programming | dynamic programming in | programming in algorithms?"
459,"How can I | can I join | I join two | join two tables | two tables in | tables in SQL?","How do I | do I read | I read a | read a file | a file line | file line by | line by line | by line in | line in Java?"
460,"What is the | is the best | the best way | best way to | way to what | to what is | what is a | is a transaction | a transaction in | transaction in dbms?","Can you explain | you explain the | explain the concept | the concept of | concept of a | of a database | a database transaction | database transaction efficiently?"
461,"How can I | can I reverse | I reverse a | reverse a list | a list in | list in Python?","What is the | is the difference | the difference between | difference between DELETE | between DELETE and | DELETE and TRUNCATE?"
462,"How can I | can I remove | I remove duplicate | remove duplicate elements | duplicate elements from | elements from an | from an ArrayList?","What is a | is a system | a system call?"
463,"How can I | can I convert | I convert a | convert a string | a string to | string to lowercase | to lowercase in | lowercase in Python?","How do I | do I find | I find duplicate | find duplicate rows | duplicate rows using | rows using SQL?"
464,"What is a | is a MAC | a MAC address?","What is deadlock | is deadlock in | deadlock in operating | in operating systems?"
465,"How do I | do I create | I create a | create a dropdown | a dropdown menu | dropdown menu in | menu in HTML | in HTML step | HTML step by | step by step?","What HTML element | HTML element can | element can be | can be used | be used to | used to create | to create a | create a dropdown | a dropdown list | dropdown list using | list using a | using a simple | a simple approach?"
466,"Can you explain | you explain how | explain how to | how to remove | to remove duplicate | remove duplicate elements | duplicate elements from | elements from an | from an arraylist?","How do I | do I eliminate | I eliminate duplicate | eliminate duplicate values | duplicate values from | values from an | from an ArrayList | an ArrayList in | ArrayList in Java | in Java efficiently?"
467,"What is deadlock | is deadlock in | deadlock in operating | in operating systems | operating systems step | systems step by | step by step?","Can you explain | you explain the | explain the concept | the concept of | concept of deadlock | of deadlock in | deadlock in OS?"
468,"How does ARP | does ARP work?","What is a | is a list | a list comprehension | list comprehension in | comprehension in Python?"
469,"How does HTTP | does HTTP work?","How can I | can I reverse | I reverse a | reverse a string | a string in | string in Java?"
470,"How can I | can I handle | I handle exceptions | handle exceptions in | exceptions in Java?","What is the | is the proper | the proper way | proper way to | way to handle | to handle exceptions | handle exceptions in | exceptions in Java | in Java step | Java step by | step by step?"
471,"How do I | do I change | I change a | change a font | a font size | font size with | size with CSS?","How can I | can I count | I count occurrences | count occurrences of | occurrences of an | of an item | an item in | item in a | in a Python | a Python list?"
472,"How can I | can I sort | I sort a | sort a list | a list in | list in Python?","What is a | is a semaphore | a semaphore in | semaphore in OS?"
473,"What is a | is a semaphore | a semaphore in | semaphore in OS?","How can I | can I reverse | I reverse a | reverse a list | a list in | list in Python?"
474,"What is deadlock | is deadlock in | deadlock in operating | in operating systems?","What is dynamic | is dynamic programming | dynamic programming in | programming in algorithms?"
475,"How can I | can I reverse | I reverse a | reverse a string | a string in | string in Java?","What is latency | is latency in | latency in networking?"
476,"How can I | can I check | I check whether | check whether a | whether a string | a string contains | string contains a | contains a word | a word in | word in Java?","What is a | is a thread | a thread in | thread in OS?"
477,"How do I | do I create | I create a | create a virtual | a virtual environment | virtual environment in | environment in Python?","What are ACID | are ACID properties?"
478,"How do I | do I change | I change a | change a font | a font size | font size with | size with CSS | with CSS using | CSS using a | using a simple | a simple approach?","What CSS property | CSS property controls | property controls the | controls the size | the size of | size of text?"
479,"What is a | is a network | a network topology?","How do I | do I detect | I detect a | detect a cycle | a cycle in | cycle in a | in a linked | a linked list?"
480,"How can I | can I handle | I handle exceptions | handle exceptions in | exceptions in Java?","What is paging | is paging in | paging in operating | in operating systems?"
481,"How does DHCP | does DHCP work?","How can I | can I create | I create a | create a button | a button in | button in HTML?"
482,"How can I | can I change | I change an | change an element's | an element's background | element's background color | background color with | color with CSS?","What is a | is a MAC | a MAC address?"
483,"How can I | can I find | I find the | find the height | the height of | height of a | of a binary | a binary tree?","What is the | is the method | the method to | method to calculate | to calculate the | calculate the height | the height of | height of a | of a binary | a binary tree?"
484,"What method can | method can I | can I use | I use to | use to how | to how does | how does dhcp | does dhcp work?","Can you explain | you explain how | explain how DHCP | how DHCP assigns | DHCP assigns network | assigns network configuration | network configuration using | configuration using a | using a simple | a simple approach?"
485,"What is a | is a simple | a simple way | simple way to | way to implement | to implement a | implement a min | a min heap?","What is the | is the approach | the approach for | approach for implementing | for implementing a | implementing a minimum | a minimum heap | minimum heap in | heap in a | in a program?"
486,"How do I | do I find | I find duplicate | find duplicate rows | duplicate rows using | rows using SQL?","What is packet | is packet switching?"
487,"How does the | does the fork | the fork system | fork system call | system call work?","What is the | is the difference | the difference between | difference between WHERE | between WHERE and | WHERE and HAVING?"
488,"How can I | can I find | I find the | find the length | the length of | length of an | of an array | an array in | array in Java?","How can I | can I read | I read a | read a CSV | a CSV file | CSV file in | file in Python?"
489,"What is a | is a subnet | a subnet mask?","What is a | is a primary | a primary key | primary key in | key in DBMS?"
490,"How can I | can I find | I find the | find the height | the height of | height of a | of a binary | a binary tree?","How do I | do I remove | I remove duplicates | remove duplicates from | duplicates from a | from a Python | a Python list?"
491,"What is a | is a primary | a primary key | primary key in | key in DBMS?","How can I | can I handle | I handle exceptions | handle exceptions in | exceptions in Java?"
492,"What is the | is the OSI | the OSI model?","How do I | do I count | I count rows | count rows in | rows in an | in an SQL | an SQL table?"
493,"What is a | is a simple | a simple way | simple way to | way to create | to create a | create a thread | a thread in | thread in java?","What are the | are the ways | the ways to | ways to create | to create a | create a thread | a thread using | thread using Java | using Java step | Java step by | step by step?"
494,"What is an | is an IP | an IP address?","Can you explain | you explain what | explain what an | what an IP | an IP address | IP address is | address is in | is in computer | in computer networking?"
495,"How can I | can I find | I find the | find the shortest | the shortest path | shortest path in | path in a | in a graph?","How do I | do I check | I check if | check if a | if a key | a key exists | key exists in | exists in a | in a Python | a Python dictionary?"
496,"What is the | is the difference | the difference between | difference between TCP | between TCP and | TCP and UDP?","How do I | do I sort | I sort query | sort query results | query results in | results in SQL?"
497,"What is the | is the OSI | the OSI model | OSI model using | model using a | using a simple | a simple approach?","Can you explain | you explain the | explain the seven-layer | the seven-layer OSI | seven-layer OSI model | OSI model step | model step by | step by step?"
498,"How can I | can I convert | I convert a | convert a string | a string to | string to an | to an integer | an integer in | integer in Java?","What is a | is a list | a list comprehension | list comprehension in | comprehension in Python?"
499,"How can I | can I remove | I remove a | remove a table | a table from | table from a | from a database | a database efficiently?","What SQL command | SQL command is | command is used | is used to | used to delete | to delete a | delete a table | a table using | table using a | using a simple | a simple approach?"
500,"What is the | is the difference | the difference between | difference between == | between == and | == and equals | and equals in | equals in Java?","What is CPU | is CPU scheduling?"
501,"What is the | is the difference | the difference between | difference between process | between process and | process and thread | and thread in | thread in a | in a program?","How does a | does a process | a process differ | process differ from | differ from a | from a thread | a thread in | thread in an | in an operating | an operating system | operating system using | system using a | using a simple | a simple approach?"
502,"How do I | do I center | I center a | center a div | a div using | div using CSS?","What is the | is the best | the best way | best way to | way to horizontally | to horizontally and | horizontally and vertically | and vertically center | vertically center a | center a div | a div in | div in CSS?"
503,"What is the | is the difference | the difference between | difference between BFS | between BFS and | BFS and DFS?","What is a | is a MAC | a MAC address?"
504,"How can I | can I what | I what are | what are acid | are acid properties?","What do the | do the ACID | the ACID properties | ACID properties of | properties of database | of database transactions | database transactions mean?"
505,"How can I | can I remove | I remove duplicate | remove duplicate elements | duplicate elements from | elements from an | from an ArrayList?","What is a | is a system | a system call?"
506,"How do I | do I iterate | I iterate through | iterate through a | through a HashMap | a HashMap in | HashMap in Java | in Java in | Java in a | in a program?","What is the | is the correct | the correct way | correct way to | way to loop | to loop over | loop over a | over a HashMap | a HashMap in | HashMap in Java | in Java step | Java step by | step by step?"
507,"How can I | can I load | I load an | load an external | an external CSS | external CSS file?","What is the | is the correct | the correct way | correct way to | way to link | to link an | link an external | an external stylesheet | external stylesheet to | stylesheet to HTML?"
508,"What is the | is the difference | the difference between | difference between TCP | between TCP and | TCP and UDP?","What is dynamic | is dynamic programming | dynamic programming in | programming in algorithms?"
509,"How can I | can I merge | I merge two | merge two dictionaries | two dictionaries in | dictionaries in Python?","What is a | is a critical | a critical section?"
510,"How can I | can I how | I how does | how does round | does round robin | round robin scheduling | robin scheduling work?","What is the | is the working | the working principle | working principle of | principle of round | of round robin | round robin CPU | robin CPU scheduling | CPU scheduling using | scheduling using a | using a simple | a simple approach?"
511,"How can I | can I reverse | I reverse a | reverse a string | a string in | string in Java?","What is the | is the best | the best way | best way to | way to reverse | to reverse a | reverse a String | a String using | String using Java?"
512,"How can I | can I what | I what is | what is packet | is packet switching?","Can you explain | you explain packet | explain packet switching | packet switching in | switching in computer | in computer networks | computer networks efficiently?"
513,"How do I | do I find | I find the | find the length | the length of | length of a | of a list | a list in | list in Python?","How can I | can I get | I get the | get the number | the number of | number of items | of items in | items in a | in a Python | a Python list?"
514,"What is the | is the difference | the difference between | difference between BFS | between BFS and | BFS and DFS?","What are ACID | are ACID properties?"
515,"How do I | do I add | I add JavaScript | add JavaScript to | JavaScript to an | to an HTML | an HTML page?","What is a | is a semaphore | a semaphore in | semaphore in OS?"
516,"How can I | can I remove | I remove duplicate | remove duplicate elements | duplicate elements from | elements from an | from an ArrayList?","What is the | is the difference | the difference between | difference between IPv4 | between IPv4 and | IPv4 and IPv6?"
517,"What is packet | is packet switching?","How can I | can I find | I find the | find the height | the height of | height of a | of a binary | a binary tree?"
518,"How do I | do I perform | I perform an | perform an inorder | an inorder traversal | inorder traversal of | traversal of a | of a binary | a binary tree?","What is the | is the procedure | the procedure for | procedure for inorder | for inorder traversal | inorder traversal in | traversal in a | in a binary | a binary tree?"
519,"How can I | can I implement | I implement binary | implement binary search?","How do I | do I find | I find the | find the length | the length of | length of a | of a list | a list in | list in Python?"
520,"How can I | can I change | I change text | change text color | text color using | color using CSS?","What is the | is the difference | the difference between | difference between == | between == and | == and equals | and equals in | equals in Java?"
521,"How can I | can I merge | I merge two | merge two dictionaries | two dictionaries in | dictionaries in Python?","What is the | is the DOM | the DOM in | DOM in JavaScript?"
522,"What is a | is a list | a list comprehension | list comprehension in | comprehension in Python?","How can I | can I add | I add an | add an event | an event listener | event listener in | listener in JavaScript?"
523,"What is the | is the best | the best way | best way to | way to what | to what is | what is dns?","What is the | is the purpose | the purpose of | purpose of the | of the Domain | the Domain Name | Domain Name System | Name System in | System in a | in a program?"
524,"What is the | is the OSI | the OSI model?","How can I | can I find | I find the | find the shortest | the shortest path | shortest path in | path in a | in a graph?"
525,"What is a | is a subnet | a subnet mask | subnet mask in | mask in a | in a program?","What is the | is the purpose | the purpose of | purpose of a | of a subnet | a subnet mask | subnet mask in | mask in networking | in networking using | networking using a | using a simple | a simple approach?"
526,"How can I | can I check | I check if | check if a | if a string | a string contains | string contains a | contains a substring | a substring in | substring in Python?","How do I | do I test | I test whether | test whether a | whether a Python | a Python string | Python string contains | string contains another | contains another string?"
527,"How do I | do I sort | I sort query | sort query results | query results in | results in SQL?","How can I | can I read | I read a | read a CSV | a CSV file | CSV file in | file in Python?"
528,"How do I | do I convert | I convert an | convert an ArrayList | an ArrayList to | ArrayList to an | to an array?","How can I | can I validate | I validate an | validate an HTML | an HTML form | HTML form using | form using JavaScript?"
529,"How can I | can I implement | I implement binary | implement binary search?","How can I | can I convert | I convert a | convert a string | a string to | string to an | to an integer | an integer in | integer in Java?"
530,"How do I | do I split | I split a | split a string | a string in | string in Java | in Java using | Java using a | using a simple | a simple approach?","What method can | method can I | can I use | I use to | use to split | to split a | split a String | a String into | String into parts | into parts in | parts in Java | in Java in | Java in a | in a program?"
531,"How do I | do I what | I what is | what is a | is a composite | a composite key?","Can you explain | you explain the | explain the meaning | the meaning of | meaning of a | of a composite | a composite key | composite key in | key in DBMS | in DBMS using | DBMS using a | using a simple | a simple approach?"
532,"What is a | is a network | a network topology?","What does network | does network topology | network topology mean | topology mean step | mean step by | step by step?"
533,"What is a | is a thread | a thread in | thread in OS?","How do I | do I check | I check if | check if a | if a key | a key exists | key exists in | exists in a | in a Python | a Python dictionary?"
534,"What is the | is the difference | the difference between | difference between IPv4 | between IPv4 and | IPv4 and IPv6?","How can I | can I implement | I implement a | implement a queue | a queue using | queue using two | using two stacks?"
535,"How do I | do I sort | I sort query | sort query results | query results in | results in SQL?","What SQL clause | SQL clause is | clause is used | is used to | used to sort | to sort query | sort query output?"
536,"What is packet | is packet switching | packet switching using | switching using a | using a simple | a simple approach?","Can you explain | you explain packet | explain packet switching | packet switching in | switching in computer | in computer networks | computer networks using | networks using a | using a simple | a simple approach?"
537,"What is the | is the difference | the difference between | difference between == | between == and | == and equals | and equals in | equals in Java?","What is a | is a composite | a composite key?"
538,"How do I | do I hide | I hide an | hide an element | an element using | element using CSS?","What is the | is the difference | the difference between | difference between == | between == and | == and equals | and equals in | equals in Java?"
539,"How do I | do I iterate | I iterate through | iterate through a | through a HashMap | a HashMap in | HashMap in Java?","How do I | do I change | I change a | change a font | a font size | font size with | size with CSS?"
540,"What is a | is a firewall | a firewall in | firewall in a | in a program?","What is the | is the role | the role of | role of a | of a firewall | a firewall in | firewall in a | in a network | a network efficiently?"
541,"How can I | can I add | I add an | add an event | an event listener | event listener in | listener in JavaScript?","How can I | can I implement | I implement binary | implement binary search?"
542,"How can I | can I find | I find the | find the shortest | the shortest path | shortest path in | path in a | in a graph?","How can I | can I update | I update records | update records in | records in SQL?"
543,"How can I | can I update | I update records | update records in | records in SQL?","How can I | can I add | I add an | add an event | an event listener | event listener in | listener in JavaScript?"
544,"How do I | do I find | I find the | find the length | the length of | length of a | of a list | a list in | list in Python?","How does ARP | does ARP work?"
545,"What is context | is context switching?","What is a | is a subnet | a subnet mask?"
546,"What method can | method can I | can I use | I use to | use to remove | to remove duplicates | remove duplicates from | duplicates from a | from a python | a python list?","What is a | is a simple | a simple way | simple way to | way to eliminate | to eliminate duplicate | eliminate duplicate values | duplicate values from | values from a | from a list | a list in | list in Python | in Python using | Python using a | using a simple | a simple approach?"
547,"How do I | do I sort | I sort query | sort query results | query results in | results in SQL?","How do I | do I find | I find the | find the length | the length of | length of a | of a list | a list in | list in Python?"
548,"How do I | do I remove | I remove an | remove an item | an item from | item from a | from a Python | a Python list | Python list using | list using a | using a simple | a simple approach?","What are the | are the ways | the ways to | ways to delete | to delete an | delete an element | an element from | element from a | from a Python | a Python list | Python list using | list using a | using a simple | a simple approach?"
549,"How do I | do I add | I add JavaScript | add JavaScript to | JavaScript to an | to an HTML | an HTML page | HTML page step | page step by | step by step?","What is the | is the correct | the correct way | correct way to | way to include | to include JavaScript | include JavaScript in | JavaScript in an | in an HTML | an HTML document | HTML document efficiently?"
550,"How can I | can I count | I count occurrences | count occurrences of | occurrences of an | of an item | an item in | item in a | in a Python | a Python list?","What is the | is the way | the way to | way to count | to count how | count how many | how many times | many times a | times a value | a value appears | value appears in | appears in a | in a Python | a Python list?"
551,"How can I | can I what | I what is | what is a | is a subnet | a subnet mask?","What is the | is the purpose | the purpose of | purpose of a | of a subnet | a subnet mask | subnet mask in | mask in networking?"
552,"What is a | is a simple | a simple way | simple way to | way to what | to what is | what is a | is a router?","What is the | is the function | the function of | function of a | of a router | a router in | router in a | in a computer | a computer network | computer network in | network in a | in a program?"
553,"What is deadlock | is deadlock in | deadlock in operating | in operating systems | operating systems efficiently?","Can you explain | you explain the | explain the concept | the concept of | concept of deadlock | of deadlock in | deadlock in OS | in OS using | OS using a | using a simple | a simple approach?"
554,"What is latency | is latency in | latency in networking?","How do I | do I create | I create a | create a thread | a thread in | thread in Java?"
555,"What is a | is a foreign | a foreign key?","How can I | can I check | I check whether | check whether a | whether a string | a string contains | string contains a | contains a word | a word in | word in Java?"
556,"How can I | can I implement | I implement a | implement a min | a min heap | min heap step | heap step by | step by step?","What is the | is the approach | the approach for | approach for implementing | for implementing a | implementing a minimum | a minimum heap | minimum heap efficiently?"
557,"Can you explain | you explain how | explain how to | how to what | to what is | what is the | is the time | the time complexity | time complexity of | complexity of binary | of binary search?","How much time | much time does | time does binary | does binary search | binary search take | search take in | take in terms | in terms of | terms of complexity | of complexity using | complexity using a | using a simple | a simple approach?"
558,"How can I | can I convert | I convert a | convert a string | a string to | string to an | to an integer | an integer in | integer in Java?","How can I | can I convert | I convert a | convert a string | a string to | string to lowercase | to lowercase in | lowercase in Python?"
559,"How can I | can I how | I how does | how does arp | does arp work?","Can you explain | you explain the | explain the working | the working of | working of the | of the Address | the Address Resolution | Address Resolution Protocol?"
560,"Can you explain | you explain how | explain how to | how to what | to what is | what is a | is a firewall?","What is the | is the role | the role of | role of a | of a firewall | a firewall in | firewall in a | in a network | a network step | network step by | step by step?"
561,"How can I | can I detect | I detect duplicate | detect duplicate elements | duplicate elements in | elements in an | in an array?","What is the | is the difference | the difference between | difference between HTML | between HTML and | HTML and CSS?"
562,"How can I | can I sort | I sort a | sort a list | a list in | list in Python?","What is the | is the best | the best way | best way to | way to arrange | to arrange the | arrange the elements | the elements of | elements of a | of a Python | a Python list?"
563,"How does the | does the fork | the fork system | fork system call | system call work?","How do I | do I create | I create a | create a virtual | a virtual environment | virtual environment in | environment in Python?"
564,"How can I | can I implement | I implement a | implement a min | a min heap?","How do I | do I remove | I remove duplicates | remove duplicates from | duplicates from a | from a Python | a Python list?"
565,"How does HTTP | does HTTP work?","What is the | is the time | the time complexity | time complexity of | complexity of binary | of binary search?"
566,"What is a | is a thread | a thread in | thread in OS | in OS using | OS using a | using a simple | a simple approach?","What does a | does a thread | a thread represent | thread represent in | represent in an | in an operating | an operating system | operating system in | system in a | in a program?"
567,"How can I | can I implement | I implement a | implement a min | a min heap?","What is context | is context switching?"
568,"What is the | is the difference | the difference between | difference between process | between process and | process and thread?","How do I | do I find | I find the | find the middle | the middle node | middle node of | node of a | of a linked | a linked list?"
569,"How do I | do I remove | I remove duplicates | remove duplicates from | duplicates from a | from a Python | a Python list?","What is demand | is demand paging?"
570,"What is a | is a list | a list comprehension | list comprehension in | comprehension in Python?","What is a | is a MAC | a MAC address?"
571,"What is latency | is latency in | latency in networking?","Can you explain | you explain latency | explain latency in | latency in a | in a computer | a computer network?"
572,"What is deadlock | is deadlock in | deadlock in operating | in operating systems?","Can you explain | you explain the | explain the concept | the concept of | concept of deadlock | of deadlock in | deadlock in OS?"
573,"How can I | can I sort | I sort a | sort a list | a list in | list in Python | in Python in | Python in a | in a program?","What is the | is the best | the best way | best way to | way to arrange | to arrange the | arrange the elements | the elements of | elements of a | of a Python | a Python list | Python list step | list step by | step by step?"
574,"What is the | is the time | the time complexity | time complexity of | complexity of binary | of binary search?","What is a | is a foreign | a foreign key?"
575,"What is the | is the difference | the difference between | difference between WHERE | between WHERE and | WHERE and HAVING?","How can I | can I check | I check if | check if a | if a string | a string contains | string contains a | contains a substring | a substring in | substring in Python?"
576,"How do I | do I select | I select an | select an element | an element by | element by ID | by ID in | ID in JavaScript?","What is virtual | is virtual memory?"
577,"What is a | is a router?","How can I | can I read | I read a | read a CSV | a CSV file | CSV file in | file in Python?"
578,"How can I | can I reverse | I reverse a | reverse a string | a string in | string in Java?","What is virtual | is virtual memory?"
579,"How can I | can I implement | I implement a | implement a queue | a queue using | queue using two | using two stacks?","What is the | is the approach | the approach for | approach for building | for building a | building a queue | a queue from | queue from two | from two stacks?"
580,"What method can | method can I | can I use | I use to | use to what | to what is | what is the | is the difference | the difference between | difference between delete | between delete and | delete and truncate?","How are SQL | are SQL DELETE | SQL DELETE and | DELETE and TRUNCATE | and TRUNCATE different | TRUNCATE different in | different in a | in a program?"
581,"What is dynamic | is dynamic programming | dynamic programming in | programming in algorithms | in algorithms step | algorithms step by | step by step?","Can you explain | you explain the | explain the concept | the concept of | concept of dynamic | of dynamic programming | dynamic programming in | programming in DSA | in DSA efficiently?"
582,"What is the | is the difference | the difference between | difference between WHERE | between WHERE and | WHERE and HAVING?","How can I | can I implement | I implement a | implement a stack | a stack using | stack using an | using an array?"
583,"What is the | is the best | the best way | best way to | way to what | to what is | what is virtual | is virtual memory?","Can you explain | you explain the | explain the concept | the concept of | concept of virtual | of virtual memory | virtual memory in | memory in an | in an operating | an operating system | operating system step | system step by | step by step?"
584,"What method can | method can I | can I use | I use to | use to find | to find the | find the middle | the middle node | middle node of | node of a | of a linked | a linked list?","What is a | is a way | a way to | way to locate | to locate the | locate the middle | the middle element | middle element in | element in a | in a linked | a linked list | linked list using | list using a | using a simple | a simple approach?"
585,"How can I | can I what | I what is | what is a | is a list | a list comprehension | list comprehension in | comprehension in python?","Can you explain | you explain list | explain list comprehensions | list comprehensions in | comprehensions in Python | in Python step | Python step by | step by step?"
586,"What method can | method can I | can I use | I use to | use to what | to what is | what is dynamic | is dynamic programming | dynamic programming in | programming in algorithms?","Can you explain | you explain the | explain the concept | the concept of | concept of dynamic | of dynamic programming | dynamic programming in | programming in DSA | in DSA efficiently?"
587,"How can I | can I reverse | I reverse a | reverse a string | a string in | string in Java?","How do I | do I sort | I sort query | sort query results | query results in | results in SQL?"
588,"What is a | is a composite | a composite key | composite key step | key step by | step by step?","Can you explain | you explain the | explain the meaning | the meaning of | meaning of a | of a composite | a composite key | composite key in | key in DBMS | in DBMS using | DBMS using a | using a simple | a simple approach?"
589,"Can you explain | you explain how | explain how to | how to count | to count rows | count rows in | rows in an | in an sql | an sql table?","What SQL query | SQL query can | query can I | can I use | I use to | use to count | to count records | count records in | records in a | in a table | a table using | table using a | using a simple | a simple approach?"
590,"How do I | do I create | I create a | create a dropdown | a dropdown menu | dropdown menu in | menu in HTML?","What is the | is the difference | the difference between | difference between BFS | between BFS and | BFS and DFS?"
591,"What is CPU | is CPU scheduling?","What is method | is method overloading | method overloading in | overloading in Java?"
592,"What method can | method can I | can I use | I use to | use to reverse | to reverse a | reverse a linked | a linked list?","What is the | is the procedure | the procedure to | procedure to reverse | to reverse a | reverse a linked | a linked list?"
593,"What method can | method can I | can I use | I use to | use to remove | to remove an | remove an item | an item from | item from a | from a python | a python list?","What are the | are the ways | the ways to | ways to delete | to delete an | delete an element | an element from | element from a | from a Python | a Python list | Python list using | list using a | using a simple | a simple approach?"
594,"What is DNS?","How do I | do I find | I find the | find the largest | the largest number | largest number in | number in a | in a Python | a Python list?"
595,"What is the | is the difference | the difference between | difference between BFS | between BFS and | BFS and DFS | and DFS efficiently?","How are breadth-first | are breadth-first search | breadth-first search and | search and depth-first | and depth-first search | depth-first search different | search different step | different step by | step by step?"
596,"What is the | is the difference | the difference between | difference between WHERE | between WHERE and | WHERE and HAVING?","How does the | does the SQL | the SQL WHERE | SQL WHERE clause | WHERE clause differ | clause differ from | differ from HAVING?"
597,"What is the | is the best | the best way | best way to | way to what | to what is | what is a | is a foreign | a foreign key?","Can you explain | you explain what | explain what a | what a foreign | a foreign key | foreign key does | key does in | does in a | in a database | a database step | database step by | step by step?"
598,"How can I | can I detect | I detect duplicate | detect duplicate elements | duplicate elements in | elements in an | in an array?","What is a | is a method | a method for | method for finding | for finding repeated | finding repeated values | repeated values in | values in an | in an array?"
599,"How do I | do I find | I find the | find the largest | the largest number | largest number in | number in a | in a Python | a Python list | Python list step | list step by | step by step?","How can I | can I get | I get the | get the maximum | the maximum value | maximum value from | value from a | from a list | a list in | list in Python | in Python in | Python in a | in a program?"
600,"How do I | do I convert | I convert an | convert an ArrayList | an ArrayList to | ArrayList to an | to an array | an array efficiently?","What is the | is the way | the way to | way to convert | to convert an | convert an ArrayList | an ArrayList into | ArrayList into an | into an array | an array in | array in Java | in Java in | Java in a | in a program?"
601,"How do I | do I make | I make a | make a website | a website responsive?","What techniques can | techniques can I | can I use | I use to | use to make | to make a | make a web | a web page | web page responsive?"
602,"How can I | can I find | I find the | find the length | the length of | length of an | of an array | an array in | array in Java | in Java step | Java step by | step by step?","How do I | do I get | I get the | get the number | the number of | number of elements | of elements in | elements in a | in a Java | a Java array | Java array using | array using a | using a simple | a simple approach?"
603,"What is a | is a race | a race condition | race condition in | condition in a | in a program?","Can you explain | you explain race | explain race conditions | race conditions in | conditions in operating | in operating systems | operating systems step | systems step by | step by step?"
604,"How can I | can I implement | I implement a | implement a queue | a queue using | queue using two | using two stacks?","How does ARP | does ARP work?"
605,"What is the | is the difference | the difference between | difference between process | between process and | process and thread?","How does a | does a process | a process differ | process differ from | differ from a | from a thread | a thread in | thread in an | in an operating | an operating system?"
606,"What is a | is a list | a list comprehension | list comprehension in | comprehension in Python?","Can you explain | you explain list | explain list comprehensions | list comprehensions in | comprehensions in Python?"
607,"How do I | do I find | I find the | find the largest | the largest number | largest number in | number in a | in a Python | a Python list?","What is a | is a system | a system call?"
608,"How do I | do I read | I read a | read a file | a file line | file line by | line by line | by line in | line in Java?","What is dynamic | is dynamic programming | dynamic programming in | programming in algorithms?"
609,"How do I | do I sort | I sort query | sort query results | query results in | results in SQL?","How can I | can I convert | I convert a | convert a string | a string to | string to lowercase | to lowercase in | lowercase in Python?"
610,"How does HTTP | does HTTP work?","How do I | do I find | I find the | find the middle | the middle node | middle node of | node of a | of a linked | a linked list?"
611,"How can I | can I find | I find the | find the maximum | the maximum value | maximum value in | value in an | in an integer | an integer array?","What is the | is the DOM | the DOM in | DOM in JavaScript?"
612,"How do I | do I remove | I remove an | remove an item | an item from | item from a | from a Python | a Python list?","What is virtual | is virtual memory?"
613,"What is the | is the OSI | the OSI model?","How does the | does the fork | the fork system | fork system call | system call work?"
614,"What is virtual | is virtual memory | virtual memory using | memory using a | using a simple | a simple approach?","Can you explain | you explain the | explain the concept | the concept of | concept of virtual | of virtual memory | virtual memory in | memory in an | in an operating | an operating system | operating system step | system step by | step by step?"
615,"What is a | is a thread | a thread in | thread in OS?","What is latency | is latency in | latency in networking?"
616,"How can I | can I remove | I remove a | remove a table | a table from | table from a | from a database | a database step | database step by | step by step?","What SQL command | SQL command is | command is used | is used to | used to delete | to delete a | delete a table | a table step | table step by | step by step?"
617,"What is paging | is paging in | paging in operating | in operating systems?","What is latency | is latency in | latency in networking?"
618,"What is dynamic | is dynamic programming | dynamic programming in | programming in algorithms?","How does DHCP | does DHCP work?"
619,"Can you explain | you explain how | explain how to | how to read | to read a | read a file | a file line | file line by | line by line | by line in | line in java?","What is the | is the method | the method for | method for reading | for reading a | reading a file | a file one | file one line | one line at | line at a | at a time | a time in | time in Java | in Java efficiently?"
620,"How does the | does the fork | the fork system | fork system call | system call work?","How do I | do I perform | I perform an | perform an inorder | an inorder traversal | inorder traversal of | traversal of a | of a binary | a binary tree?"
621,"How do I | do I change | I change a | change a font | a font size | font size with | size with CSS?","What CSS property | CSS property controls | property controls the | controls the size | the size of | size of text?"
622,"What method can | method can I | can I use | I use to | use to what | to what is | what is virtual | is virtual memory?","Can you explain | you explain the | explain the concept | the concept of | concept of virtual | of virtual memory | virtual memory in | memory in an | in an operating | an operating system | operating system in | system in a | in a program?"
623,"How can I | can I change | I change an | change an element's | an element's background | element's background color | background color with | color with CSS?","What CSS property | CSS property changes | property changes the | changes the background | the background color | background color of | color of an | of an element?"
624,"What is a | is a simple | a simple way | simple way to | way to what | to what is | what is method | is method overloading | method overloading in | overloading in java?","Can you explain | you explain method | explain method overloading | method overloading with | overloading with Java | with Java methods | Java methods using | methods using a | using a simple | a simple approach?"
625,"What is the | is the DOM | the DOM in | DOM in JavaScript?","How does the | does the fork | the fork system | fork system call | system call work?"
626,"How can I | can I implement | I implement a | implement a stack | a stack using | stack using an | using an array?","How do I | do I read | I read a | read a file | a file line | file line by | line by line | by line in | line in Java?"
627,"What is latency | is latency in | latency in networking?","How do I | do I iterate | I iterate through | iterate through a | through a HashMap | a HashMap in | HashMap in Java?"
628,"Can you explain | you explain how | explain how to | how to what | to what is | what is the | is the difference | the difference between | difference between ipv4 | between ipv4 and | ipv4 and ipv6?","How are IPv4 | are IPv4 and | IPv4 and IPv6 | and IPv6 different | IPv6 different efficiently?"
629,"What is the | is the time | the time complexity | time complexity of | complexity of binary | of binary search?","How much time | much time does | time does binary | does binary search | binary search take | search take in | take in terms | in terms of | terms of complexity?"
630,"What is a | is a simple | a simple way | simple way to | way to what | to what is | what is the | is the dom | the dom in | dom in javascript?","Can you explain | you explain the | explain the Document | the Document Object | Document Object Model | Object Model in | Model in JavaScript | in JavaScript using | JavaScript using a | using a simple | a simple approach?"
631,"What is a | is a list | a list comprehension | list comprehension in | comprehension in Python | in Python efficiently?","Can you explain | you explain list | explain list comprehensions | list comprehensions in | comprehensions in Python | in Python efficiently?"
632,"What is a | is a race | a race condition | race condition efficiently?","Can you explain | you explain race | explain race conditions | race conditions in | conditions in operating | in operating systems | operating systems in | systems in a | in a program?"
633,"What is a | is a foreign | a foreign key?","Can you explain | you explain what | explain what a | what a foreign | a foreign key | foreign key does | key does in | does in a | in a database?"
634,"How can I | can I find | I find the | find the maximum | the maximum value | maximum value in | value in an | in an integer | an integer array?","How do I | do I change | I change a | change a font | a font size | font size with | size with CSS?"
635,"How can I | can I find | I find the | find the maximum | the maximum value | maximum value in | value in an | in an integer | an integer array | integer array step | array step by | step by step?","How do I | do I get | I get the | get the largest | the largest element | largest element from | element from an | from an int | an int array | int array in | array in Java?"
636,"What is the | is the best | the best way | best way to | way to remove | to remove duplicate | remove duplicate elements | duplicate elements from | elements from an | from an arraylist?","How do I | do I eliminate | I eliminate duplicate | eliminate duplicate values | duplicate values from | values from an | from an ArrayList | an ArrayList in | ArrayList in Java | in Java step | Java step by | step by step?"
637,"How do I | do I check | I check if | check if a | if a key | a key exists | key exists in | exists in a | in a Python | a Python dictionary?","What is a | is a foreign | a foreign key?"
638,"How can I | can I validate | I validate an | validate an HTML | an HTML form | HTML form using | form using JavaScript?","What is a | is a way | a way to | way to validate | to validate form | validate form inputs | form inputs with | inputs with JavaScript?"
639,"Can you explain | you explain how | explain how to | how to what | to what is | what is deadlock | is deadlock in | deadlock in operating | in operating systems?","Can you explain | you explain the | explain the concept | the concept of | concept of deadlock | of deadlock in | deadlock in OS | in OS using | OS using a | using a simple | a simple approach?"
640,"What is an | is an IP | an IP address?","What is normalization | is normalization in | normalization in DBMS?"
641,"What is demand | is demand paging?","What is packet | is packet switching?"
642,"How can I | can I implement | I implement a | implement a min | a min heap?","What is the | is the approach | the approach for | approach for implementing | for implementing a | implementing a minimum | a minimum heap?"
643,"How can I | can I create | I create a | create a button | a button in | button in HTML?","How do I | do I count | I count rows | count rows in | rows in an | in an SQL | an SQL table?"
644,"How do I | do I create | I create a | create a dropdown | a dropdown menu | dropdown menu in | menu in HTML?","How can I | can I reverse | I reverse a | reverse a string | a string in | string in Java?"
645,"What is a | is a transaction | a transaction in | transaction in DBMS?","What is a | is a list | a list comprehension | list comprehension in | comprehension in Python?"
646,"How do I | do I add | I add JavaScript | add JavaScript to | JavaScript to an | to an HTML | an HTML page?","What is the | is the correct | the correct way | correct way to | way to include | to include JavaScript | include JavaScript in | JavaScript in an | in an HTML | an HTML document?"
647,"How does ARP | does ARP work?","What is a | is a transaction | a transaction in | transaction in DBMS?"
648,"How do I | do I detect | I detect a | detect a cycle | a cycle in | cycle in a | in a linked | a linked list | linked list in | list in a | in a program?","What is a | is a method | a method for | method for finding | for finding a | finding a loop | a loop in | loop in a | in a linked | a linked list | linked list efficiently?"
649,"How does round | does round robin | round robin scheduling | robin scheduling work | scheduling work step | work step by | step by step?","What is the | is the working | the working principle | working principle of | principle of round | of round robin | round robin CPU | robin CPU scheduling | CPU scheduling in | scheduling in a | in a program?"
650,"How do I | do I sort | I sort a | sort a list | a list in | list in python?","What is the | is the best | the best way | best way to | way to arrange | to arrange the | arrange the elements | the elements of | elements of a | of a Python | a Python list | Python list step | list step by | step by step?"
651,"How do I | do I what | I what is | what is demand | is demand paging?","How does demand | does demand paging | demand paging work | paging work in | work in virtual | in virtual memory | virtual memory using | memory using a | using a simple | a simple approach?"
652,"What is virtual | is virtual memory?","Can you explain | you explain the | explain the concept | the concept of | concept of virtual | of virtual memory | virtual memory in | memory in an | in an operating | an operating system | operating system efficiently?"
653,"What method can | method can I | can I use | I use to | use to convert | to convert a | convert a string | a string to | string to an | to an integer | an integer in | integer in java?","How do I | do I convert | I convert a | convert a String | a String value | String value into | value into an | into an int | an int in | int in Java | in Java efficiently?"
654,"What is a | is a router?","How can I | can I handle | I handle exceptions | handle exceptions in | exceptions in Java?"
655,"What method can | method can I | can I use | I use to | use to center | to center a | center a div | a div using | div using css?","What is the | is the best | the best way | best way to | way to horizontally | to horizontally and | horizontally and vertically | and vertically center | vertically center a | center a div | a div in | div in CSS | in CSS efficiently?"
656,"How can I | can I implement | I implement binary | implement binary search | binary search in | search in a | in a program?","What is the | is the method | the method for | method for implementing | for implementing binary | implementing binary search | binary search using | search using a | using a simple | a simple approach?"
657,"What method can | method can I | can I use | I use to | use to what | to what is | what is a | is a list | a list comprehension | list comprehension in | comprehension in python?","Can you explain | you explain list | explain list comprehensions | list comprehensions in | comprehensions in Python | in Python in | Python in a | in a program?"
658,"Can you explain | you explain how | explain how to | how to find | to find duplicate | find duplicate rows | duplicate rows using | rows using sql?","What SQL query | SQL query can | query can be | can be used | be used to | used to identify | to identify duplicate | identify duplicate records | duplicate records in | records in a | in a program?"
659,"What is the | is the best | the best way | best way to | way to what | to what is | what is the | is the time | the time complexity | time complexity of | complexity of binary | of binary search?","How much time | much time does | time does binary | does binary search | binary search take | search take in | take in terms | in terms of | terms of complexity | of complexity efficiently?"
660,"How can I | can I sort | I sort a | sort a list | a list in | list in Python?","How do I | do I add | I add JavaScript | add JavaScript to | JavaScript to an | to an HTML | an HTML page?"
661,"How can I | can I check | I check if | check if a | if a key | a key exists | key exists in | exists in a | in a python | a python dictionary?","How can I | can I test | I test whether | test whether a | whether a dictionary | a dictionary contains | dictionary contains a | contains a specific | a specific key | specific key in | key in Python | in Python using | Python using a | using a simple | a simple approach?"
662,"What are ACID | are ACID properties?","How do I | do I add | I add JavaScript | add JavaScript to | JavaScript to an | to an HTML | an HTML page?"
663,"What is a | is a subnet | a subnet mask | subnet mask in | mask in a | in a program?","What is the | is the purpose | the purpose of | purpose of a | of a subnet | a subnet mask | subnet mask in | mask in networking | in networking in | networking in a | in a program?"
664,"How do I | do I count | I count rows | count rows in | rows in an | in an SQL | an SQL table?","How can I | can I implement | I implement binary | implement binary search?"
665,"How can I | can I find | I find the | find the height | the height of | height of a | of a binary | a binary tree | binary tree efficiently?","What is the | is the method | the method to | method to calculate | to calculate the | calculate the height | the height of | height of a | of a binary | a binary tree | binary tree efficiently?"
666,"What is the | is the difference | the difference between | difference between BFS | between BFS and | BFS and DFS | and DFS efficiently?","How are breadth-first | are breadth-first search | breadth-first search and | search and depth-first | and depth-first search | depth-first search different | search different using | different using a | using a simple | a simple approach?"
667,"What is the | is the difference | the difference between | difference between BFS | between BFS and | BFS and DFS?","What is a | is a subnet | a subnet mask?"
668,"What method can | method can I | can I use | I use to | use to what | to what is | what is a | is a foreign | a foreign key?","Can you explain | you explain what | explain what a | what a foreign | a foreign key | foreign key does | key does in | does in a | in a database | a database in | database in a | in a program?"
669,"How does round | does round robin | round robin scheduling | robin scheduling work?","How do I | do I check | I check if | check if a | if a key | a key exists | key exists in | exists in a | in a Python | a Python dictionary?"
670,"What is the | is the best | the best way | best way to | way to update | to update records | update records in | records in sql?","What is the | is the SQL | the SQL syntax | SQL syntax for | syntax for modifying | for modifying existing | modifying existing records | existing records using | records using a | using a simple | a simple approach?"
671,"Can you explain | you explain how | explain how to | how to what | to what is | what is a | is a mac | a mac address?","Can you explain | you explain what | explain what a | what a MAC | a MAC address | MAC address represents | address represents step | represents step by | step by step?"
672,"What is a | is a composite | a composite key?","How can I | can I find | I find the | find the shortest | the shortest path | shortest path in | path in a | in a graph?"
673,"What method can | method can I | can I use | I use to | use to what | to what is | what is a | is a foreign | a foreign key?","Can you explain | you explain what | explain what a | what a foreign | a foreign key | foreign key does | key does in | does in a | in a database | a database step | database step by | step by step?"
674,"How can I | can I implement | I implement a | implement a stack | a stack using | stack using an | using an array?","What is a | is a network | a network topology?"
675,"How do I | do I what | I what is | what is dynamic | is dynamic programming | dynamic programming in | programming in algorithms?","Can you explain | you explain the | explain the concept | the concept of | concept of dynamic | of dynamic programming | dynamic programming in | programming in DSA | in DSA using | DSA using a | using a simple | a simple approach?"
676,"What is context | is context switching?","What is the | is the difference | the difference between | difference between WHERE | between WHERE and | WHERE and HAVING?"
677,"How can I | can I check | I check whether | check whether a | whether a string | a string contains | string contains a | contains a word | a word in | word in Java | in Java step | Java step by | step by step?","How do I | do I test | I test if | test if a | if a Java | a Java String | Java String contains | String contains a | contains a particular | a particular word | particular word in | word in a | in a program?"
678,"How do I | do I what | I what is | what is latency | is latency in | latency in networking?","Can you explain | you explain latency | explain latency in | latency in a | in a computer | a computer network | computer network efficiently?"
679,"How do I | do I detect | I detect duplicate | detect duplicate elements | duplicate elements in | elements in an | in an array?","What is a | is a method | a method for | method for finding | for finding repeated | finding repeated values | repeated values in | values in an | in an array | an array in | array in a | in a program?"
680,"How does round | does round robin | round robin scheduling | robin scheduling work?","What is the | is the working | the working principle | working principle of | principle of round | of round robin | round robin CPU | robin CPU scheduling?"
681,"What is a | is a MAC | a MAC address?","What is a | is a race | a race condition?"
682,"What is a | is a primary | a primary key | primary key in | key in DBMS?","What is the | is the difference | the difference between | difference between BFS | between BFS and | BFS and DFS?"
683,"What is the | is the difference | the difference between | difference between TCP | between TCP and | TCP and UDP?","How do TCP | do TCP and | TCP and UDP | and UDP differ | UDP differ in | differ in networking?"
684,"What is the | is the difference | the difference between | difference between TCP | between TCP and | TCP and UDP | and UDP efficiently?","How do TCP | do TCP and | TCP and UDP | and UDP differ | UDP differ in | differ in networking | in networking efficiently?"
685,"How can I | can I check | I check whether | check whether a | whether a string | a string contains | string contains a | contains a word | a word in | word in Java?","What is a | is a router?"
686,"How can I | can I detect | I detect duplicate | detect duplicate elements | duplicate elements in | elements in an | in an array?","How can I | can I find | I find the | find the length | the length of | length of an | of an array | an array in | array in Java?"
687,"How can I | can I remove | I remove a | remove a table | a table from | table from a | from a database?","How do I | do I find | I find the | find the middle | the middle node | middle node of | node of a | of a linked | a linked list?"
688,"How do I | do I select | I select an | select an element | an element by | element by ID | by ID in | ID in JavaScript?","What is the | is the JavaScript | the JavaScript method | JavaScript method for | method for selecting | for selecting an | selecting an element | an element using | element using its | using its ID?"
689,"How does round | does round robin | round robin scheduling | robin scheduling work?","What is a | is a composite | a composite key?"
690,"How do I | do I hide | I hide an | hide an element | an element using | element using CSS?","What is the | is the difference | the difference between | difference between IPv4 | between IPv4 and | IPv4 and IPv6?"
691,"Can you explain | you explain how | explain how to | how to what | to what is | what is the | is the osi | the osi model?","Can you explain | you explain the | explain the seven-layer | the seven-layer OSI | seven-layer OSI model | OSI model in | model in a | in a program?"
692,"What is the | is the difference | the difference between | difference between BFS | between BFS and | BFS and DFS?","How can I | can I change | I change an | change an element's | an element's background | element's background color | background color with | color with CSS?"
693,"How can I | can I update | I update records | update records in | records in SQL | in SQL using | SQL using a | using a simple | a simple approach?","What is the | is the SQL | the SQL syntax | SQL syntax for | syntax for modifying | for modifying existing | modifying existing records | existing records step | records step by | step by step?"
694,"How do I | do I iterate | I iterate through | iterate through a | through a HashMap | a HashMap in | HashMap in Java?","What is the | is the time | the time complexity | time complexity of | complexity of merge | of merge sort?"
695,"Can you explain | you explain how | explain how to | how to what | to what is | what is demand | is demand paging?","How does demand | does demand paging | demand paging work | paging work in | work in virtual | in virtual memory | virtual memory in | memory in a | in a program?"
696,"What is dynamic | is dynamic programming | dynamic programming in | programming in algorithms?","Can you explain | you explain the | explain the concept | the concept of | concept of dynamic | of dynamic programming | dynamic programming in | programming in DSA?"
697,"What is the | is the difference | the difference between | difference between HTML | between HTML and | HTML and CSS?","How are HTML | are HTML and | HTML and CSS | and CSS different | CSS different in | different in web | in web development?"
698,"How do I | do I read | I read a | read a csv | a csv file | csv file in | file in python?","What is the | is the method | the method to | method to load | to load a | load a CSV | a CSV file | CSV file using | file using Python?"
699,"What is a | is a MAC | a MAC address | MAC address efficiently?","Can you explain | you explain what | explain what a | what a MAC | a MAC address | MAC address represents | address represents step | represents step by | step by step?"
700,"How do I | do I sort | I sort an | sort an array | an array in | array in Java?","How can I | can I sort | I sort a | sort a list | a list in | list in Python?"
701,"What is a | is a critical | a critical section?","What is the | is the time | the time complexity | time complexity of | complexity of merge | of merge sort?"
702,"What is an | is an IP | an IP address?","How can I | can I sort | I sort a | sort a list | a list in | list in Python?"
703,"How can I | can I convert | I convert a | convert a string | a string to | string to an | to an integer | an integer in | integer in Java | in Java in | Java in a | in a program?","How do I | do I convert | I convert a | convert a String | a String value | String value into | value into an | into an int | an int in | int in Java | in Java step | Java step by | step by step?"
704,"How does HTTP | does HTTP work?","What are ACID | are ACID properties?"
705,"How does DHCP | does DHCP work?","How do I | do I find | I find duplicate | find duplicate rows | duplicate rows using | rows using SQL?"
706,"What is a | is a simple | a simple way | simple way to | way to read | to read a | read a csv | a csv file | csv file in | file in python?","What is the | is the method | the method to | method to load | to load a | load a CSV | a CSV file | CSV file using | file using Python | using Python using | Python using a | using a simple | a simple approach?"
707,"What is CPU | is CPU scheduling | CPU scheduling step | scheduling step by | step by step?","Can you explain | you explain CPU | explain CPU scheduling | CPU scheduling in | scheduling in an | in an operating | an operating system?"
708,"Can you explain | you explain how | explain how to | how to add | to add javascript | add javascript to | javascript to an | to an html | an html page?","What is the | is the correct | the correct way | correct way to | way to include | to include JavaScript | include JavaScript in | JavaScript in an | in an HTML | an HTML document?"
709,"How do I | do I center | I center a | center a div | a div using | div using CSS?","What is the | is the time | the time complexity | time complexity of | complexity of merge | of merge sort?"
710,"How do I | do I sort | I sort an | sort an array | an array in | array in Java?","What is the | is the easiest | the easiest way | easiest way to | way to sort | to sort an | sort an array | an array using | array using Java?"
711,"How do I | do I find | I find the | find the middle | the middle node | middle node of | node of a | of a linked | a linked list?","What is the | is the difference | the difference between | difference between WHERE | between WHERE and | WHERE and HAVING?"
712,"How do I | do I convert | I convert an | convert an ArrayList | an ArrayList to | ArrayList to an | to an array?","What is the | is the way | the way to | way to convert | to convert an | convert an ArrayList | an ArrayList into | ArrayList into an | into an array | an array in | array in Java?"
713,"How do I | do I select | I select an | select an element | an element by | element by ID | by ID in | ID in JavaScript?","What is a | is a thread | a thread in | thread in OS?"
714,"How do I | do I make | I make a | make a website | a website responsive?","What is a | is a MAC | a MAC address?"
715,"What is demand | is demand paging | demand paging efficiently?","How does demand | does demand paging | demand paging work | paging work in | work in virtual | in virtual memory | virtual memory in | memory in a | in a program?"
716,"What is a | is a foreign | a foreign key?","How can I | can I handle | I handle exceptions | handle exceptions in | exceptions in Java?"
717,"What is the | is the difference | the difference between | difference between DELETE | between DELETE and | DELETE and TRUNCATE | and TRUNCATE step | TRUNCATE step by | step by step?","How are SQL | are SQL DELETE | SQL DELETE and | DELETE and TRUNCATE | and TRUNCATE different?"
718,"How can I | can I merge | I merge two | merge two dictionaries | two dictionaries in | dictionaries in Python?","What are the | are the ways | the ways to | ways to combine | to combine two | combine two Python | two Python dictionaries?"
719,"How can I | can I reverse | I reverse a | reverse a linked | a linked list | linked list efficiently?","What is the | is the procedure | the procedure to | procedure to reverse | to reverse a | reverse a linked | a linked list | linked list using | list using a | using a simple | a simple approach?"
720,"How can I | can I find | I find the | find the length | the length of | length of an | of an array | an array in | array in Java?","How do I | do I get | I get the | get the number | the number of | number of elements | of elements in | elements in a | in a Java | a Java array?"
721,"How can I | can I count | I count rows | count rows in | rows in an | in an sql | an sql table?","What SQL query | SQL query can | query can I | can I use | I use to | use to count | to count records | count records in | records in a | in a table?"
722,"What is a | is a simple | a simple way | simple way to | way to merge | to merge two | merge two dictionaries | two dictionaries in | dictionaries in python?","What are the | are the ways | the ways to | ways to combine | to combine two | combine two Python | two Python dictionaries?"
723,"What is the | is the time | the time complexity | time complexity of | complexity of binary | of binary search?","What is the | is the DOM | the DOM in | DOM in JavaScript?"
724,"What is a | is a router | a router using | router using a | using a simple | a simple approach?","What is the | is the function | the function of | function of a | of a router | a router in | router in a | in a computer | a computer network | computer network efficiently?"
725,"How do I | do I find | I find duplicate | find duplicate rows | duplicate rows using | rows using SQL?","How do I | do I create | I create a | create a dropdown | a dropdown menu | dropdown menu in | menu in HTML?"
726,"How can I | can I implement | I implement a | implement a queue | a queue using | queue using two | using two stacks?","How do I | do I create | I create a | create a dropdown | a dropdown menu | dropdown menu in | menu in HTML?"
727,"How can I | can I implement | I implement a | implement a stack | a stack using | stack using an | using an array?","How do I | do I check | I check if | check if a | if a key | a key exists | key exists in | exists in a | in a Python | a Python dictionary?"
728,"What method can | method can I | can I use | I use to | use to what | to what is | what is the | is the time | the time complexity | time complexity of | complexity of merge | of merge sort?","How much time | much time complexity | time complexity does | complexity does merge | does merge sort | merge sort have | sort have step | have step by | step by step?"
729,"What is the | is the best | the best way | best way to | way to center | to center a | center a div | a div using | div using css?","What is the | is the best | the best way | best way to | way to horizontally | to horizontally and | horizontally and vertically | and vertically center | vertically center a | center a div | a div in | div in CSS?"
730,"What is a | is a system | a system call?","How does DHCP | does DHCP work?"
731,"What is normalization | is normalization in | normalization in DBMS | in DBMS efficiently?","What does database | does database normalization | database normalization mean?"
732,"How can I | can I reverse | I reverse a | reverse a string | a string in | string in Java?","How do I | do I find | I find the | find the largest | the largest number | largest number in | number in a | in a Python | a Python list?"
733,"How can I | can I reverse | I reverse a | reverse a string | a string in | string in Java | in Java efficiently?","What is the | is the best | the best way | best way to | way to reverse | to reverse a | reverse a String | a String using | String using Java | using Java using | Java using a | using a simple | a simple approach?"
734,"How can I | can I implement | I implement binary | implement binary search?","What is the | is the method | the method for | method for implementing | for implementing binary | implementing binary search | binary search using | search using a | using a simple | a simple approach?"
735,"What is the | is the best | the best way | best way to | way to implement | to implement binary | implement binary search?","What is the | is the method | the method for | method for implementing | for implementing binary | implementing binary search | binary search step | search step by | step by step?"
736,"What is DNS?","How do I | do I center | I center a | center a div | a div using | div using CSS?"
737,"How can I | can I convert | I convert a | convert a string | a string to | string to an | to an integer | an integer in | integer in java?","How do I | do I convert | I convert a | convert a String | a String value | String value into | value into an | into an int | an int in | int in Java | in Java using | Java using a | using a simple | a simple approach?"
738,"How can I | can I reverse | I reverse a | reverse a string | a string in | string in Java?","How can I | can I add | I add an | add an event | an event listener | event listener in | listener in JavaScript?"
739,"What is the | is the time | the time complexity | time complexity of | complexity of binary | of binary search?","How do I | do I find | I find duplicate | find duplicate rows | duplicate rows using | rows using SQL?"
740,"How can I | can I what | I what is | what is the | is the dom | the dom in | dom in javascript?","Can you explain | you explain the | explain the Document | the Document Object | Document Object Model | Object Model in | Model in JavaScript | in JavaScript step | JavaScript step by | step by step?"
741,"What is normalization | is normalization in | normalization in DBMS?","What does database | does database normalization | database normalization mean | normalization mean step | mean step by | step by step?"
742,"How can I | can I remove | I remove a | remove a table | a table from | table from a | from a database | a database using | database using a | using a simple | a simple approach?","What SQL command | SQL command is | command is used | is used to | used to delete | to delete a | delete a table | a table step | table step by | step by step?"
743,"Can you explain | you explain how | explain how to | how to make | to make a | make a website | a website responsive?","What techniques can | techniques can I | can I use | I use to | use to make | to make a | make a web | a web page | web page responsive | page responsive using | responsive using a | using a simple | a simple approach?"
744,"How do I | do I sort | I sort an | sort an array | an array in | array in Java?","How do I | do I center | I center a | center a div | a div using | div using CSS?"
745,"How does round | does round robin | round robin scheduling | robin scheduling work | scheduling work step | work step by | step by step?","What is the | is the working | the working principle | working principle of | principle of round | of round robin | round robin CPU | robin CPU scheduling | CPU scheduling in | scheduling in a | in a program?"
746,"How can I | can I find | I find the | find the height | the height of | height of a | of a binary | a binary tree?","What is context | is context switching?"
747,"What is the | is the OSI | the OSI model?","What is a | is a transaction | a transaction in | transaction in DBMS?"
748,"How do I | do I find | I find the | find the middle | the middle node | middle node of | node of a | of a linked | a linked list | linked list efficiently?","What is a | is a way | a way to | way to locate | to locate the | locate the middle | the middle element | middle element in | element in a | in a linked | a linked list | linked list using | list using a | using a simple | a simple approach?"
749,"How do I | do I split | I split a | split a string | a string in | string in Java?","How do I | do I detect | I detect a | detect a cycle | a cycle in | cycle in a | in a linked | a linked list?"
750,"What is a | is a transaction | a transaction in | transaction in DBMS?","Can you explain | you explain the | explain the concept | the concept of | concept of a | of a database | a database transaction?"
751,"What is a | is a list | a list comprehension | list comprehension in | comprehension in Python?","How can I | can I implement | I implement a | implement a queue | a queue using | queue using two | using two stacks?"
752,"What is dynamic | is dynamic programming | dynamic programming in | programming in algorithms?","What is the | is the difference | the difference between | difference between process | between process and | process and thread?"
753,"What is the | is the time | the time complexity | time complexity of | complexity of binary | of binary search?","How can I | can I find | I find the | find the length | the length of | length of an | of an array | an array in | array in Java?"
754,"How can I | can I check | I check whether | check whether a | whether a string | a string contains | string contains a | contains a word | a word in | word in Java | in Java using | Java using a | using a simple | a simple approach?","How do I | do I test | I test if | test if a | if a Java | a Java String | Java String contains | String contains a | contains a particular | a particular word?"
755,"How can I | can I convert | I convert a | convert a string | a string to | string to lowercase | to lowercase in | lowercase in Python?","What is paging | is paging in | paging in operating | in operating systems?"
756,"What is a | is a MAC | a MAC address?","Can you explain | you explain what | explain what a | what a MAC | a MAC address | MAC address represents?"
757,"How do I | do I check | I check if | check if a | if a key | a key exists | key exists in | exists in a | in a python | a python dictionary?","How can I | can I test | I test whether | test whether a | whether a dictionary | a dictionary contains | dictionary contains a | contains a specific | a specific key | specific key in | key in Python | in Python using | Python using a | using a simple | a simple approach?"
758,"What method can | method can I | can I use | I use to | use to perform | to perform an | perform an inorder | an inorder traversal | inorder traversal of | traversal of a | of a binary | a binary tree?","What is the | is the procedure | the procedure for | procedure for inorder | for inorder traversal | inorder traversal in | traversal in a | in a binary | a binary tree | binary tree step | tree step by | step by step?"
759,"How do I | do I read | I read a | read a file | a file line | file line by | line by line | by line in | line in Java?","What is the | is the time | the time complexity | time complexity of | complexity of binary | of binary search?"
760,"What is a | is a process | a process in | process in an | in an operating | an operating system | operating system efficiently?","Can you explain | you explain what | explain what a | what a process | a process means | process means in | means in an | in an operating | an operating system | operating system in | system in a | in a program?"
761,"What is a | is a firewall?","What is a | is a semaphore | a semaphore in | semaphore in OS?"
762,"What method can | method can I | can I use | I use to | use to what | to what is | what is the | is the difference | the difference between | difference between delete | between delete and | delete and truncate?","How are SQL | are SQL DELETE | SQL DELETE and | DELETE and TRUNCATE | and TRUNCATE different?"
763,"How can I | can I update | I update records | update records in | records in SQL | in SQL step | SQL step by | step by step?","What is the | is the SQL | the SQL syntax | SQL syntax for | syntax for modifying | for modifying existing | modifying existing records?"
764,"What is the | is the best | the best way | best way to | way to convert | to convert a | convert a string | a string to | string to lowercase | to lowercase in | lowercase in python?","How do I | do I change | I change a | change a Python | a Python string | Python string to | string to lowercase | to lowercase using | lowercase using a | using a simple | a simple approach?"
765,"What is demand | is demand paging?","How can I | can I load | I load an | load an external | an external CSS | external CSS file?"
766,"What is demand | is demand paging?","How can I | can I read | I read a | read a CSV | a CSV file | CSV file in | file in Python?"
767,"What is the | is the time | the time complexity | time complexity of | complexity of merge | of merge sort?","What is demand | is demand paging?"
768,"How do I | do I read | I read a | read a file | a file line | file line by | line by line | by line in | line in Java?","How do I | do I find | I find the | find the middle | the middle node | middle node of | node of a | of a linked | a linked list?"
769,"What is the | is the difference | the difference between | difference between BFS | between BFS and | BFS and DFS?","How are breadth-first | are breadth-first search | breadth-first search and | search and depth-first | and depth-first search | depth-first search different?"
770,"How can I | can I join | I join two | join two tables | two tables in | tables in sql?","What is the | is the correct | the correct way | correct way to | way to combine | to combine two | combine two tables | two tables using | tables using an | using an SQL | an SQL join?"
771,"How do I | do I sort | I sort an | sort an array | an array in | array in java?","What is the | is the easiest | the easiest way | easiest way to | way to sort | to sort an | sort an array | an array using | array using Java | using Java step | Java step by | step by step?"
772,"Can you explain | you explain how | explain how to | how to create | to create a | create a thread | a thread in | thread in java?","What are the | are the ways | the ways to | ways to create | to create a | create a thread | a thread using | thread using Java?"
773,"How can I | can I reverse | I reverse a | reverse a string | a string in | string in Java | in Java step | Java step by | step by step?","What is the | is the best | the best way | best way to | way to reverse | to reverse a | reverse a String | a String using | String using Java?"
774,"What is the | is the best | the best way | best way to | way to find | to find the | find the length | the length of | length of an | of an array | an array in | array in java?","How do I | do I get | I get the | get the number | the number of | number of elements | of elements in | elements in a | in a Java | a Java array | Java array step | array step by | step by step?"
775,"How do I | do I find | I find duplicate | find duplicate rows | duplicate rows using | rows using SQL?","What SQL query | SQL query can | query can be | can be used | be used to | used to identify | to identify duplicate | identify duplicate records?"
776,"How can I | can I find | I find the | find the length | the length of | length of an | of an array | an array in | array in Java?","How can I | can I find | I find the | find the height | the height of | height of a | of a binary | a binary tree?"
777,"What is a | is a router?","What is method | is method overloading | method overloading in | overloading in Java?"
778,"What is a | is a primary | a primary key | primary key in | key in DBMS?","Can you explain | you explain the | explain the purpose | the purpose of | purpose of a | of a primary | a primary key | primary key in | key in a | in a database?"
779,"How can I | can I remove | I remove duplicate | remove duplicate elements | duplicate elements from | elements from an | from an ArrayList?","How do I | do I eliminate | I eliminate duplicate | eliminate duplicate values | duplicate values from | values from an | from an ArrayList | an ArrayList in | ArrayList in Java?"
780,"How can I | can I check | I check if | check if a | if a string | a string contains | string contains a | contains a substring | a substring in | substring in Python?","What is the | is the difference | the difference between | difference between BFS | between BFS and | BFS and DFS?"
781,"How do I | do I hide | I hide an | hide an element | an element using | element using CSS?","What is the | is the difference | the difference between | difference between process | between process and | process and thread?"
782,"What method can | method can I | can I use | I use to | use to what | to what is | what is a | is a foreign | a foreign key?","Can you explain | you explain what | explain what a | what a foreign | a foreign key | foreign key does | key does in | does in a | in a database?"
783,"What is a | is a foreign | a foreign key?","What is the | is the time | the time complexity | time complexity of | complexity of binary | of binary search?"
784,"What is method | is method overloading | method overloading in | overloading in Java?","How can I | can I implement | I implement binary | implement binary search?"
785,"How can I | can I sort | I sort a | sort a list | a list in | list in Python?","How can I | can I find | I find the | find the length | the length of | length of an | of an array | an array in | array in Java?"
786,"How can I | can I check | I check if | check if a | if a string | a string contains | string contains a | contains a substring | a substring in | substring in Python?","What is an | is an index | an index in | index in a | in a database?"
787,"What is the | is the difference | the difference between | difference between TCP | between TCP and | TCP and UDP | and UDP efficiently?","How do TCP | do TCP and | TCP and UDP | and UDP differ | UDP differ in | differ in networking | in networking in | networking in a | in a program?"
788,"What method can | method can I | can I use | I use to | use to what | to what is | what is cpu | is cpu scheduling?","Can you explain | you explain CPU | explain CPU scheduling | CPU scheduling in | scheduling in an | in an operating | an operating system | operating system step | system step by | step by step?"
789,"How can I | can I remove | I remove duplicate | remove duplicate elements | duplicate elements from | elements from an | from an ArrayList | an ArrayList step | ArrayList step by | step by step?","How do I | do I eliminate | I eliminate duplicate | eliminate duplicate values | duplicate values from | values from an | from an ArrayList | an ArrayList in | ArrayList in Java | in Java efficiently?"
790,"Can you explain | you explain how | explain how to | how to what | to what is | what is the | is the difference | the difference between | difference between tcp | between tcp and | tcp and udp?","How do TCP | do TCP and | TCP and UDP | and UDP differ | UDP differ in | differ in networking | in networking step | networking step by | step by step?"
791,"What is a | is a system | a system call?","How can I | can I handle | I handle exceptions | handle exceptions in | exceptions in Java?"
792,"How does DHCP | does DHCP work?","How do I | do I split | I split a | split a string | a string in | string in Java?"
793,"What is a | is a router?","How can I | can I convert | I convert a | convert a string | a string to | string to lowercase | to lowercase in | lowercase in Python?"
794,"How do I | do I sort | I sort query | sort query results | query results in | results in SQL?","How do I | do I convert | I convert an | convert an ArrayList | an ArrayList to | ArrayList to an | to an array?"
795,"How can I | can I what | I what is | what is the | is the dom | the dom in | dom in javascript?","Can you explain | you explain the | explain the Document | the Document Object | Document Object Model | Object Model in | Model in JavaScript | in JavaScript in | JavaScript in a | in a program?"
796,"How can I | can I join | I join two | join two tables | two tables in | tables in SQL?","How can I | can I implement | I implement a | implement a min | a min heap?"
797,"How do I | do I select | I select an | select an element | an element by | element by ID | by ID in | ID in JavaScript | in JavaScript in | JavaScript in a | in a program?","What is the | is the JavaScript | the JavaScript method | JavaScript method for | method for selecting | for selecting an | selecting an element | an element using | element using its | using its ID | its ID in | ID in a | in a program?"
798,"What is CPU | is CPU scheduling?","How can I | can I check | I check if | check if a | if a string | a string contains | string contains a | contains a substring | a substring in | substring in Python?"
799,"How does HTTP | does HTTP work?","Can you explain | you explain the | explain the working | the working of | working of the | of the HTTP | the HTTP protocol?"
800,"What is a | is a foreign | a foreign key?","What is a | is a router?"
801,"What is a | is a thread | a thread in | thread in OS?","What is the | is the OSI | the OSI model?"
802,"How do I | do I hide | I hide an | hide an element | an element using | element using CSS?","What is a | is a race | a race condition?"
803,"What is a | is a subnet | a subnet mask | subnet mask in | mask in a | in a program?","What is the | is the purpose | the purpose of | purpose of a | of a subnet | a subnet mask | subnet mask in | mask in networking | in networking step | networking step by | step by step?"
804,"What is a | is a semaphore | a semaphore in | semaphore in OS?","What is the | is the purpose | the purpose of | purpose of a | of a semaphore | a semaphore in | semaphore in operating | in operating systems?"
805,"How do I | do I hide | I hide an | hide an element | an element using | element using CSS?","How can I | can I remove | I remove duplicate | remove duplicate elements | duplicate elements from | elements from an | from an ArrayList?"
806,"How can I | can I create | I create a | create a button | a button in | button in html?","What HTML code | HTML code is | code is used | is used to | used to create | to create a | create a button | a button in | button in a | in a program?"
807,"What is a | is a critical | a critical section?","How can I | can I change | I change text | change text color | text color using | color using CSS?"
808,"How do I | do I find | I find duplicate | find duplicate rows | duplicate rows using | rows using SQL | using SQL step | SQL step by | step by step?","What SQL query | SQL query can | query can be | can be used | be used to | used to identify | to identify duplicate | identify duplicate records | duplicate records using | records using a | using a simple | a simple approach?"
809,"How can I | can I implement | I implement binary | implement binary search?","What is the | is the method | the method for | method for implementing | for implementing binary | implementing binary search?"
810,"What is DNS?","How can I | can I reverse | I reverse a | reverse a linked | a linked list?"
811,"What is a | is a race | a race condition | race condition in | condition in a | in a program?","Can you explain | you explain race | explain race conditions | race conditions in | conditions in operating | in operating systems | operating systems in | systems in a | in a program?"
812,"What is a | is a subnet | a subnet mask?","How can I | can I create | I create a | create a button | a button in | button in HTML?"
813,"How do I | do I remove | I remove duplicates | remove duplicates from | duplicates from a | from a python | a python list?","What is a | is a simple | a simple way | simple way to | way to eliminate | to eliminate duplicate | eliminate duplicate values | duplicate values from | values from a | from a list | a list in | list in Python?"
814,"How can I | can I handle | I handle exceptions | handle exceptions in | exceptions in Java?","How do I | do I handle | I handle exceptions | handle exceptions in | exceptions in Python?"
815,"What is paging | is paging in | paging in operating | in operating systems?","How do I | do I check | I check if | check if a | if a key | a key exists | key exists in | exists in a | in a Python | a Python dictionary?"
816,"How can I | can I what | I what is | what is normalization | is normalization in | normalization in dbms?","What does database | does database normalization | database normalization mean | normalization mean in | mean in a | in a program?"
817,"How can I | can I join | I join two | join two tables | two tables in | tables in SQL?","What is the | is the correct | the correct way | correct way to | way to combine | to combine two | combine two tables | two tables using | tables using an | using an SQL | an SQL join | SQL join step | join step by | step by step?"
818,"Can you explain | you explain how | explain how to | how to find | to find the | find the length | the length of | length of an | of an array | an array in | array in java?","How do I | do I get | I get the | get the number | the number of | number of elements | of elements in | elements in a | in a Java | a Java array | Java array using | array using a | using a simple | a simple approach?"
819,"What is a | is a subnet | a subnet mask | subnet mask step | mask step by | step by step?","What is the | is the purpose | the purpose of | purpose of a | of a subnet | a subnet mask | subnet mask in | mask in networking | in networking efficiently?"
820,"How do I | do I make | I make a | make a website | a website responsive?","How can I | can I check | I check if | check if a | if a string | a string contains | string contains a | contains a substring | a substring in | substring in Python?"
821,"What is a | is a router?","How can I | can I implement | I implement a | implement a stack | a stack using | stack using an | using an array?"
822,"What is the | is the DOM | the DOM in | DOM in JavaScript?","What is DNS?"
823,"What is a | is a foreign | a foreign key?","How can I | can I find | I find the | find the height | the height of | height of a | of a binary | a binary tree?"
824,"What is CPU | is CPU scheduling | CPU scheduling in | scheduling in a | in a program?","Can you explain | you explain CPU | explain CPU scheduling | CPU scheduling in | scheduling in an | in an operating | an operating system | operating system using | system using a | using a simple | a simple approach?"
825,"How do I | do I split | I split a | split a string | a string in | string in Java?","How can I | can I implement | I implement binary | implement binary search?"
826,"How can I | can I what | I what is | what is a | is a thread | a thread in | thread in os?","What does a | does a thread | a thread represent | thread represent in | represent in an | in an operating | an operating system | operating system using | system using a | using a simple | a simple approach?"
827,"What is method | is method overloading | method overloading in | overloading in Java?","Can you explain | you explain method | explain method overloading | method overloading with | overloading with Java | with Java methods?"
828,"What is normalization | is normalization in | normalization in DBMS?","What is paging | is paging in | paging in operating | in operating systems?"
829,"How can I | can I reverse | I reverse a | reverse a list | a list in | list in Python | in Python using | Python using a | using a simple | a simple approach?","What is the | is the easiest | the easiest way | easiest way to | way to reverse | to reverse a | reverse a list | a list using | list using Python?"
830,"How can I | can I remove | I remove a | remove a table | a table from | table from a | from a database?","What is the | is the difference | the difference between | difference between BFS | between BFS and | BFS and DFS?"
831,"How do I | do I find | I find the | find the middle | the middle node | middle node of | node of a | of a linked | a linked list?","How do I | do I create | I create a | create a dropdown | a dropdown menu | dropdown menu in | menu in HTML?"
832,"How can I | can I what | I what is | what is the | is the osi | the osi model?","Can you explain | you explain the | explain the seven-layer | the seven-layer OSI | seven-layer OSI model | OSI model in | model in a | in a program?"
833,"What is the | is the best | the best way | best way to | way to what | to what is | what is dynamic | is dynamic programming | dynamic programming in | programming in algorithms?","Can you explain | you explain the | explain the concept | the concept of | concept of dynamic | of dynamic programming | dynamic programming in | programming in DSA | in DSA efficiently?"
834,"How can I | can I find | I find the | find the length | the length of | length of an | of an array | an array in | array in Java?","What is a | is a subnet | a subnet mask?"
835,"How do I | do I change | I change a | change a font | a font size | font size with | size with CSS?","How do I | do I create | I create a | create a virtual | a virtual environment | virtual environment in | environment in Python?"
836,"What is deadlock | is deadlock in | deadlock in operating | in operating systems?","What is a | is a subnet | a subnet mask?"
837,"What is the | is the difference | the difference between | difference between IPv4 | between IPv4 and | IPv4 and IPv6?","How can I | can I join | I join two | join two tables | two tables in | tables in SQL?"
838,"How does DHCP | does DHCP work | DHCP work using | work using a | using a simple | a simple approach?","Can you explain | you explain how | explain how DHCP | how DHCP assigns | DHCP assigns network | assigns network configuration | network configuration in | configuration in a | in a program?"
839,"What is an | is an index | an index in | index in a | in a database?","Why are indexes | are indexes used | indexes used in | used in databases?"
840,"What is a | is a MAC | a MAC address?","What is paging | is paging in | paging in operating | in operating systems?"
841,"How can I | can I detect | I detect duplicate | detect duplicate elements | duplicate elements in | elements in an | in an array?","How can I | can I add | I add an | add an event | an event listener | event listener in | listener in JavaScript?"
842,"Can you explain | you explain how | explain how to | how to check | to check whether | check whether a | whether a string | a string contains | string contains a | contains a word | a word in | word in java?","How do I | do I test | I test if | test if a | if a Java | a Java String | Java String contains | String contains a | contains a particular | a particular word | particular word efficiently?"
843,"How can I | can I join | I join two | join two tables | two tables in | tables in SQL | in SQL efficiently?","What is the | is the correct | the correct way | correct way to | way to combine | to combine two | combine two tables | two tables using | tables using an | using an SQL | an SQL join | SQL join in | join in a | in a program?"
844,"How do I | do I hide | I hide an | hide an element | an element using | element using CSS | using CSS using | CSS using a | using a simple | a simple approach?","What CSS can | CSS can I | can I use | I use to | use to make | to make an | make an element | an element invisible | element invisible using | invisible using a | using a simple | a simple approach?"
845,"What is a | is a firewall?","What is dynamic | is dynamic programming | dynamic programming in | programming in algorithms?"
846,"How does round | does round robin | round robin scheduling | robin scheduling work | scheduling work efficiently?","What is the | is the working | the working principle | working principle of | principle of round | of round robin | round robin CPU | robin CPU scheduling | CPU scheduling efficiently?"
847,"How can I | can I remove | I remove a | remove a table | a table from | table from a | from a database?","What SQL command | SQL command is | command is used | is used to | used to delete | to delete a | delete a table?"
848,"What method can | method can I | can I use | I use to | use to implement | to implement a | implement a queue | a queue using | queue using two | using two stacks?","What is the | is the approach | the approach for | approach for building | for building a | building a queue | a queue from | queue from two | from two stacks | two stacks efficiently?"
849,"How can I | can I validate | I validate an | validate an HTML | an HTML form | HTML form using | form using JavaScript?","How can I | can I read | I read a | read a CSV | a CSV file | CSV file in | file in Python?"
850,"What is a | is a process | a process in | process in an | in an operating | an operating system?","Can you explain | you explain what | explain what a | what a process | a process means | process means in | means in an | in an operating | an operating system | operating system efficiently?"
851,"How do I | do I create | I create a | create a thread | a thread in | thread in Java?","What is the | is the difference | the difference between | difference between IPv4 | between IPv4 and | IPv4 and IPv6?"
852,"How can I | can I create | I create a | create a button | a button in | button in HTML?","What is a | is a transaction | a transaction in | transaction in DBMS?"
853,"What is paging | is paging in | paging in operating | in operating systems?","Can you explain | you explain how | explain how paging | how paging works | paging works in | works in OS | in OS memory | OS memory management?"
854,"What is a | is a system | a system call?","How do I | do I perform | I perform an | perform an inorder | an inorder traversal | inorder traversal of | traversal of a | of a binary | a binary tree?"
855,"What is a | is a firewall?","What is the | is the time | the time complexity | time complexity of | complexity of binary | of binary search?"
856,"How can I | can I change | I change text | change text color | text color using | color using CSS?","What is the | is the time | the time complexity | time complexity of | complexity of merge | of merge sort?"
857,"How can I | can I sort | I sort a | sort a list | a list in | list in Python?","How can I | can I join | I join two | join two tables | two tables in | tables in SQL?"
858,"How does DHCP | does DHCP work?","What is the | is the difference | the difference between | difference between HTML | between HTML and | HTML and CSS?"
859,"What is the | is the OSI | the OSI model?","How do I | do I count | I count rows | count rows in | rows in an | in an SQL | an SQL table?"
860,"How can I | can I merge | I merge two | merge two dictionaries | two dictionaries in | dictionaries in Python?","How can I | can I implement | I implement a | implement a queue | a queue using | queue using two | using two stacks?"
861,"How can I | can I what | I what is | what is normalization | is normalization in | normalization in dbms?","What does database | does database normalization | database normalization mean | normalization mean using | mean using a | using a simple | a simple approach?"
862,"What is a | is a system | a system call | system call in | call in a | in a program?","Can you explain | you explain what | explain what a | what a system | a system call | system call is | call is in | is in an | in an operating | an operating system | operating system step | system step by | step by step?"
863,"How can I | can I change | I change text | change text color | text color using | color using CSS?","What is a | is a network | a network topology?"
864,"How can I | can I what | I what is | what is a | is a router?","What is the | is the function | the function of | function of a | of a router | a router in | router in a | in a computer | a computer network | computer network in | network in a | in a program?"
865,"What is a | is a race | a race condition?","How can I | can I remove | I remove a | remove a table | a table from | table from a | from a database?"
866,"What is a | is a simple | a simple way | simple way to | way to what | to what is | what is the | is the time | the time complexity | time complexity of | complexity of merge | of merge sort?","How much time | much time complexity | time complexity does | complexity does merge | does merge sort | merge sort have | sort have efficiently?"
867,"What is the | is the difference | the difference between | difference between process | between process and | process and thread?","How do I | do I add | I add JavaScript | add JavaScript to | JavaScript to an | to an HTML | an HTML page?"
868,"What is the | is the OSI | the OSI model?","Can you explain | you explain the | explain the seven-layer | the seven-layer OSI | seven-layer OSI model?"
869,"What is DNS?","What is the | is the purpose | the purpose of | purpose of the | of the Domain | the Domain Name | Domain Name System | Name System using | System using a | using a simple | a simple approach?"
870,"What is the | is the difference | the difference between | difference between IPv4 | between IPv4 and | IPv4 and IPv6?","How are IPv4 | are IPv4 and | IPv4 and IPv6 | and IPv6 different?"
871,"How do I | do I select | I select an | select an element | an element by | element by ID | by ID in | ID in JavaScript?","What is the | is the JavaScript | the JavaScript method | JavaScript method for | method for selecting | for selecting an | selecting an element | an element using | element using its | using its ID | its ID step | ID step by | step by step?"
872,"What is the | is the best | the best way | best way to | way to check | to check if | check if a | if a key | a key exists | key exists in | exists in a | in a python | a python dictionary?","How can I | can I test | I test whether | test whether a | whether a dictionary | a dictionary contains | dictionary contains a | contains a specific | a specific key | specific key in | key in Python | in Python step | Python step by | step by step?"
873,"How do I | do I find | I find the | find the middle | the middle node | middle node of | node of a | of a linked | a linked list?","How can I | can I handle | I handle exceptions | handle exceptions in | exceptions in Java?"
874,"What is latency | is latency in | latency in networking?","How can I | can I add | I add an | add an event | an event listener | event listener in | listener in JavaScript?"
875,"How can I | can I detect | I detect duplicate | detect duplicate elements | duplicate elements in | elements in an | in an array?","How do I | do I find | I find duplicate | find duplicate rows | duplicate rows using | rows using SQL?"
876,"What is the | is the time | the time complexity | time complexity of | complexity of binary | of binary search?","What is the | is the difference | the difference between | difference between HTML | between HTML and | HTML and CSS?"
877,"What is packet | is packet switching?","Can you explain | you explain packet | explain packet switching | packet switching in | switching in computer | in computer networks?"
878,"How can I | can I change | I change text | change text color | text color using | color using CSS | using CSS using | CSS using a | using a simple | a simple approach?","What CSS property | CSS property is | property is used | is used to | used to change | to change the | change the color | the color of | color of text | of text efficiently?"
879,"What is packet | is packet switching?","How do I | do I remove | I remove duplicates | remove duplicates from | duplicates from a | from a Python | a Python list?"
880,"What are ACID | are ACID properties | ACID properties step | properties step by | step by step?","What do the | do the ACID | the ACID properties | ACID properties of | properties of database | of database transactions | database transactions mean | transactions mean efficiently?"
881,"What is a | is a race | a race condition | race condition in | condition in a | in a program?","Can you explain | you explain race | explain race conditions | race conditions in | conditions in operating | in operating systems | operating systems step | systems step by | step by step?"
882,"How do I | do I handle | I handle exceptions | handle exceptions in | exceptions in Python?","What is a | is a race | a race condition?"
883,"What is the | is the time | the time complexity | time complexity of | complexity of binary | of binary search?","How do I | do I sort | I sort query | sort query results | query results in | results in SQL?"
884,"What is demand | is demand paging?","How do I | do I check | I check if | check if a | if a key | a key exists | key exists in | exists in a | in a Python | a Python dictionary?"
885,"How can I | can I remove | I remove a | remove a table | a table from | table from a | from a database?","What is the | is the time | the time complexity | time complexity of | complexity of merge | of merge sort?"
886,"How can I | can I find | I find the | find the length | the length of | length of an | of an array | an array in | array in Java | in Java using | Java using a | using a simple | a simple approach?","How do I | do I get | I get the | get the number | the number of | number of elements | of elements in | elements in a | in a Java | a Java array | Java array step | array step by | step by step?"
887,"What is CPU | is CPU scheduling?","What is the | is the time | the time complexity | time complexity of | complexity of binary | of binary search?"
888,"Can you explain | you explain how | explain how to | how to convert | to convert an | convert an arraylist | an arraylist to | arraylist to an | to an array?","What is the | is the way | the way to | way to convert | to convert an | convert an ArrayList | an ArrayList into | ArrayList into an | into an array | an array in | array in Java | in Java efficiently?"
889,"How can I | can I find | I find the | find the length | the length of | length of an | of an array | an array in | array in Java?","How do I | do I count | I count rows | count rows in | rows in an | in an SQL | an SQL table?"
890,"What is a | is a thread | a thread in | thread in OS?","What does a | does a thread | a thread represent | thread represent in | represent in an | in an operating | an operating system?"
891,"What is the | is the time | the time complexity | time complexity of | complexity of merge | of merge sort?","How much time | much time complexity | time complexity does | complexity does merge | does merge sort | merge sort have?"
892,"What is the | is the best | the best way | best way to | way to remove | to remove a | remove a table | a table from | table from a | from a database?","What SQL command | SQL command is | command is used | is used to | used to delete | to delete a | delete a table | a table step | table step by | step by step?"
893,"How can I | can I handle | I handle exceptions | handle exceptions in | exceptions in java?","What is the | is the proper | the proper way | proper way to | way to handle | to handle exceptions | handle exceptions in | exceptions in Java | in Java in | Java in a | in a program?"
894,"How do I | do I split | I split a | split a string | a string in | string in Java?","What method can | method can I | can I use | I use to | use to split | to split a | split a String | a String into | String into parts | into parts in | parts in Java?"
895,"How does the | does the fork | the fork system | fork system call | system call work?","What does the | does the fork() | the fork() system | fork() system call | system call do | call do in | do in Unix-like | in Unix-like operating | Unix-like operating systems?"
896,"How can I | can I convert | I convert a | convert a string | a string to | string to an | to an integer | an integer in | integer in Java?","What is a | is a list | a list comprehension | list comprehension in | comprehension in Python?"
897,"How can I | can I read | I read a | read a CSV | a CSV file | CSV file in | file in Python?","What is the | is the method | the method to | method to load | to load a | load a CSV | a CSV file | CSV file using | file using Python?"
898,"What is a | is a system | a system call?","Can you explain | you explain what | explain what a | what a system | a system call | system call is | call is in | is in an | in an operating | an operating system?"
899,"How does DHCP | does DHCP work?","How do I | do I find | I find duplicate | find duplicate rows | duplicate rows using | rows using SQL?"
900,"How can I | can I select | I select an | select an element | an element by | element by id | by id in | id in javascript?","What is the | is the JavaScript | the JavaScript method | JavaScript method for | method for selecting | for selecting an | selecting an element | an element using | element using its | using its ID | its ID step | ID step by | step by step?"
901,"How can I | can I handle | I handle exceptions | handle exceptions in | exceptions in Java?","How can I | can I remove | I remove a | remove a table | a table from | table from a | from a database?"
902,"How do I | do I split | I split a | split a string | a string in | string in Java | in Java efficiently?","What method can | method can I | can I use | I use to | use to split | to split a | split a String | a String into | String into parts | into parts in | parts in Java | in Java in | Java in a | in a program?"
903,"How can I | can I read | I read a | read a CSV | a CSV file | CSV file in | file in Python?","How can I | can I find | I find the | find the height | the height of | height of a | of a binary | a binary tree?"
904,"What is a | is a composite | a composite key?","How does the | does the fork | the fork system | fork system call | system call work?"
905,"What is a | is a simple | a simple way | simple way to | way to what | to what is | what is a | is a foreign | a foreign key?","Can you explain | you explain what | explain what a | what a foreign | a foreign key | foreign key does | key does in | does in a | in a database | a database using | database using a | using a simple | a simple approach?"
906,"How do I | do I what | I what is | what is a | is a critical | a critical section?","What does the | does the critical | the critical section | critical section mean | section mean in | mean in process | in process synchronization?"
907,"How do I | do I detect | I detect a | detect a cycle | a cycle in | cycle in a | in a linked | a linked list?","What is CPU | is CPU scheduling?"
908,"How does round | does round robin | round robin scheduling | robin scheduling work?","How does DHCP | does DHCP work?"
909,"How can I | can I change | I change an | change an element's | an element's background | element's background color | background color with | color with CSS?","What is a | is a router?"
910,"What is latency | is latency in | latency in networking?","Can you explain | you explain latency | explain latency in | latency in a | in a computer | a computer network | computer network efficiently?"
911,"Can you explain | you explain how | explain how to | how to what | to what is | what is latency | is latency in | latency in networking?","Can you explain | you explain latency | explain latency in | latency in a | in a computer | a computer network | computer network in | network in a | in a program?"
912,"How can I | can I create | I create a | create a button | a button in | button in HTML?","What HTML code | HTML code is | code is used | is used to | used to create | to create a | create a button | a button efficiently?"
913,"Can you explain | you explain how | explain how to | how to what | to what is | what is a | is a primary | a primary key | primary key in | key in dbms?","Can you explain | you explain the | explain the purpose | the purpose of | purpose of a | of a primary | a primary key | primary key in | key in a | in a database | a database efficiently?"
914,"How do I | do I iterate | I iterate through | iterate through a | through a HashMap | a HashMap in | HashMap in Java?","What is the | is the correct | the correct way | correct way to | way to loop | to loop over | loop over a | over a HashMap | a HashMap in | HashMap in Java?"
915,"What is latency | is latency in | latency in networking?","How does round | does round robin | round robin scheduling | robin scheduling work?"
916,"What is a | is a system | a system call?","What is a | is a transaction | a transaction in | transaction in DBMS?"
917,"What is CPU | is CPU scheduling?","Can you explain | you explain CPU | explain CPU scheduling | CPU scheduling in | scheduling in an | in an operating | an operating system?"
918,"How can I | can I implement | I implement a | implement a stack | a stack using | stack using an | using an array?","What is the | is the difference | the difference between | difference between TCP | between TCP and | TCP and UDP?"
919,"What is a | is a composite | a composite key?","What is a | is a semaphore | a semaphore in | semaphore in OS?"
920,"How do I | do I read | I read a | read a file | a file line | file line by | line by line | by line in | line in Java?","How do I | do I make | I make a | make a website | a website responsive?"
921,"How do I | do I what | I what is | what is method | is method overloading | method overloading in | overloading in java?","Can you explain | you explain method | explain method overloading | method overloading with | overloading with Java | with Java methods | Java methods in | methods in a | in a program?"
922,"Can you explain | you explain how | explain how to | how to what | to what is | what is virtual | is virtual memory?","Can you explain | you explain the | explain the concept | the concept of | concept of virtual | of virtual memory | virtual memory in | memory in an | in an operating | an operating system | operating system efficiently?"
923,"What is a | is a composite | a composite key?","Can you explain | you explain the | explain the meaning | the meaning of | meaning of a | of a composite | a composite key | composite key in | key in DBMS | in DBMS step | DBMS step by | step by step?"
924,"How can I | can I count | I count occurrences | count occurrences of | occurrences of an | of an item | an item in | item in a | in a Python | a Python list?","How do I | do I iterate | I iterate through | iterate through a | through a HashMap | a HashMap in | HashMap in Java?"
925,"How can I | can I load | I load an | load an external | an external CSS | external CSS file?","What is the | is the correct | the correct way | correct way to | way to link | to link an | link an external | an external stylesheet | external stylesheet to | stylesheet to HTML | to HTML step | HTML step by | step by step?"
926,"How can I | can I change | I change text | change text color | text color using | color using CSS?","How can I | can I find | I find the | find the length | the length of | length of an | of an array | an array in | array in Java?"
927,"What is the | is the difference | the difference between | difference between WHERE | between WHERE and | WHERE and HAVING?","What is packet | is packet switching?"
928,"How can I | can I find | I find the | find the maximum | the maximum value | maximum value in | value in an | in an integer | an integer array?","What is a | is a firewall?"
929,"How can I | can I update | I update records | update records in | records in SQL?","What is the | is the SQL | the SQL syntax | SQL syntax for | syntax for modifying | for modifying existing | modifying existing records?"
930,"How do I | do I find | I find the | find the largest | the largest number | largest number in | number in a | in a Python | a Python list?","How do I | do I split | I split a | split a string | a string in | string in Java?"
931,"What is a | is a simple | a simple way | simple way to | way to what | to what is | what is a | is a process | a process in | process in an | in an operating | an operating system?","Can you explain | you explain what | explain what a | what a process | a process means | process means in | means in an | in an operating | an operating system | operating system efficiently?"
932,"What is a | is a network | a network topology | network topology step | topology step by | step by step?","What does network | does network topology | network topology mean | topology mean in | mean in a | in a program?"
933,"How do I | do I read | I read a | read a file | a file line | file line by | line by line | by line in | line in Java?","How do I | do I remove | I remove an | remove an item | an item from | item from a | from a Python | a Python list?"
934,"How do I | do I create | I create a | create a dropdown | a dropdown menu | dropdown menu in | menu in HTML | in HTML step | HTML step by | step by step?","What HTML element | HTML element can | element can be | can be used | be used to | used to create | to create a | create a dropdown | a dropdown list?"
935,"What is the | is the time | the time complexity | time complexity of | complexity of binary | of binary search?","What is the | is the difference | the difference between | difference between == | between == and | == and equals | and equals in | equals in Java?"
936,"What is packet | is packet switching?","How can I | can I implement | I implement a | implement a queue | a queue using | queue using two | using two stacks?"
937,"How can I | can I find | I find the | find the maximum | the maximum value | maximum value in | value in an | in an integer | an integer array?","How can I | can I find | I find the | find the shortest | the shortest path | shortest path in | path in a | in a graph?"
938,"What is the | is the best | the best way | best way to | way to what | to what is | what is a | is a mac | a mac address?","Can you explain | you explain what | explain what a | what a MAC | a MAC address | MAC address represents | address represents step | represents step by | step by step?"
939,"What is a | is a foreign | a foreign key | foreign key efficiently?","Can you explain | you explain what | explain what a | what a foreign | a foreign key | foreign key does | key does in | does in a | in a database?"
940,"How can I | can I find | I find the | find the maximum | the maximum value | maximum value in | value in an | in an integer | an integer array?","How can I | can I count | I count occurrences | count occurrences of | occurrences of an | of an item | an item in | item in a | in a Python | a Python list?"
941,"How do I | do I iterate | I iterate through | iterate through a | through a HashMap | a HashMap in | HashMap in Java?","What is paging | is paging in | paging in operating | in operating systems?"
942,"How does DHCP | does DHCP work?","How do I | do I hide | I hide an | hide an element | an element using | element using CSS?"
943,"What is the | is the difference | the difference between | difference between HTML | between HTML and | HTML and CSS?","How can I | can I convert | I convert a | convert a string | a string to | string to lowercase | to lowercase in | lowercase in Python?"
944,"How do I | do I remove | I remove an | remove an item | an item from | item from a | from a Python | a Python list?","What are the | are the ways | the ways to | ways to delete | to delete an | delete an element | an element from | element from a | from a Python | a Python list?"
945,"What is a | is a process | a process in | process in an | in an operating | an operating system?","How can I | can I find | I find the | find the maximum | the maximum value | maximum value in | value in an | in an integer | an integer array?"
946,"What is a | is a race | a race condition?","How do I | do I change | I change a | change a font | a font size | font size with | size with CSS?"
947,"How do I | do I validate | I validate an | validate an html | an html form | html form using | form using javascript?","What is a | is a way | a way to | way to validate | to validate form | validate form inputs | form inputs with | inputs with JavaScript?"
948,"What is context | is context switching?","How does DHCP | does DHCP work?"
949,"How can I | can I reverse | I reverse a | reverse a string | a string in | string in Java?","How does DHCP | does DHCP work?"
950,"How can I | can I merge | I merge two | merge two dictionaries | two dictionaries in | dictionaries in Python?","How do I | do I perform | I perform an | perform an inorder | an inorder traversal | inorder traversal of | traversal of a | of a binary | a binary tree?"
951,"What is a | is a primary | a primary key | primary key in | key in DBMS?","What is an | is an IP | an IP address?"
952,"What is virtual | is virtual memory?","How can I | can I read | I read a | read a CSV | a CSV file | CSV file in | file in Python?"
953,"What is an | is an index | an index in | index in a | in a database | a database using | database using a | using a simple | a simple approach?","Why are indexes | are indexes used | indexes used in | used in databases | in databases in | databases in a | in a program?"
954,"What is a | is a firewall?","What is the | is the role | the role of | role of a | of a firewall | a firewall in | firewall in a | in a network?"
955,"How does the | does the fork | the fork system | fork system call | system call work?","How can I | can I validate | I validate an | validate an HTML | an HTML form | HTML form using | form using JavaScript?"
956,"How do I | do I count | I count rows | count rows in | rows in an | in an SQL | an SQL table?","What SQL query | SQL query can | query can I | can I use | I use to | use to count | to count records | count records in | records in a | in a table | a table efficiently?"
957,"Can you explain | you explain how | explain how to | how to what | to what is | what is a | is a process | a process in | process in an | in an operating | an operating system?","Can you explain | you explain what | explain what a | what a process | a process means | process means in | means in an | in an operating | an operating system | operating system step | system step by | step by step?"
958,"What is a | is a subnet | a subnet mask?","How do I | do I count | I count rows | count rows in | rows in an | in an SQL | an SQL table?"
959,"How can I | can I detect | I detect duplicate | detect duplicate elements | duplicate elements in | elements in an | in an array?","How can I | can I load | I load an | load an external | an external CSS | external CSS file?"
960,"What is the | is the best | the best way | best way to | way to what | to what is | what is context | is context switching?","What happens during | happens during a | during a context | a context switch | context switch in | switch in an | in an operating | an operating system?"
961,"What is the | is the best | the best way | best way to | way to what | to what is | what is the | is the difference | the difference between | difference between tcp | between tcp and | tcp and udp?","How do TCP | do TCP and | TCP and UDP | and UDP differ | UDP differ in | differ in networking | in networking efficiently?"
962,"How do I | do I select | I select an | select an element | an element by | element by ID | by ID in | ID in JavaScript?","What is a | is a list | a list comprehension | list comprehension in | comprehension in Python?"
963,"What is a | is a simple | a simple way | simple way to | way to how | to how does | how does arp | does arp work?","Can you explain | you explain the | explain the working | the working of | working of the | of the Address | the Address Resolution | Address Resolution Protocol | Resolution Protocol using | Protocol using a | using a simple | a simple approach?"
964,"How does HTTP | does HTTP work?","What is the | is the difference | the difference between | difference between process | between process and | process and thread?"
965,"How can I | can I implement | I implement binary | implement binary search?","What is a | is a network | a network topology?"
966,"How can I | can I reverse | I reverse a | reverse a linked | a linked list | linked list using | list using a | using a simple | a simple approach?","What is the | is the procedure | the procedure to | procedure to reverse | to reverse a | reverse a linked | a linked list | linked list using | list using a | using a simple | a simple approach?"
967,"What is a | is a firewall?","How do I | do I iterate | I iterate through | iterate through a | through a HashMap | a HashMap in | HashMap in Java?"
968,"Can you explain | you explain how | explain how to | how to sort | to sort a | sort a list | a list in | list in python?","What is the | is the best | the best way | best way to | way to arrange | to arrange the | arrange the elements | the elements of | elements of a | of a Python | a Python list | Python list step | list step by | step by step?"
969,"How do I | do I create | I create a | create a dropdown | a dropdown menu | dropdown menu in | menu in HTML?","What HTML element | HTML element can | element can be | can be used | be used to | used to create | to create a | create a dropdown | a dropdown list?"
970,"What is a | is a semaphore | a semaphore in | semaphore in OS?","How do I | do I hide | I hide an | hide an element | an element using | element using CSS?"
971,"What is a | is a network | a network topology?","What does network | does network topology | network topology mean?"
972,"How can I | can I change | I change an | change an element's | an element's background | element's background color | background color with | color with CSS | with CSS using | CSS using a | using a simple | a simple approach?","What CSS property | CSS property changes | property changes the | changes the background | the background color | background color of | color of an | of an element | an element step | element step by | step by step?"
973,"What is a | is a system | a system call?","What is latency | is latency in | latency in networking?"
974,"How can I | can I reverse | I reverse a | reverse a list | a list in | list in Python | in Python efficiently?","What is the | is the easiest | the easiest way | easiest way to | way to reverse | to reverse a | reverse a list | a list using | list using Python?"
975,"How do I | do I create | I create a | create a dropdown | a dropdown menu | dropdown menu in | menu in HTML?","How do I | do I check | I check if | check if a | if a key | a key exists | key exists in | exists in a | in a Python | a Python dictionary?"
976,"How do I | do I create | I create a | create a thread | a thread in | thread in Java?","What is DNS?"
977,"How do I | do I hide | I hide an | hide an element | an element using | element using CSS?","What CSS can | CSS can I | can I use | I use to | use to make | to make an | make an element | an element invisible | element invisible efficiently?"
978,"How can I | can I merge | I merge two | merge two dictionaries | two dictionaries in | dictionaries in Python?","What is demand | is demand paging?"
979,"How can I | can I find | I find the | find the length | the length of | length of an | of an array | an array in | array in java?","How do I | do I get | I get the | get the number | the number of | number of elements | of elements in | elements in a | in a Java | a Java array | Java array in | array in a | in a program?"
980,"How can I | can I add | I add an | add an event | an event listener | event listener in | listener in JavaScript?","What is a | is a race | a race condition?"
981,"How do I | do I find | I find the | find the middle | the middle node | middle node of | node of a | of a linked | a linked list?","How can I | can I load | I load an | load an external | an external CSS | external CSS file?"
982,"How do I | do I remove | I remove an | remove an item | an item from | item from a | from a Python | a Python list?","What are the | are the ways | the ways to | ways to delete | to delete an | delete an element | an element from | element from a | from a Python | a Python list?"
983,"What is demand | is demand paging?","How can I | can I load | I load an | load an external | an external CSS | external CSS file?"
984,"What is DNS | is DNS efficiently?","What is the | is the purpose | the purpose of | purpose of the | of the Domain | the Domain Name | Domain Name System | Name System efficiently?"
985,"What is context | is context switching | context switching using | switching using a | using a simple | a simple approach?","What happens during | happens during a | during a context | a context switch | context switch in | switch in an | in an operating | an operating system | operating system using | system using a | using a simple | a simple approach?"
986,"What method can | method can I | can I use | I use to | use to check | to check whether | check whether a | whether a string | a string contains | string contains a | contains a word | a word in | word in java?","How do I | do I test | I test if | test if a | if a Java | a Java String | Java String contains | String contains a | contains a particular | a particular word?"
987,"How do I | do I center | I center a | center a div | a div using | div using CSS?","How do I | do I handle | I handle exceptions | handle exceptions in | exceptions in Python?"
988,"What is the | is the difference | the difference between | difference between HTML | between HTML and | HTML and CSS?","What is the | is the difference | the difference between | difference between == | between == and | == and equals | and equals in | equals in Java?"
989,"How can I | can I handle | I handle exceptions | handle exceptions in | exceptions in Java?","What is the | is the proper | the proper way | proper way to | way to handle | to handle exceptions | handle exceptions in | exceptions in Java?"
990,"What is a | is a critical | a critical section?","How can I | can I find | I find the | find the maximum | the maximum value | maximum value in | value in an | in an integer | an integer array?"
991,"What is dynamic | is dynamic programming | dynamic programming in | programming in algorithms?","How do I | do I select | I select an | select an element | an element by | element by ID | by ID in | ID in JavaScript?"
992,"What is a | is a race | a race condition?","Can you explain | you explain race | explain race conditions | race conditions in | conditions in operating | in operating systems?"
993,"What is paging | is paging in | paging in operating | in operating systems | operating systems in | systems in a | in a program?","Can you explain | you explain how | explain how paging | how paging works | paging works in | works in OS | in OS memory | OS memory management?"
994,"What is virtual | is virtual memory?","How can I | can I check | I check whether | check whether a | whether a string | a string contains | string contains a | contains a word | a word in | word in Java?"
995,"How can I | can I join | I join two | join two tables | two tables in | tables in SQL?","How can I | can I add | I add an | add an event | an event listener | event listener in | listener in JavaScript?"
996,"What is a | is a system | a system call | system call efficiently?","Can you explain | you explain what | explain what a | what a system | a system call | system call is | call is in | is in an | in an operating | an operating system | operating system using | system using a | using a simple | a simple approach?"
997,"How can I | can I join | I join two | join two tables | two tables in | tables in SQL?","How can I | can I find | I find the | find the length | the length of | length of an | of an array | an array in | array in Java?"
998,"What is an | is an index | an index in | index in a | in a database?","How can I | can I merge | I merge two | merge two dictionaries | two dictionaries in | dictionaries in Python?"
999,"How do I | do I find | I find the | find the length | the length of | length of a | of a list | a list in | list in Python?","How do I | do I convert | I convert an | convert an ArrayList | an ArrayList to | ArrayList to an | to an array?"
1000,"How can I | can I find | I find the | find the maximum | the maximum value | maximum value in | value in an | in an integer | an integer array?","How do I | do I find | I find the | find the largest | the largest number | largest number in | number in a | in a Python | a Python list?"
